<config>
  <set xpath="/entity_classes/entity_class[@name='DroppedLootContainer']/property[@name='TimeStayAfterDeath']/@value">900</set>
  <set xpath="/entity_classes/entity_class[starts-with(@name, 'EntityLootContainer')]/property[@name='TimeStayAfterDeath']/@value">900</set>
  
  <set xpath="/entity_classes/entity_class[starts-with(@name, 'zombieTemplate')]/property[@name='LootDropProb']/@value">0.14</set>
  <set xpath="/entity_classes/entity_class[contains(@name, 'Feral')]/property[@name='LootDropProb']/@value">0.15</set>
  <set xpath="/entity_classes/entity_class[contains(@name, 'Radiated')]/property[@name='LootDropProb']/@value">0.15</set>
  <set xpath="/entity_classes/entity_class[@name='zombieWightFeral']/property[@name='LootDropProb']/@value">0.16</set>
  <set xpath="/entity_classes/entity_class[@name='zombieWightRadiated']/property[@name='LootDropProb']/@value">0.16</set>
</config>
