<configs>
	<append xpath="/items">
		<item name="questitem_coin_bambi">
			<property name="Extends" value="casinoCoin"/>
			<property name="CustomIcon" value="casinoCoin"/>
			<property name="CustomIconTint" value="2eb200"/> 
			<property name="Stacknumber" value="1"/>
		</item>
		<item name="questitem_vetcoin_bambi">
			<property name="Extends" value="casinoCoin"/>
			<property name="CustomIcon" value="casinoCoin"/>
			<property name="CustomIconTint" value="7fa6ff"/> 
			<property name="Stacknumber" value="1"/>
		</item>
		<item name="questitem_elitecoin_bambi">
			<property name="Extends" value="casinoCoin"/>
			<property name="CustomIcon" value="casinoCoin"/>
			<property name="CustomIconTint" value="5f40c4"/> 
			<property name="Stacknumber" value="1"/>
		</item>
		
		<item name="questitem_toc_bambi_name"> 
			<property name="DescriptionKey" value="questitem_toc_bambi_desc"/>									
			<property name="CustomIcon" value="challengeQuestMaster"/>
			<property name="CustomIconTint" value="ddccbe"/>
			<property name="Extends" value="questMaster"/>
			<property name="Material" value="MresourcePaper"/>
			<property class="Action0">
				<property name="Class" value="Quest"/>
				<property name="QuestGiven" value="+Quest For Bambi's Killer Bow Start"/>
				<property name="Delay" value="0"/>
			</property>			
			<property name="Group" value="Special Items"/>			
		</item>	
		<item name="questwrit_toc_bambi_name">
			<property name="DescriptionKey" value="questwrit_toc_bambi_desc"/>									
			<property name="CustomIcon" value="questMaster"/>
			<property name="CustomIconTint" value="c0c0c0"/>
			<property name="Extends" value="resourcePaper"/>
			<property name="Material" value="MresourcePaper"/>
			<property name="Stacknumber" value="1"/>
			<property name="NoScrapping" value="true"/>
			<property name="Group" value="Special Items"/>
			<property name="SellableToTrader" value="false"/>	
			<property class="Action0">
				<property name="Class" value="Quest"/>
				<property name="QuestGiven" value="+Reward of Bambi's Killer Bow"/>
				<property name="Delay" value="0"/>
			</property>			
			<property name="Group" value="Special Items"/>	
		</item>			
				
		<item name="vetquestitem_toc_bambi_name"> 
			<property name="DescriptionKey" value="vetquestitem_toc_bambi_desc"/>									
			<property name="CustomIcon" value="challengeQuestMaster"/>
			<property name="CustomIconTint" value="ddccbe"/>
			<property name="Extends" value="questMaster"/>
			<property class="Action0">
				<property name="Class" value="Quest"/>
				<property name="QuestGiven" value="+Vet. Quest For Bambi's Killer Compound Bow Start"/>
				<property name="Delay" value="0"/>
			</property>			
			<property name="Group" value="Special Items"/>			
		</item>	
		<item name="vetquestwrit_toc_bambi_name">
			<property name="DescriptionKey" value="vetquestwrit_toc_bambi_desc"/>									
			<property name="CustomIcon" value="questMaster"/> 
			<property name="CustomIconTint" value="d4af37"/>
			<property name="Extends" value="resourcePaper"/>
			<property name="Material" value="MresourcePaper"/>
			<property name="Stacknumber" value="1"/>
			<property name="NoScrapping" value="true"/>
			<property name="SellableToTrader" value="false"/>
			<property name="Group" value="Special Items"/>
			<property class="Action0">
				<property name="Class" value="Quest"/>
				<property name="QuestGiven" value="+Veteran Reward of Bambi's Killer Compound Bow"/>
				<property name="Delay" value="0"/>
			</property>		
		</item>	
		
		<item name="item_toc_bambi_name"> <!-- T3 bows -->
			<property name="DescriptionKey" value="item_toc_bambi_desc"/>									
			<property name="Tags" value="weapon,ranged,bowDrawPenalty,archery,bow,attAgility,perkArchery,canHaveCosmetic"/>
			<property name="DisplayType" value="rangedBow"/>
			<property name="CustomIcon" value="gunBowT3CompoundBow"/>
			<property name="DegradationBreaksAfter" value="true"/>

			<property name="CustomIconTint" value="cc3300"/>
			<property name="HoldType" value="53"/>
			<property name="Meshfile" value="#Other/Items?Weapons/Ranged/Bows/CompoundBow/CompoundBowPrefab.prefab"/>
			<property name="Material" value="MBowCrossbowParts"/> <property name="Weight" value="6"/>
			<property name="RepairTools" value="resourceRepairKit"/>
			<property name="SoundJammed" value="ItemNeedsRepair"/>
			<property name="SoundDestroy" value="wooddestroy1"/>
			<property name="CrosshairOnAim" value="true"/> <!-- aimTest -->
			<property name="CrosshairUpAfterShot" value="false"/>
			<property name="EconomicBundleSize" value="1"/>
			<property name="EconomicValue" value="1800"/>
			<property name="Group" value="Ammo/Weapons"/>
			<property name="RepairExpMultiplier" value="5.5"/>
			<property name="PickupJournalEntry" value="alternateAmmoTip"/>
			<property name="ShowQuality" value="true"/>
			<property class="Action0">
				<property name="Class" value="Catapult"/>
				<property name="Hitmask_override" value="Arrow"/>
				<property name="Delay" value="1"/> <!-- obsolete if rounds per minute exists -->
				<property name="Magazine_items" value="ammoArrowStone,ammoArrowIron,ammoArrowSteelAP,ammoArrowFlaming,ammoArrowExploding"/>
				<property name="Sound_start" value="bow3_fire"/>
				<property name="Sound_repeat" value=""/>
				<property name="Sound_end" value=""/>
				<property name="Sound_empty" value="dryfire"/>
				<property name="Sound_reload" value="bow_unquiver"/>
				<property name="Sound_draw" value="bow3_draw"/>
				<property name="Sound_cancel" value="bow_fire_cancel"/>
				<property name="Particles_muzzle_fire" value="nozzleflashuzi"/>
				<property name="Particles_muzzle_smoke" value="nozzlesmokeuzi"/>
				<property name="Max_strain_time" value=".43"/>
				<requirement name="CVarCompare" cvar="_underwater" operation="LT" value=".98"/>
			</property>
			<property class="Action1">
				<property name="Class" value="Zoom"/>
				<property name="Zoom_max_out" value="40"/>
				<property name="Zoom_max_in" value="40"/>
			</property>
			<effect_group name="item_toc_bambi_name">
				<passive_effect name="ProjectileVelocity" operation="perc_add" value=".3" tags="perkArchery"/>
				<passive_effect name="DamageFalloffRange" operation="base_set" value="50" tags="perkArchery"/>
				<passive_effect name="DamageFalloffRange" operation="perc_add" value="-.1,.15" tags="perkArchery"/> <!-- random effective rng -->
				<passive_effect name="MaxRange" operation="base_set" value="120" tags="perkArchery"/>
				<passive_effect name="MagazineSize" operation="base_set" value="1" tags="perkArchery"/>
		
				<passive_effect name="EntityDamage" operation="perc_add" value="-.1,.2" tags="perkArchery"/> <!-- random EntityDmg -->
				<passive_effect name="EntityDamage" operation="perc_add" value=".2,.8" tier="2,6" tags="perkArchery"/> <!-- tier bonus -->
				<passive_effect name="BlockDamage" operation="perc_add" value="-.1,.1" tags="perkArchery"/> <!-- random BlockDmg -->
				<passive_effect name="BlockDamage" operation="perc_add" value=".2,.8" tier="2,6" tags="perkArchery"/> <!-- tier bonus -->
		
				<passive_effect name="DegradationMax" operation="perc_add" value="-.1,.1" tags="perkArchery"/> <!-- random DegMax -->
				<passive_effect name="WeaponHandling" operation="perc_add" value="-.05,.1" tags="perkArchery"/> <!-- random WeaponHandling -->
		
				<passive_effect name="SpreadDegreesVertical" operation="base_set" value="2.67" tags="perkArchery"/>
				<passive_effect name="SpreadDegreesHorizontal" operation="base_set" value="2.67" tags="perkArchery"/>
				<passive_effect name="SpreadMultiplierAiming" operation="base_set" value=".15" tags="perkArchery"/>
				<passive_effect name="SpreadMultiplierCrouching" operation="base_set" value=".8" tags="perkArchery"/>
				<passive_effect name="SpreadMultiplierWalking" operation="base_set" value="1.5" tags="perkArchery"/>
				<passive_effect name="SpreadMultiplierRunning" operation="base_set" value="2.2" tags="perkArchery"/>
		
				<passive_effect name="ReloadSpeedMultiplier" operation="base_set" value=".99" tags="perkArchery"/>
				<passive_effect name="IncrementalSpreadMultiplier" operation="base_set" value="2" tags="perkArchery"/>
				<passive_effect name="WeaponHandling" operation="base_set" value=".99" tags="perkArchery"/> <!-- crosshair reset speed -->
		
				<passive_effect name="RoundsPerMinute" operation="base_set" value="90" tags="perkArchery"/>
				<passive_effect name="BurstRoundCount" operation="base_set" value="1" tags="perkArchery"/>
		
				<passive_effect name="KickDegreesVerticalMin" operation="base_set" value="1" tags="perkArchery"/>
				<passive_effect name="KickDegreesVerticalMax" operation="base_set" value="1" tags="perkArchery"/>
		
				<passive_effect name="KickDegreesHorizontalMin" operation="base_set" value="-.05" tags="perkArchery"/>
				<passive_effect name="KickDegreesHorizontalMax" operation="base_set" value=".05" tags="perkArchery"/>
		
				<passive_effect name="DegradationMax" operation="base_set" value="600,900" tier="1,6" tags="perkArchery"/>
				<passive_effect name="DegradationPerUse" operation="base_set" value="1" tags="perkArchery"/>
				<passive_effect name="ModSlots" operation="base_set" value="2,2,3,3,4,5" tier="1,2,3,4,5,6"/>
				<passive_effect name="ModPowerBonus" operation="perc_add" value=".10" tags="EntityDamage,BlockDamage"/>
				<passive_effect name="ModPowerBonus" operation="base_add" value="400" tags="EconomicValue"/>
			</effect_group>
			<effect_group name="sneak damage bonus">
				<requirement name="CVarCompare" cvar="_crouching" operation="Equals" value="1"/>
				<requirement name="CVarCompare" cvar="_notAlerted" operation="GT" value="0" target="other"/>
					<passive_effect name="DamageBonus" operation="base_add" value="2.5"/>
					<passive_effect name="EntityDamage" operation="perc_add" value="2.5" tags="perkArchery"/>
					<display_value name="dEntityDamageSneak" value="2.5"/>
			</effect_group>
		</item>
		
		<item name="elitequestitem_toc_bambi_name"> 
			<property name="DescriptionKey" value="elitequestitem_toc_bambi_desc"/>									
			<property name="CustomIcon" value="challengeQuestMaster"/>
			<property name="CustomIconTint" value="ddccbe"/>
			<property name="Extends" value="questMaster"/>
			<property name="Material" value="MresourcePaper"/>
			<property class="Action0">
				<property name="Class" value="Quest"/>
				<property name="QuestGiven" value="+Forest Prince Bow Elite Quest Start"/>
				<property name="Delay" value="0"/>
			</property>			
			<property name="Group" value="Special Items"/>			
		</item>	
		
		<item name="elitequestwrit_toc_bambi_name">
			<property name="DescriptionKey" value="elitequestwrit_toc_bambi_desc"/>									
			<property name="CustomIcon" value="questMaster"/> 
			<property name="CustomIconTint" value="d4af37"/>
			<property name="Extends" value="resourcePaper"/>
			<property name="Material" value="MresourcePaper"/>
			<property name="Stacknumber" value="1"/>
			<property name="SellableToTrader" value="false"/>
			<property name="Group" value="Special Items"/>
			<property class="Action0">
				<property name="Class" value="Quest"/>
				<property name="QuestGiven" value="+Elite Reward of Forest Prince Compound Bow"/>
				<property name="Delay" value="0"/>
			</property>		
		</item>	
		
		<item name="eliteitem_toc_bambi_name"> <!-- T3 bows -->
			<property name="DescriptionKey" value="eliteitem_toc_bambi_desc"/>									
			<property name="Tags" value="weapon,ranged,bowDrawPenalty,archery,bow,attAgility,perkArchery,canHaveCosmetic,longShaft"/>
			<property name="DisplayType" value="rangedBow"/>
			<property name="CustomIcon" value="gunBowT3CompoundBow"/>
			<property name="DegradationBreaksAfter" value="true"/>
			<property name="CustomIconTint" value="cc3300"/>
			<property name="HoldType" value="53"/>
			<property name="Meshfile" value="#Other/Items?Weapons/Ranged/Bows/CompoundBow/CompoundBowPrefab.prefab"/>
			<property name="Material" value="MBowCrossbowParts"/> <property name="Weight" value="6"/>
			<property name="RepairTools" value="resourceRepairKit"/>
			<property name="SoundJammed" value="ItemNeedsRepair"/>
			<property name="SoundDestroy" value="wooddestroy1"/>
			<property name="CrosshairOnAim" value="true"/> <!-- aimTest -->
			<property name="CrosshairUpAfterShot" value="false"/>
			<property name="EconomicBundleSize" value="1"/>
			<property name="EconomicValue" value="1800"/>
			<property name="Group" value="Ammo/Weapons"/>
			<property name="RepairExpMultiplier" value="5.5"/>
			<property name="PickupJournalEntry" value="alternateAmmoTip"/>
			<property name="ShowQuality" value="true"/>
			<property class="Action0">
				<property name="Class" value="Catapult"/>
				<property name="Hitmask_override" value="Arrow"/>
				<property name="Delay" value="1"/> <!-- obsolete if rounds per minute exists -->
				<property name="Magazine_items" value="ammoArrowStone,ammoArrowIron,ammoArrowSteelAP,ammoArrowFlaming,ammoArrowExploding"/>
				<property name="Sound_start" value="bow3_fire"/>
				<property name="Sound_repeat" value=""/>
				<property name="Sound_end" value=""/>
				<property name="Sound_empty" value="dryfire"/>
				<property name="Sound_reload" value="bow_unquiver"/>
				<property name="Sound_draw" value="bow3_draw"/>
				<property name="Sound_cancel" value="bow_fire_cancel"/>
				<property name="Particles_muzzle_fire" value="nozzleflashuzi"/>
				<property name="Particles_muzzle_smoke" value="nozzlesmokeuzi"/>
				<property name="Max_strain_time" value=".43"/>
				<requirement name="CVarCompare" cvar="_underwater" operation="LT" value=".98"/>
			</property>
			<property class="Action1">
				<property name="Class" value="Zoom"/>
				<property name="Zoom_max_out" value="40"/>
				<property name="Zoom_max_in" value="40"/>
			</property>
			<effect_group name="eliteitem_toc_bambi_name">
				<passive_effect name="ProjectileVelocity" operation="perc_add" value=".35" tags="perkArchery"/>
				<passive_effect name="DamageFalloffRange" operation="base_set" value="65" tags="perkArchery"/>
				<passive_effect name="DamageFalloffRange" operation="perc_add" value="-.1,.15" tags="perkArchery"/> <!-- random effective rng -->
				<passive_effect name="MaxRange" operation="base_set" value="140" tags="perkArchery"/>
				<passive_effect name="MagazineSize" operation="base_set" value="1" tags="perkArchery"/>
				<passive_effect name="EntityDamage" operation="perc_add" value="-.1,.3" tags="perkArchery"/> <!-- random EntityDmg -->
				<passive_effect name="EntityDamage" operation="perc_add" value=".3,.99" tier="2,6" tags="perkArchery"/> <!-- tier bonus -->
				<passive_effect name="BlockDamage" operation="perc_add" value="-.1,.1" tags="perkArchery"/> <!-- random BlockDmg -->
				<passive_effect name="BlockDamage" operation="perc_add" value=".2,.8" tier="2,6" tags="perkArchery"/> <!-- tier bonus -->
				<passive_effect name="DegradationMax" operation="perc_add" value="-.1,.1" tags="perkArchery"/> <!-- random DegMax -->
				<passive_effect name="WeaponHandling" operation="perc_add" value="-.05,.1" tags="perkArchery"/> <!-- random WeaponHandling -->
				<passive_effect name="SpreadDegreesVertical" operation="base_set" value="2.67" tags="perkArchery"/>
				<passive_effect name="SpreadDegreesHorizontal" operation="base_set" value="2.67" tags="perkArchery"/>
				<passive_effect name="SpreadMultiplierAiming" operation="base_set" value=".15" tags="perkArchery"/>
				<passive_effect name="SpreadMultiplierCrouching" operation="base_set" value=".8" tags="perkArchery"/>
				<passive_effect name="SpreadMultiplierWalking" operation="base_set" value="1.5" tags="perkArchery"/>
				<passive_effect name="SpreadMultiplierRunning" operation="base_set" value="2.2" tags="perkArchery"/>
				<passive_effect name="ReloadSpeedMultiplier" operation="base_set" value=".99" tags="perkArchery"/>
				<passive_effect name="IncrementalSpreadMultiplier" operation="base_set" value="2" tags="perkArchery"/>
				<passive_effect name="WeaponHandling" operation="base_set" value=".99" tags="perkArchery"/> <!-- crosshair reset speed -->
				<passive_effect name="RoundsPerMinute" operation="base_set" value="90" tags="perkArchery"/>
				<passive_effect name="BurstRoundCount" operation="base_set" value="1" tags="perkArchery"/>
				<passive_effect name="KickDegreesVerticalMin" operation="base_set" value=".5" tags="perkArchery"/>
				<passive_effect name="KickDegreesVerticalMax" operation="base_set" value=".5" tags="perkArchery"/>
				<passive_effect name="KickDegreesHorizontalMin" operation="base_set" value="-.02" tags="perkArchery"/>
				<passive_effect name="KickDegreesHorizontalMax" operation="base_set" value=".02" tags="perkArchery"/>
				<passive_effect name="DegradationMax" operation="base_set" value="600,900" tier="1,6" tags="perkArchery"/>
				<passive_effect name="DegradationPerUse" operation="base_set" value="1" tags="perkArchery"/>
				<passive_effect name="ModSlots" operation="base_set" value="2,2,3,3,4,5" tier="1,2,3,4,5,6"/>
				<passive_effect name="ModPowerBonus" operation="perc_add" value=".15" tags="EntityDamage,BlockDamage"/>
				<passive_effect name="ModPowerBonus" operation="base_add" value="400" tags="EconomicValue"/>
			</effect_group>
			<effect_group name="sneak damage bonus">
				<requirement name="CVarCompare" cvar="_crouching" operation="Equals" value="1"/>
				<requirement name="CVarCompare" cvar="_notAlerted" operation="GT" value="0" target="other"/>
					<passive_effect name="DamageBonus" operation="base_add" value="3"/>
					<passive_effect name="EntityDamage" operation="perc_add" value="3" tags="perkArchery"/>
					<display_value name="dEntityDamageSneak" value="3"/>
			</effect_group>
		</item>
		
	</append>
</configs>