<!-- - - - - - - - - - - -
#########################
####### H7SB Seats ######
### 7 Days to Die Mod ###
#########################
####### Eihwaz © ########
##### NO REUPLAOD! ######
#### CC BY-NC-ND-SA #####
#########################
- - - - - - - - - - - -->
<eihwaz.de>
<append xpath="/entity_classes">
	<entity_class name="h7sb_chefsessel">
		<property name="Tags" value="vehicle,chefsessel,erholung_stuhl"/>
		<property name="Class" value="EntityVJeep"/>
		<property name="Parent" value="Cars"/>
		<property name="Prefab" value="#Entities/Vehicles?jeep_Prefab.prefab"/>
		<property name="SizeScale" value="0.2"/>
		<property name="ModelType" value="Standard"/>
		<property name="SurfaceCategory" value="cloth"/>
		<property name="IgnoreTrigger" value="true"/>
		<property name="LootListAlive" value="79"/>
		<property name="IsEnemyEntity" value="false"/>
		<property name="Explosion.ParticleIndex" value="0"/>
		<property name="Explosion.RadiusBlocks" value="0"/>
		<property name="Explosion.RadiusEntities" value="0"/>
		<property name="Explosion.BlockDamage" value="0"/>
		<property name="Explosion.EntityDamage" value="0"/>
		<property name="RotateToGround" value="true"/>
		<property name="Faction" value="none"/>
		<property name="Buffs" value="furnitureVisualDebug"/>
		<property name="MapIcon" value=""/>
	</entity_class>
</append>

<append xpath="/entity_classes">
	<entity_class name="h7sb_klappstuhl" extends="h7sb_chefsessel">
		<property name="Tags" value="vehicle,klappstuhl,erholung_stuhl"/>
	</entity_class>
</append>

<append xpath="/entity_classes">
	<entity_class name="h7sb_holzhocker" extends="h7sb_chefsessel">
		<property name="Tags" value="vehicle,holzhocker,erholung_stuhl"/>
		<property name="SurfaceCategory" value="wood"/>
	</entity_class>
</append>

<append xpath="/entity_classes">
	<entity_class name="h7sb_sessel" extends="h7sb_chefsessel">
		<property name="Tags" value="vehicle,sessel,erholung_stuhl"/>
	</entity_class>
</append>

<append xpath="/entity_classes">
	<entity_class name="h7sb_sessel1" extends="h7sb_chefsessel">
		<property name="Tags" value="vehicle,sessel1,erholung_stuhl"/>
	</entity_class>
</append>

<append xpath="/entity_classes">
	<entity_class name="h7sb_sessel2" extends="h7sb_chefsessel">
		<property name="Tags" value="vehicle,sessel2,erholung_stuhl"/>
	</entity_class>
</append>

<append xpath="/entity_classes">
	<entity_class name="h7sb_sessel3" extends="h7sb_chefsessel">
		<property name="Tags" value="vehicle,sessel3,erholung_stuhl"/>
	</entity_class>
</append>

<append xpath="/entity_classes">
	<entity_class name="h7sb_bank" extends="h7sb_chefsessel">
		<property name="Tags" value="vehicle,bank,erholung_stuhl"/>
		<property name="SurfaceCategory" value="wood"/>
	</entity_class>
</append>

<append xpath="/entity_classes">
	<entity_class name="h7sb_bank1" extends="h7sb_chefsessel">
		<property name="Tags" value="vehicle,bank1,erholung_stuhl"/>
		<property name="SurfaceCategory" value="wood"/>
	</entity_class>
</append>

<append xpath="/entity_classes">
	<entity_class name="h7sb_sofa" extends="h7sb_chefsessel">
		<property name="Tags" value="vehicle,sofa,erholung_stuhl"/>
	</entity_class>
</append>

<append xpath="/entity_classes">
	<entity_class name="h7sb_sofa1" extends="h7sb_chefsessel">
		<property name="Tags" value="vehicle,sofa1,erholung_stuhl"/>
	</entity_class>
</append>
</eihwaz.de>