<configs>
<!-- #################################### -->
<!-- START H7SB Seats by Eihwaz, Modified by Shouden Kalferas -->
<!-- Website: www.eihwaz.de -->
<!-- Download URL: https://github.com/XelaNull/7dtd-FixedModlets/ -->
<remove xpath="/archetypes/archetype[@name='BaseMale']/base_mesh_parts/part[@slot='back']"/>
<set xpath="/archetypes/archetype/base_mesh_parts/part[@mesh='unisex_gear_backpack01']/@mesh">unisex_base_back</set>
<!-- END H7SB Seats by Eihwaz, Modified by Shouden Kalferas -->


<!-- #################################### -->
<!-- START White River Tools of Citizenship - Amelia Earhart's Gyrocopter by Shouden Kalferas and Aeyvi Kalferas -->
<!-- Website: https://community.7daystodie.com/topic/12269-white-river-tools-of-citizenship-quests-a192/ -->
<!-- Download URL: https://github.com/XelaNull/7DTD-WhiteRiver_ToC.git -->
	<append xpath="/archetypes">
		<archetype name="ToCWendigo" male="false" hair_color="4,2,2" eye_color="34,17,7" skin_color="177,251,242" type="Zombie" stance="Like" voice_set="trader">
			<base_mesh_parts>
				<part slot="head" layer="base" mesh="female_base_face">
					<texture name="female_head_zombie" color="166,252,251,255"/>
				</part>
				<part slot="chest" layer="outer" mesh="unisex_ghillie_suit_shirt">
					<texture name="unisex_ghillie_suit" color="255,255,255,31"/>
					<texture name="female_legs_wound" color="255,255,255"/>
				</part>
				<part slot="head" layer="outer" mesh="female_hair_long">
					<texture name="female_shaggy_hair" color="255,255,255,222"/>
				</part>
				<part slot="legs" layer="outer" mesh="ghillie_suit_pants">
					<texture name="unisex_ghillie_suit" color="255,255,255,31"/>
					<texture name="female_torso_wound" color="255,255,255"/>
				</part>
				<part slot="eyes" layer="base" mesh="female_base_eyes">
					<texture name="unisex_eye_bloodshot" color="8,248,246,255"/>
				</part>
				<part slot="face" layer="outer" mesh="female_mouth_parts">
					<texture name="female_head_zombie" color="255,255,255"/>
				</part>
				<part slot="hands" layer="base" mesh="female_base_hands">
					<texture name="female_hands" color="skin"/>
				</part>
				<part slot="chest" layer="base" mesh="female_base_chest">
					<texture name="female_torso_nude" color="skin"/>
				</part>
				<part slot="legs" layer="base" mesh="female_base_legs">
					<texture name="female_legs_nude" color="skin"/>
					<texture name="female_legs_underwear" color="255,255,255"/>
				</part>
				<part slot="feet" layer="base" mesh="female_base_feet">
					<texture name="female_feet" color="skin"/>
				</part>
			</base_mesh_parts>
			<preview_mesh_parts></preview_mesh_parts>
			<expression blink="true" blink_duration="0.15" blink_min_delay="5" blink_max_delay="15" saccades="true">
				<gene name="neckUp_Down" value="0"/>
				<gene name="neckLeft_Right" value="0"/>
				<gene name="neckTiltLeft_Right" value="0"/>
				<gene name="headUp_Down" value="0"/>
				<gene name="headLeft_Right" value="0"/>
				<gene name="headTiltLeft_Right" value="0"/>
				<gene name="jawOpen_Close" value="0.75"/>
				<gene name="jawForward_Back" value="-3"/>
				<gene name="jawLeft_Right" value="3"/>
				<gene name="mouthLeft_Right" value="-1"/>
				<gene name="mouthUp_Down" value="0"/>
				<gene name="mouthNarrow_Pucker" value="0"/>
				<gene name="tongueOut" value="0"/>
				<gene name="tongueCurl" value="0"/>
				<gene name="tongueUp_Down" value="0"/>
				<gene name="tongueLeft_Right" value="0"/>
				<gene name="tongueWide_Narrow" value="1"/>
				<gene name="leftMouthSmile_Frown" value="-2"/>
				<gene name="rightMouthSmile_Frown" value="2"/>
				<gene name="leftLowerLipUp_Down" value="-1"/>
				<gene name="rightLowerLipUp_Down" value="0"/>
				<gene name="leftUpperLipUp_Down" value="0"/>
				<gene name="rightUpperLipUp_Down" value="1"/>
				<gene name="leftCheekPuff_Squint" value="0"/>
				<gene name="rightCheekPuff_Squint" value="0"/>
				<gene name="noseSneer" value="0"/>
				<gene name="leftEyeOpen_Close" value="0"/>
				<gene name="rightEyeOpen_Close" value="0"/>
				<gene name="leftEyeUp_Down" value="0"/>
				<gene name="rightEyeUp_Down" value="0"/>
				<gene name="leftEyeIn_Out" value="0"/>
				<gene name="rightEyeIn_Out" value="0"/>
				<gene name="browsIn" value="0"/>
				<gene name="leftBrowUp_Down" value="0"/>
				<gene name="rightBrowUp_Down" value="0"/>
				<gene name="midBrowUp_Down" value="0"/>
			</expression>
			<dna>
				<gene name="height" value="6"/>
				<gene name="headSize" value="1"/>
				<gene name="headWidth" value="0.4709302"/>
				<gene name="handsSize" value="1"/>
				<gene name="feetSize" value="0"/>
				<gene name="muscle" value="0"/>
				<gene name="weight" value="0"/>
				<gene name="gluteusSize" value="0"/>
				<gene name="earsSize" value="1"/>
				<gene name="earsPosition" value="1"/>
				<gene name="earsRotation" value="1"/>
				<gene name="noseSize" value="1"/>
				<gene name="noseCurve" value="1"/>
				<gene name="noseWidth" value="0"/>
				<gene name="noseInclination" value="0"/>
				<gene name="nosePosition" value="0.5"/>
				<gene name="nosePronounced" value="0.495"/>
				<gene name="noseFlatten" value="0.5"/>
				<gene name="chinSize" value="1"/>
				<gene name="chinPronounced" value="0"/>
				<gene name="chinPosition" value="0.23"/>
				<gene name="mandibleSize" value="1"/>
				<gene name="jawsSize" value="0"/>
				<gene name="jawsPosition" value="1"/>
				<gene name="cheekSize" value="0"/>
				<gene name="cheekPosition" value="0.44"/>
				<gene name="lowCheekPronounced" value="0"/>
				<gene name="lowCheekPosition" value="1"/>
				<gene name="foreheadSize" value="1"/>
				<gene name="foreheadPosition" value="0"/>
				<gene name="lipsSize" value="0"/>
				<gene name="mouthSize" value="1"/>
				<gene name="eyeRotation" value="0.445"/>
				<gene name="eyeSize" value="1"/>
				<gene name="breastSize" value="0"/>
			</dna>
		</archetype>
	</append>
<!-- END White River Tools of Citizenship - Amelia Earhart's Gyrocopter by Shouden Kalferas and Aeyvi Kalferas -->


<!-- #################################### -->
<!-- START White River Tools of Citizenship - Dwarven Forge by Shouden Kalferas, with code from Khaine's 3-Slot Forge -->
<!-- Website: https://community.7daystodie.com/topic/12269-white-river-tools-of-citizenship-quests-a192/ -->
<!-- Download URL: https://github.com/XelaNull/7DTD-WhiteRiver_ToC.git -->
	<append xpath="/archetypes">
		<archetype name="Jane" male="false" hair_color="0,0,0" eye_color="200,200,255" skin_color="255,255,255" type="Player" stance="Like" voice_set="trader_jen">
			<base_mesh_parts>
				<part slot="head" layer="base" mesh="female_base_face">
					<texture name="female_head_asian" color="skin"/>
					<texture name="female_head_lipstick" color="255,0,0"/>
					<texture name="female_head_wound" color="255,0,0"/>
					<texture name="female_eyeshadow" color="0,0,0"/>
					<texture name="female_eyeliner" color="0,0,0"/>
					<texture name="female_hair_overlay" color="hair"/>
					<texture name="female_eyebrow_round" color="83,58,58,255"/>
				</part>
				<part slot="head" layer="outer" mesh="female_hair_long">
					<texture name="female_shaggy_hair" color="hair"/>
				</part>
				<part slot="eyes" layer="inner" mesh="female_base_eyelashes">
					<texture name="female_eyelashes_thick" color="hair"/>
				</part>
				<part slot="head" layer="inner" mesh="female_shaggy_hair_hat">
					<texture name="female_shaggy_hair" color="hair"/>
				</part>
				<part slot="eyes" layer="base" mesh="female_base_eyes">
					<texture name="unisex_eye_shaded" color="eye"/>
				</part>
				<part slot="hands" layer="base" mesh="female_base_hands">
					<texture name="female_hands" color="skin"/>
					<texture name="female_torso_wound" color="255,1,1"/>
				</part>
				<part slot="hands" layer="inner" mesh="female_plant_fiber_gloves">
					<texture name="unisex_eye" color="255,255,255"/>
					<texture name="female_head_wound" color="255,0,0"/>
					<texture name="male_torso_wound" color="255,1,1"/>
					<texture name="female_torso_wound" color="255,1,1"/>
				</part>
				<part slot="chest" layer="base" mesh="female_base_chest">
					<texture name="female_torso_wound" color="255,1,1"/>
					<texture name="male_torso_wound" color="255,1,1"/>
					<texture name="female_torso" color="skin"/>
				</part>
				<part slot="chest" layer="outer" mesh="female_armor_heavy_bandit_chest">
					<texture name="unisex_bandit_armor" color="255,255,255"/>
					<texture name="female_torso_wound" color="255,1,1"/>
					<texture name="male_torso_wound" color="255,1,1"/>
				</part>
				<part slot="legs" layer="base" mesh="female_clothes_denim_pants">
					<texture name="female_pants_01" color="196,167,129"/>
				</part>
				<part slot="legs" layer="outer" mesh="female_armor_heavy_bandit_legarmor">
					<texture name="unisex_bandit_armor" color="255,255,255"/>
					<texture name="male_torso_wound" color="255,1,1"/>
					<texture name="female_torso_wound" color="255,1,1"/>
				</part>
				<part slot="feet" layer="base" mesh="female_base_feet">
					<texture name="female_feet" color="skin"/>
				</part>
				<part slot="feet" layer="outer" mesh="female_goth_boots">
					<texture name="unisex_goth_boots" color="150,75,0"/>
				</part>
			</base_mesh_parts>
			<preview_mesh_parts>
			</preview_mesh_parts>
			<expression blink="true" blink_duration="0.15" blink_min_delay="5" blink_max_delay="15" saccades="true">
				<gene name="neckUp_Down" value="5"/>
				<gene name="neckLeft_Right" value="0"/>
				<gene name="neckTiltLeft_Right" value="0"/>
				<gene name="headUp_Down" value="0"/>
				<gene name="headLeft_Right" value="0"/>
				<gene name="headTiltLeft_Right" value="0"/>
				<gene name="jawOpen_Close" value="0"/>
				<gene name="jawForward_Back" value="0"/>
				<gene name="jawLeft_Right" value="0"/>
				<gene name="mouthLeft_Right" value="0"/>
				<gene name="mouthUp_Down" value="0"/>
				<gene name="mouthNarrow_Pucker" value="0"/>
				<gene name="tongueOut" value="0"/>
				<gene name="tongueCurl" value="0"/>
				<gene name="tongueUp_Down" value="0"/>
				<gene name="tongueLeft_Right" value="0"/>
				<gene name="tongueWide_Narrow" value="0"/>
				<gene name="leftMouthSmile_Frown" value="0"/>
				<gene name="rightMouthSmile_Frown" value="0"/>
				<gene name="leftLowerLipUp_Down" value="0"/>
				<gene name="rightLowerLipUp_Down" value="0"/>
				<gene name="leftUpperLipUp_Down" value="0"/>
				<gene name="rightUpperLipUp_Down" value="0"/>
				<gene name="leftCheekPuff_Squint" value="0"/>
				<gene name="rightCheekPuff_Squint" value="0"/>
				<gene name="noseSneer" value="0"/>
				<gene name="leftEyeOpen_Close" value="0"/>
				<gene name="rightEyeOpen_Close" value="0"/>
				<gene name="leftEyeUp_Down" value="0"/>
				<gene name="rightEyeUp_Down" value="0"/>
				<gene name="leftEyeIn_Out" value="0"/>
				<gene name="rightEyeIn_Out" value="0"/>
				<gene name="browsIn" value="0"/>
				<gene name="leftBrowUp_Down" value="0"/>
				<gene name="rightBrowUp_Down" value="0"/>
				<gene name="midBrowUp_Down" value="0"/>
			</expression>
			<dna>
				<gene name="height" value="-1.2"/>
				<gene name="headSize" value="2.9"/>
				<gene name="headWidth" value="1.7"/>
				<gene name="handsSize" value="0.7"/>
				<gene name="feetSize" value="0.95"/>
				<gene name="muscle" value=".7"/>
				<gene name="weight" value=".7"/>
				<gene name="gluteusSize" value=".5"/>
				<gene name="earsSize" value="0.5"/>
				<gene name="earsPosition" value="0.5"/>
				<gene name="earsRotation" value="0.5"/>
				<gene name="noseSize" value="0.5"/>
				<gene name="noseCurve" value="0.5"/>
				<gene name="noseWidth" value="0.5"/>
				<gene name="noseInclination" value="0.5"/>
				<gene name="nosePosition" value="0.5"/>
				<gene name="nosePronounced" value="0.5"/>
				<gene name="noseFlatten" value="0.5"/>
				<gene name="chinSize" value="0.5"/>
				<gene name="chinPronounced" value="0.5"/>
				<gene name="chinPosition" value="0.5"/>
				<gene name="mandibleSize" value="0.72"/>
				<gene name="jawsSize" value="0.275"/>
				<gene name="jawsPosition" value="0.59"/>
				<gene name="cheekSize" value="0"/>
				<gene name="cheekPosition" value="0"/>
				<gene name="lowCheekPronounced" value="0"/>
				<gene name="lowCheekPosition" value="0"/>
				<gene name="foreheadSize" value="0"/>
				<gene name="foreheadPosition" value="0"/>
				<gene name="lipsSize" value="0.675"/>
				<gene name="mouthSize" value="0.555"/>
				<gene name="eyeRotation" value="0.5"/>
				<gene name="eyeSize" value="0.44"/>
				<gene name="breastSize" value="1.4"/>
			</dna>
		</archetype>
	</append>
<!-- END White River Tools of Citizenship - Dwarven Forge by Shouden Kalferas, with code from Khaine's 3-Slot Forge -->


<!-- #################################### -->
<!-- START White River Tools of Citizenship - Spirit of Vengeance by Shouden Kalferas, based on Snufkin's Vehicles and Zombies, with help from arramus and Slawa -->
<!-- Website: https://community.7daystodie.com/topic/12269-white-river-tools-of-citizenship-quests-a192/ -->
<!-- Download URL: https://github.com/XelaNull/7DTD-WhiteRiver_ToC.git -->
	<append xpath="/archetypes">
		<archetype name="SpiritJuggernaut" male="true" hair_color="10,10,10" eye_color="40,30,24" skin_color="64,48,45" type="Zombie" stance="Like" voice_set="trader">
			<base_mesh_parts>
				<part slot="head" layer="base" mesh="male_base_face">
					<texture name="male_head_zombie" color="skin"/>
				</part>
				<part slot="head" layer="outer" mesh="male_armor_heavy_bandit_gasmask">
					<texture name="unisex_bandit_armor" color="255,255,255"/>
					<texture name="male_torso_wound" color="75,2,2"/>
					<texture name="female_legs_wound" color="75,2,2"/>
					<texture name="male_head_wound" color="75,2,2"/>
				</part>
				<part slot="legs" layer="inner" mesh="clothes_army_pants">
					<texture name="clothes_army_pants" color="111,111,111"/>
					<texture name="male_torso_wound" color="51,2,2"/>
					<texture name="female_legs_wound" color="75,2,2"/>
					<texture name="male_head_wound" color="110,2,2"/>
					<texture name="female_torso_wound" color="75,2,2"/>
				</part>
				<part slot="chest" layer="inner" mesh="clothes_army_shirt">
					<texture name="clothes_army_shirt" color="111,111,111"/>
					<texture name="male_torso_wound" color="51,2,2"/>
					<texture name="female_legs_wound" color="75,2,2"/>
					<texture name="male_head_wound" color="110,2,2"/>
					<texture name="female_torso_wound" color="75,2,2"/>
				</part>
				<part slot="chest" layer="outer" mesh="male_armor_heavy_bandit_chest">
					<texture name="unisex_bandit_armor" color="255,255,255"/>
					<texture name="male_torso_wound" color="75,2,2"/>
					<texture name="female_legs_wound" color="75,2,2"/>
					<texture name="male_head_wound" color="75,2,2"/>
					<texture name="female_torso_wound" color="110,2,2"/>
				</part>
				<part slot="legs" layer="outer" mesh="armor_iron_pants">
					<texture name="armor_iron_pants" color="255,255,255"/>
					<texture name="male_torso_wound" color="51,2,2"/>
					<texture name="female_legs_wound" color="75,2,2"/>
					<texture name="male_head_wound" color="110,2,2"/>
					<texture name="female_torso_wound" color="75,2,2"/>
				</part>
				<part slot="feet" layer="outer" mesh="armor_iron_boots">
					<texture name="armor_iron_boots" color="255,255,255"/>
					<texture name="male_torso_wound" color="51,2,2"/>
					<texture name="female_legs_wound" color="75,2,2"/>
					<texture name="male_head_wound" color="110,2,2"/>
				</part>
				<part slot="hands" layer="inner" mesh="armor_iron_gloves">
					<texture name="armor_iron_gloves" color="255,255,255"/>
					<texture name="male_torso_wound" color="51,2,2"/>
					<texture name="female_legs_wound" color="75,2,2"/>
					<texture name="male_head_wound" color="110,2,2"/>
					<texture name="female_torso_wound" color="75,2,2"/>
				</part>
			</base_mesh_parts>
			<preview_mesh_parts></preview_mesh_parts>
			<expression blink="true" blink_duration="0.15" blink_min_delay="5" blink_max_delay="15" saccades="true">
				<gene name="neckUp_Down" value="0"/>
				<gene name="neckLeft_Right" value="0"/>
				<gene name="neckTiltLeft_Right" value="0"/>
				<gene name="headUp_Down" value="0"/>
				<gene name="headLeft_Right" value="0"/>
				<gene name="headTiltLeft_Right" value="0"/>
				<gene name="jawOpen_Close" value="0"/>
				<gene name="jawForward_Back" value="0"/>
				<gene name="jawLeft_Right" value="0"/>
				<gene name="mouthLeft_Right" value="0"/>
				<gene name="mouthUp_Down" value="0"/>
				<gene name="mouthNarrow_Pucker" value="0"/>
				<gene name="tongueOut" value="0"/>
				<gene name="tongueCurl" value="0"/>
				<gene name="tongueUp_Down" value="0"/>
				<gene name="tongueLeft_Right" value="0"/>
				<gene name="tongueWide_Narrow" value="0"/>
				<gene name="leftMouthSmile_Frown" value="0"/>
				<gene name="rightMouthSmile_Frown" value="0"/>
				<gene name="leftLowerLipUp_Down" value="0"/>
				<gene name="rightLowerLipUp_Down" value="0"/>
				<gene name="leftUpperLipUp_Down" value="0"/>
				<gene name="rightUpperLipUp_Down" value="0"/>
				<gene name="leftCheekPuff_Squint" value="0"/>
				<gene name="rightCheekPuff_Squint" value="0"/>
				<gene name="noseSneer" value="0"/>
				<gene name="leftEyeOpen_Close" value="0"/>
				<gene name="rightEyeOpen_Close" value="0"/>
				<gene name="leftEyeUp_Down" value="0"/>
				<gene name="rightEyeUp_Down" value="0"/>
				<gene name="leftEyeIn_Out" value="0"/>
				<gene name="rightEyeIn_Out" value="0"/>
				<gene name="browsIn" value="0"/>
				<gene name="leftBrowUp_Down" value="0"/>
				<gene name="rightBrowUp_Down" value="0"/>
				<gene name="midBrowUp_Down" value="0"/>
			</expression>
			<dna>
				<gene name="height" value="8"/>
				<gene name="headSize" value="1"/>
				<gene name="headWidth" value="0.79"/>
				<gene name="handsSize" value="0.82"/>
				<gene name="feetSize" value="0.99"/>
				<gene name="muscle" value="1"/>
				<gene name="weight" value="1"/>
				<gene name="gluteusSize" value="0"/>
				<gene name="earsSize" value="0.5"/>
				<gene name="earsPosition" value="0.5"/>
				<gene name="earsRotation" value="0.5"/>
				<gene name="noseSize" value="0.71"/>
				<gene name="noseCurve" value="0.71"/>
				<gene name="noseWidth" value="1"/>
				<gene name="noseInclination" value="0.35"/>
				<gene name="nosePosition" value="0.675"/>
				<gene name="nosePronounced" value="0.64"/>
				<gene name="noseFlatten" value="0.94"/>
				<gene name="chinSize" value="1"/>
				<gene name="chinPronounced" value="1"/>
				<gene name="chinPosition" value="1"/>
				<gene name="mandibleSize" value="0.87"/>
				<gene name="jawsSize" value="0"/>
				<gene name="jawsPosition" value="0"/>
				<gene name="cheekSize" value="1"/>
				<gene name="cheekPosition" value="0.995"/>
				<gene name="lowCheekPronounced" value="1"/>
				<gene name="lowCheekPosition" value="0.995"/>
				<gene name="foreheadSize" value="1"/>
				<gene name="foreheadPosition" value="0"/>
				<gene name="lipsSize" value="1"/>
				<gene name="mouthSize" value="1"/>
				<gene name="eyeRotation" value="0.985"/>
				<gene name="eyeSize" value="0.51"/>
				<gene name="breastSize" value="0.5"/>
			</dna>
		</archetype>
	</append>
<!-- END White River Tools of Citizenship - Spirit of Vengeance by Shouden Kalferas, based on Snufkin's Vehicles and Zombies, with help from arramus and Slawa -->


</configs>
