<configs>
<!-- #################################### -->
<!-- START Home_Depot by OrbitalBliss, Fixed by Shouden Kalferas -->
<!-- Website: https://github.com/OrbitalBliss/HOME_DEPOT_7D2D_MOD -->
<!-- Download URL: https://github.com/XelaNull/7dtd-FixedModlets/ -->
	<remove xpath="/paints/paint[@id='138']/property[@name='Hidden']"/>
	<append xpath="/paints">
		<paint id="200" value="txName_HomeBookcase">
			<property name="TextureId" value="67"/>
			<property name="Group" value="Home Depot"/>
			<property name="PaintCost" value="2" />
		</paint>
		<paint id="201" value="txName_HomeVent">
			<property name="TextureId" value="340"/>
			<property name="Group" value="Home Depot"/>
			<property name="PaintCost" value="2" />
		</paint>
		<paint id="202" value="txName_HomeWashingMachine">
			<property name="TextureId" value="554"/>
			<property name="Group" value="Home Depot"/>
			<property name="PaintCost" value="2" />
		</paint>
		<paint id="203" value="txName_HomeWetConcrete">
			<property name="TextureId" value="176"/>
			<property name="Group" value="Home Depot"/>
			<property name="PaintCost" value="2" />
		</paint>
		<paint id="250" value="txName_HomeLCB">
			<property name="TextureId" value="189"/>
			<property name="Group" value="Home Depot"/>
			<property name="PaintCost" value="2" />
			<property name="Hidden" value="true" />
		</paint>
	</append>
<!-- END Home_Depot by OrbitalBliss, Fixed by Shouden Kalferas -->


<!-- #################################### -->
<!-- START MorePaintTextures by Eric Beaudoin -->
<!-- Download URL: https://github.com/Laotseu/7dtdMods/ -->
<append xpath="/paints">
<paint id="255" name="new_metal_rivet">
	<property name="TextureId"  value="47"/>
	<property name="Group" value="atxGroupDecoration"/>
	<property name="PaintCost" value="1" />
</paint>
<paint id="254" name="new_concrete_reinforced_wet">
	<property name="TextureId"  value="176"/>
	<property name="Group" value="atxGroupDecoration"/>
	<property name="PaintCost" value="1" />
</paint>
<paint id="253" name="new_keystone">
	<property name="TextureId"  value="189"/>
	<property name="Group" value="atxGroupDecoration"/>
	<property name="PaintCost" value="1" />
</paint>
<paint id="252" name="new_glass_opaque_bulletproof">
	<property name="TextureId"  value="334"/>
	<property name="Group" value="atxGroupDecoration"/>
	<property name="PaintCost" value="1" />
</paint>
<paint id="251" name="new_heat_vent">
	<property name="TextureId"  value="340"/>
	<property name="Group" value="atxGroupDecoration"/>
	<property name="PaintCost" value="1" />
</paint>
<paint id="250" name="new_road_railing">
	<property name="TextureId"  value="442"/>
	<property name="Group" value="atxGroupDecoration"/>
	<property name="PaintCost" value="1" />
</paint>
<paint id="249" name="new_washing_machine">
	<property name="TextureId"  value="554"/>
	<property name="Group" value="atxGroupDecoration"/>
	<property name="PaintCost" value="1" />
</paint>
<paint id="248" name="new_stained_glass">
	<property name="TextureId"  value="596"/>
	<property name="Group" value="atxGroupDecoration"/>
	<property name="PaintCost" value="1" />
</paint>
<paint id="247" name="new_pipe_metal">
	<property name="TextureId"  value="597"/>
	<property name="Group" value="atxGroupDecoration"/>
	<property name="PaintCost" value="1" />
</paint>
<paint id="246" name="new_pipe_metal_cap">
	<property name="TextureId"  value="598"/>
	<property name="Group" value="atxGroupDecoration"/>
	<property name="PaintCost" value="1" />
</paint>
</append>
<!-- END MorePaintTextures by Eric Beaudoin -->


</configs>
