<configs>
<!-- #################################### -->
<!-- START JaxTeller718_IncreasedBiomeZombiesx2 by JaxTeller718 -->
<!-- Website: https://ravenhearst.enjin.com/ -->
<!-- Download URL: https://github.com/JaxTeller718/A19ModletsJax/ -->
	<remove xpath="/spawning/biome[@name='pine_forest']/spawn" />
	<append xpath="/spawning/biome[@name='pine_forest']">
		<spawn maxcount="3" respawndelay="3" time="Day" entitygroup="ZombiesAll" />
		<spawn maxcount="1" respawndelay="2" time="Day" entitygroup="ZombiesAll" />
		<spawn maxcount="1" respawndelay="2" time="Night" entitygroup="ZombiesNight" />
		<spawn maxcount="1" respawndelay="14" time="Night" entitygroup="EnemyAnimalsForest" spawnDeadChance="0" />
		<spawn maxcount="1" respawndelay="21" time="Any" entitygroup="FriendlyAnimalsForest" spawnDeadChance="0" />
	</append>
	<remove xpath="/spawning/biome[@name='desert']/spawn" />
	<append xpath="/spawning/biome[@name='desert']">
		<spawn maxcount="3" respawndelay="3" time="Any" entitygroup="ZombiesAll" />
		<spawn maxcount="1" respawndelay="2" time="Any" entitygroup="ZombiesAll" />
		<spawn maxcount="1" respawndelay="2" time="Night" entitygroup="ZombiesNight" />
		<spawn maxcount="1" respawndelay="14" time="Any" entitygroup="EnemyAnimalsDesert" spawnDeadChance="0" />
		<spawn maxcount="1" respawndelay="21" time="Any" entitygroup="FriendlyAnimalsDesert" spawnDeadChance="0" />
	</append>
	<remove xpath="/spawning/biome[@name='wasteland']/spawn" />
	<append xpath="/spawning/biome[@name='wasteland']">
		<spawn maxcount="3" respawndelay="1" time="Day"	entitygroup="ZombiesAll" />
		<spawn maxcount="2" respawndelay="2" time="Day"	entitygroup="ZombiesAll" />
		<spawn maxcount="4" respawndelay="1" time="Night" entitygroup="ZombiesWastelandNight" />
		<spawn maxcount="1" respawndelay="1" time="Any" entitygroup="EnemyAnimalsWasteland" spawnDeadChance="0" />
	</append>
	<remove xpath="/spawning/biome[@name='burnt_forest']/spawn" />
	<append xpath="/spawning/biome[@name='burnt_forest']">
		<spawn maxcount="2" respawndelay="3" time="Day" entitygroup="ZombiesBurntForest" />
		<spawn maxcount="1" respawndelay="2" time="Day" entitygroup="ZombiesBurntForest" />
		<spawn maxcount="1" respawndelay="2" time="Night" entitygroup="ZombiesNight" />
		<spawn maxcount="1" respawndelay="14" time="Night" entitygroup="EnemyAnimalsBurntForest" spawnDeadChance="0" />
		<spawn maxcount="1" respawndelay="21" time="Any" entitygroup="FriendlyAnimalsForest" spawnDeadChance="0" />
	</append>
	<remove xpath="/spawning/biome[@name='snow']/spawn" />
	<append xpath="/spawning/biome[@name='snow']">
		<spawn maxcount="2" respawndelay="3" time="Any" entitygroup="SnowZombies" />
		<spawn maxcount="1" respawndelay="2" time="Any" entitygroup="SnowZombies" />
		<spawn maxcount="1" respawndelay="2" time="Night" entitygroup="ZombiesNight" />
		<spawn maxcount="1" respawndelay="14" time="Any" entitygroup="EnemyAnimalsSnow" spawnDeadChance="0" />
		<spawn maxcount="1" respawndelay="21" time="Any" entitygroup="FriendlyAnimalsSnow" spawnDeadChance="0" />
	</append>
<!-- END JaxTeller718_IncreasedBiomeZombiesx2 by JaxTeller718 -->


<!-- #################################### -->
<!-- START MeanCloud's Increased Animals by Mean.Cloud, Doughphungus, Modified by Shouden Kalferas -->
<!-- Website: http://mean.cloud/ -->
<!-- Download URL: https://github.com/XelaNull/7dtd-FixedModlets/ -->
  <insertAfter xpath="/spawning/biome[@name='pine_forest']/spawn[@entitygroup='ZombiesAll']">
    <spawn maxcount="3" respawndelay="2" time="Any" entitygroup="FriendlyAnimalsAll" spawnDeadChance="0" />
  </insertAfter>
  <insertAfter xpath="/spawning/biome[@name='desert']/spawn[@entitygroup='ZombiesAll']">
    <spawn maxcount="2" respawndelay="2" time="Any" entitygroup="FriendlyAnimalsAll" spawnDeadChance="0" />
  </insertAfter>
  <insertAfter xpath="/spawning/biome[@name='burnt_forest']/spawn[@entitygroup='ZombiesBurntForest']">
    <spawn maxcount="1" respawndelay="3" time="Any" entitygroup="FriendlyAnimalsAll" spawnDeadChance="0" />
  </insertAfter>
  <insertAfter xpath="/spawning/biome[@name='wasteland']/spawn[@entitygroup='ZombiesWastelandNight']">
    <spawn maxcount="1" respawndelay="3" time="Any" entitygroup="FriendlyAnimalsAll" spawnDeadChance="0" />
  </insertAfter>
  <insertAfter xpath="/spawning/biome[@name='snow']/spawn[@entitygroup='SnowZombies']">
    <spawn maxcount="2" respawndelay="3" time="Any" entitygroup="FriendlyAnimalsAll" spawnDeadChance="0" />
  </insertAfter>
  <set xpath="/spawning/biome[@name='pine_forest']/spawn[@entitygroup='EnemyAnimalsForest']/@maxcount">1</set>
  <set xpath="/spawning/biome[@name='desert']/spawn[@entitygroup='EnemyAnimalsDesert']/@maxcount">1</set>
  <set xpath="/spawning/biome[@name='burnt_forest']/spawn[@entitygroup='EnemyAnimalsBurntForest']/@maxcount">1</set>
  <set xpath="/spawning/biome[@name='wasteland']/spawn[@entitygroup='EnemyAnimalsWasteland']/@maxcount">1</set>
  <set xpath="/spawning/biome[@name='snow']/spawn[@entitygroup='EnemyAnimalsSnow']/@maxcount">1</set>
  <set xpath="/spawning/biome[@name='pine_forest']/spawn[@entitygroup='EnemyAnimalsForest']/@respawndelay">5</set>
  <set xpath="/spawning/biome[@name='desert']/spawn[@entitygroup='EnemyAnimalsDesert']/@respawndelay">5</set>
  <set xpath="/spawning/biome[@name='burnt_forest']/spawn[@entitygroup='EnemyAnimalsBurntForest']/@respawndelay">5</set>
  <set xpath="/spawning/biome[@name='wasteland']/spawn[@entitygroup='EnemyAnimalsWasteland']/@respawndelay">5</set>
  <set xpath="/spawning/biome[@name='snow']/spawn[@entitygroup='EnemyAnimalsSnow']/@respawndelay">5</set>
<!-- END MeanCloud's Increased Animals by Mean.Cloud, Doughphungus, Modified by Shouden Kalferas -->


</configs>
