<configs>
<!-- #################################### -->
<!-- START Better Goggles by GneX, Modified by Shouden Kalferas -->
<!-- Website: https://github.com/XelaNull/7dtd-FixedModlets.git -->
<!-- Download URL: https://github.com/XelaNull/7dtd-FixedModlets/ -->
<append xpath="/ui_display_info/item_display/item_display_info[@display_type='clothingSkiGoggles']">
			<display_entry name="LootGamestage" title_key="statLootGamestage" display_leading_plus="true"/>
			<display_entry name="dPlayerExpGain" title_key="statShowPlayerExpGain" display_type="Percent" display_leading_plus="true"/>
</append>
<append xpath="/ui_display_info/item_display/item_display_info[@display_type='clothingShades']">
			<display_entry name="LootGamestage" title_key="statLootGamestage" display_leading_plus="true"/>
			<display_entry name="dPlayerExpGain" title_key="statShowPlayerExpGain" display_type="Percent" display_leading_plus="true"/>
</append>
<append xpath="/ui_display_info/item_display/item_display_info[@display_type='clothingAviatorGoggles']">
			<display_entry name="AttributeLevel" tags="attFortitude" title_key="statShowFortitude" display_leading_plus="true"/>
			<display_entry name="dPlayerExpGain" title_key="statShowPlayerExpGain" display_type="Percent" display_leading_plus="true"/>
</append>
<!-- END Better Goggles by GneX, Modified by Shouden Kalferas -->


<!-- #################################### -->
<!-- START Dr. Prepper by stample, stamplesmods@gmail.com, Modified by Shouden Kalferas -->
<!-- Download URL: https://github.com/XelaNull/7dtd-FixedModlets/ -->
<append xpath="/ui_display_info/item_display">
		<item_display_info display_type="DrPrepper" display_group="groupConsumables">
			<display_entry name="$waterAmountAdd" title_key="statWaterAmount"/>
			<display_entry name="dStaminaRegen" title_key="statStaminaRegen" display_type="Percent"/>
			<display_entry name="dRunSpeed" title_key="statRunSpeed" display_type="Percent" display_leading_plus="true"/>
			<display_entry name="dCarryCapacity" title_key="statCarryCapacity" display_leading_plus="true"/>
			<display_entry name="dDuration" title_key="statDuration" display_type="Time"/>
		</item_display_info>
</append>
<!-- END Dr. Prepper by stample, stamplesmods@gmail.com, Modified by Shouden Kalferas -->


<!-- #################################### -->
<!-- START Frobscottle by stample, stamplesmods@gmail.com -->
<!-- Download URL: https://github.com/stamplesmods/7d2dmodlets/ -->
<append xpath="/ui_display_info/item_display">
		<item_display_info display_type="Frobscottle" display_group="groupConsumables">
			<display_entry name="$waterAmountAdd" title_key="statWaterAmount"/>
			<display_entry name="Jump Stamina Loss" title_key="Jump Stamina Loss" display_type="Percent"/>
			<display_entry name="Jump Height" title_key="statJumpStrength" display_leading_plus="true"/>
			<display_entry name="dDuration" title_key="statDuration" display_type="Time"/>
		</item_display_info>
</append>
<!-- END Frobscottle by stample, stamplesmods@gmail.com -->


<!-- #################################### -->
<!-- START NakedGator by stample -->
<!-- Download URL: https://github.com/stamplesmods/7d2dmodlets/ -->
<append xpath="/ui_display_info/item_display">
		<item_display_info display_type="NakedGator" display_group="groupConsumables">
			<display_entry name="$waterAmountAdd" title_key="statWaterAmount"/>
			<display_entry name="dEfficientDigestion" title_key="statEfficientDigestion" display_type="Percent" display_leading_plus="true"/>
			<display_entry name="dRunSpeed" title_key="statRunSpeed" display_type="Percent" display_leading_plus="true"/>
			<display_entry name="dBuffString" title_key="Cause Bleeding (Melee)" display_type="Percent"/>
			<display_entry name="dDuration" title_key="statDuration" display_type="Time"/>
		</item_display_info>
</append>
<!-- END NakedGator by stample -->


<!-- #################################### -->
<!-- START White River Tools of Citizenship - Remington's Steel Ammo by Shouden Kalferas, Based on Khaine's Steel Ammo -->
<!-- Website: https://community.7daystodie.com/topic/12269-white-river-tools-of-citizenship-quests-a192/ -->
<!-- Download URL: https://github.com/XelaNull/7DTD-WhiteRiver_ToC.git -->
	<append xpath="/ui_display_info/item_display">
		<item_display_info display_type="ammoBulletSteel" display_group="groupAmmo">
			<display_entry name="EntityDamage" title_key="statEntityDamageRanged"/>
			<display_entry name="BlockDamage" title_key="statBlockDamage"/>
			<display_entry name="DegradationPerUse" title_key="statDegradationPerUse" display_type="Percent" negative_preferred="true"/>
		</item_display_info>
	</append>
<!-- END White River Tools of Citizenship - Remington's Steel Ammo by Shouden Kalferas, Based on Khaine's Steel Ammo -->


</configs>
