<configs>
	<append xpath="/items">	
				
		<!-- ELITE QUEST -->		
		<item name="elitequestitem_toc_remington_name"> 
			<property name="DescriptionKey" value="elitequestitem_toc_remington_description"/>						
			<property name="CustomIcon" value="challengeQuestMaster"/>
			<property name="CustomIconTint" value="ddccbe"/>
			<property name="Extends" value="questMaster"/>
			<property class="Action0">
				<property name="Class" value="Quest"/>
				<property name="QuestGiven" value="+Elite Quest For Remington's Steel Ammo"/>
				<property name="Delay" value="0"/>
			</property>			
			<property name="Group" value="Special Items"/>			
		</item>	
		<item name="elitequestwrit_toc_remington_name">
			<property name="DescriptionKey" value="elitequestwrit_toc_remington_description"/>						
			<property name="CustomIcon" value="questMaster"/> 
			<property name="CustomIconTint" value="d4af37"/>
			<property name="Extends" value="resourcePaper"/>
			<property name="Material" value="MresourcePaper"/>
			<property name="Stacknumber" value="1"/>
			<property name="NoScrapping" value="true"/>
			<property name="SellableToTrader" value="false"/>
			<property name="Group" value="Special Items"/>
			<property class="Action0">
				<property name="Class" value="Quest"/>
				<property name="QuestGiven" value="+Elite Reward of Remington's Steel Ammo"/>
				<property name="Delay" value="0"/>
			</property>		
		</item>	
	
	
		<item name="eliteitemreward_toc_remington_schem_name">
			<property name="DescriptionKey" value="eliteitemreward_toc_remington_description"/>						
			<property name="Extends" value="schematicMaster"/>
			<property name="CreativeMode" value="Player"/>
			<property name="CustomIcon" value="resourceBulletCasing"/>
			<property name="CustomIconTint" value="5C5CFF"/> 
			<property name="Unlocks" value="resourceBulletCasingSteelRemington"/>
			<property name="Unlocks" value="ammo9mmBulletSteelRemington"/>
			<property name="Unlocks" value="ammo44MagnumBulletSteelRemington"/>
			<property name="Unlocks" value="ammo762mmBulletFMJSteelRemington"/>
			<property name="Unlocks" value="remingtonTurret"/>
			<effect_group tiered="false">
				<triggered_effect trigger="onSelfPrimaryActionEnd" action="ModifyCVar" cvar="resourceBulletCasingSteelRemington" operation="set" value="1"/>
				<triggered_effect trigger="onSelfPrimaryActionEnd" action="ModifyCVar" cvar="ammo9mmBulletSteelRemington" operation="set" value="1"/>
				<triggered_effect trigger="onSelfPrimaryActionEnd" action="ModifyCVar" cvar="ammoBundle9mmBulletSteelRemington" operation="set" value="1"/>
				<triggered_effect trigger="onSelfPrimaryActionEnd" action="ModifyCVar" cvar="ammo44MagnumBulletSteelRemington" operation="set" value="1"/>
				<triggered_effect trigger="onSelfPrimaryActionEnd" action="ModifyCVar" cvar="ammo762mmBulletFMJSteelRemington" operation="set" value="1"/>				
				<triggered_effect trigger="onSelfPrimaryActionEnd" action="ModifyCVar" cvar="remingtonTurret" operation="set" value="1"/>				
				<triggered_effect trigger="onSelfPrimaryActionEnd" action="GiveExp" exp="500"/>
			</effect_group>
		</item>
		<!-- BACKWARDS COMPATIBILITY until Jan 2021 -->
		<item name="Remington's Steel 9mm Bullet Schematic">
			<property name="Extends" value="eliteitemreward_toc_remington_schem_name"/>
		</item>
		<item name="Remington's Steel 44Magnum Bullet Schematic">
			<property name="Extends" value="eliteitemreward_toc_remington_schem_name"/>
		</item>
		<item name="Remington's Steel 762mm Bullet Schematic">
			<property name="Extends" value="eliteitemreward_toc_remington_schem_name"/>
		</item>
		
		<item name="resourceBulletCasingSteel">
			<property name="Extends" value="resourceBulletCasing"/>
			<property name="CustomIcon" value="resourceBulletCasing"/>
			<property name="CustomIconTint" value="a0a0ff"/>
			<property name="DescriptionKey" value="resourceBulletCasingSteelDesc"/>
			<property name="Material" value="MresourceScrapIron"/>
			<property name="Stacknumber" value="500"/> <!-- STK resource -->
			<property name="EconomicValue" value="10"/>
			<property name="EconomicBundleSize" value="10"/>
			<property name="Group" value="Resources,Ammo/Weapons"/>
			<property name="CraftingSkillGroup" value="craftSkillGuns"/>
			<property name="UnlockedBy" value="eliteitemreward_toc_remington_schem_name"/>
		</item>
		
		<item name="ammo9mmBulletSteel">
			<property name="Extends" value="ammo9mmBulletBall"/>
			<property name="CustomIcon" value="ammo9mmBulletBall"/>
			<property name="CustomIconTint" value="a0a0ff"/>
			<property name="DisplayType" value="ammoBulletSteel"/>
			<property name="Material" value="Msteel"/>
			<property name="EconomicValue" value="8"/>
			<property name="DescriptionKey" value="ammoSteelCasedGroupDesc"/>
			<property name="UnlockedBy" value="eliteitemreward_toc_remington_schem_name"/>
			<effect_group name="Base Effects" tiered="false">			
				<passive_effect name="EntityDamage" operation="base_set" value="39"/>
				<passive_effect name="BlockDamage" operation="base_set" value="9.5"/>
				<passive_effect name="TargetArmor" operation="perc_add" value="-.2"/>
				<display_value name="dTargetArmor" value="-.2"/>
				<passive_effect name="EntityPenetrationCount" operation="base_set" value="1"/>
				<display_value name="dTargetPenetration" value="1"/>
				<passive_effect name="DegradationPerUse" operation="perc_add" value="1.2" tags="perkGunslinger,9mmGun"/>
				<display_value name="dDegradationPerUse" value="1.2"/>
				<passive_effect name="DamageModifier" operation="perc_add" value="-.8" tags="earth"/>
				<passive_effect name="DamageModifier" operation="perc_add" value="2" tags="wood"/>
			</effect_group>
		</item>
		
		<item name="ammoBundle9mmBulletSteelRemington">
			<property name="Extends" value="ammoBundleMaster"/>
			<property name="CustomIcon" value="ammo9mmBulletBall"/>
			<property name="Stacknumber" value="10"/> <!-- STK ammobundle high -->
			<property name="EconomicValue" value="900"/>
			<property name="DescriptionKey" value="ammoSteelCasedGroupDesc"/>
			<property name="UnlockedBy" value="eliteitemreward_toc_remington_schem_name"/>
			<property class="Action0">
				<property name="Create_item" value="ammo9mmBulletSteelRemington"/>
			</property>
		</item>

		<item name="ammo44MagnumBulletSteel">
			<property name="Extends" value="ammo44MagnumBulletBall"/>
			<property name="CustomIcon" value="ammo44MagnumBulletBall"/>
			<property name="CustomIconTint" value="a0a0ff"/>
			<property name="DisplayType" value="ammoBulletSteel"/>
			<property name="Material" value="Msteel"/>
			<property name="EconomicValue" value="9"/>
			<property name="DescriptionKey" value="ammoSteelCasedGroupDesc"/>
			<property name="UnlockedBy" value="eliteitemreward_toc_remington_schem_name"/>
			<effect_group name="Base Effects" tiered="false">			
				<passive_effect name="EntityDamage" operation="base_set" value="86"/>
				<passive_effect name="BlockDamage" operation="base_set" value="12"/>
				<passive_effect name="TargetArmor" operation="perc_add" value="-.2"/>
				<display_value name="dTargetArmor" value="-.2"/>
				<passive_effect name="EntityPenetrationCount" operation="base_set" value="1"/>
				<display_value name="dTargetPenetration" value="1"/>
				<passive_effect name="DegradationPerUse" operation="perc_add" value="1.2" tags="perkGunslinger"/>
				<display_value name="dDegradationPerUse" value="1.2"/>
			</effect_group>
		</item>

		<item name="ammo762mmBulletFMJSteel">
			<property name="Extends" value="ammo762mmBulletBall"/>
			<property name="CustomIcon" value="ammo762mmBulletBall"/>
			<property name="CustomIconTint" value="a0a0ff"/>
			<property name="DisplayType" value="ammoBulletSteel"/>
			<property name="Material" value="Msteel"/>
			<property name="EconomicValue" value="10"/>
			<property name="DescriptionKey" value="ammoSteelCasedGroupDesc"/>
			<property name="UnlockedBy" value="eliteitemreward_toc_remington_schem_name"/>
			<effect_group name="Base Effects" tiered="false">
				<passive_effect name="EntityDamage" operation="base_set" value="60"/>
				<passive_effect name="BlockDamage" operation="base_set" value="10"/>
				<passive_effect name="TargetArmor" operation="perc_add" value="-.2"/>
				<display_value name="dTargetArmor" value="-.2"/>
				<passive_effect name="EntityPenetrationCount" operation="base_set" value="1"/>
				<display_value name="dTargetPenetration" value="1"/>
				<passive_effect name="DegradationPerUse" operation="perc_add" value="1.2" tags="perkDeadEye,perkMachineGunner"/>
				<display_value name="dDegradationPerUse" value="1.2"/>
				<passive_effect name="DamageModifier" operation="perc_add" value="-.8" tags="earth"/>
				<passive_effect name="DamageModifier" operation="perc_add" value="2" tags="wood"/>
			</effect_group>
		</item>		
		<!-- BACKWARDS COMPATIBILITY -->
		
		
		<item name="resourceBulletCasingSteelRemington">
			<property name="Extends" value="resourceBulletCasing"/>
			<property name="CustomIcon" value="resourceBulletCasing"/>
			<property name="CustomIconTint" value="a0a0ff"/>
			<property name="DescriptionKey" value="resourceBulletCasingSteelDesc"/>
			<property name="Material" value="MresourceScrapIron"/>
			<property name="Stacknumber" value="500"/> <!-- STK resource -->
			<property name="EconomicValue" value="10"/>
			<property name="EconomicBundleSize" value="10"/>
			<property name="Group" value="Resources,Ammo/Weapons"/>
			<property name="CraftingSkillGroup" value="craftSkillGuns"/>
			<property name="UnlockedBy" value="eliteitemreward_toc_remington_schem_name"/>
		</item>
		
		<item name="ammo9mmBulletSteelRemington">
			<property name="Extends" value="ammo9mmBulletBall"/>
			<property name="CustomIcon" value="ammo9mmBulletBall"/>
			<property name="CustomIconTint" value="a0a0ff"/>
			<property name="DisplayType" value="ammoBulletSteel"/>
			<property name="Material" value="Msteel"/>
			<property name="EconomicValue" value="8"/>
			<property name="DescriptionKey" value="ammoSteelCasedGroupDesc"/>
			<property name="UnlockedBy" value="eliteitemreward_toc_remington_schem_name"/>
			<effect_group name="Base Effects" tiered="false">			
				<passive_effect name="EntityDamage" operation="base_set" value="39"/>
				<passive_effect name="BlockDamage" operation="base_set" value="9.5"/>
				<passive_effect name="TargetArmor" operation="perc_add" value="-.2"/>
				<display_value name="dTargetArmor" value="-.2"/>
				<passive_effect name="EntityPenetrationCount" operation="base_set" value="1"/>
				<display_value name="dTargetPenetration" value="1"/>
				<passive_effect name="DegradationPerUse" operation="perc_add" value="1.2" tags="perkGunslinger,9mmGun"/>
				<display_value name="dDegradationPerUse" value="1.2"/>
				<passive_effect name="DamageModifier" operation="perc_add" value="-.8" tags="earth"/>
				<passive_effect name="DamageModifier" operation="perc_add" value="2" tags="wood"/>
			</effect_group>
		</item>

		<item name="ammo44MagnumBulletSteelRemington">
			<property name="Extends" value="ammo44MagnumBulletBall"/>
			<property name="CustomIcon" value="ammo44MagnumBulletBall"/>
			<property name="CustomIconTint" value="a0a0ff"/>
			<property name="DisplayType" value="ammoBulletSteel"/>
			<property name="Material" value="Msteel"/>
			<property name="EconomicValue" value="9"/>
			<property name="DescriptionKey" value="ammoSteelCasedGroupDesc"/>
			<property name="UnlockedBy" value="eliteitemreward_toc_remington_schem_name"/>
			<effect_group name="Base Effects" tiered="false">			
				<passive_effect name="EntityDamage" operation="base_set" value="86"/>
				<passive_effect name="BlockDamage" operation="base_set" value="12"/>
				<passive_effect name="TargetArmor" operation="perc_add" value="-.2"/>
				<display_value name="dTargetArmor" value="-.2"/>
				<passive_effect name="EntityPenetrationCount" operation="base_set" value="1"/>
				<display_value name="dTargetPenetration" value="1"/>
				<passive_effect name="DegradationPerUse" operation="perc_add" value="1.2" tags="perkGunslinger"/>
				<display_value name="dDegradationPerUse" value="1.2"/>
			</effect_group>
		</item>

		<item name="ammo762mmBulletFMJSteelRemington">
			<property name="Extends" value="ammo762mmBulletBall"/>
			<property name="CustomIcon" value="ammo762mmBulletBall"/>
			<property name="CustomIconTint" value="a0a0ff"/>
			<property name="DisplayType" value="ammoBulletSteel"/>
			<property name="Material" value="Msteel"/>
			<property name="EconomicValue" value="10"/>
			<property name="DescriptionKey" value="ammoSteelCasedGroupDesc"/>
			<property name="UnlockedBy" value="eliteitemreward_toc_remington_schem_name"/>
			<effect_group name="Base Effects" tiered="false">
				<passive_effect name="EntityDamage" operation="base_set" value="60"/>
				<passive_effect name="BlockDamage" operation="base_set" value="10"/>
				<passive_effect name="TargetArmor" operation="perc_add" value="-.2"/>
				<display_value name="dTargetArmor" value="-.2"/>
				<passive_effect name="EntityPenetrationCount" operation="base_set" value="1"/>
				<display_value name="dTargetPenetration" value="1"/>
				<passive_effect name="DegradationPerUse" operation="perc_add" value="1.2" tags="perkDeadEye,perkMachineGunner"/>
				<display_value name="dDegradationPerUse" value="1.2"/>
				<passive_effect name="DamageModifier" operation="perc_add" value="-.8" tags="earth"/>
				<passive_effect name="DamageModifier" operation="perc_add" value="2" tags="wood"/>
			</effect_group>
		</item>
	</append>

	<append xpath="/items/item[@name='questitem_toc_leondegsmg_name']/property[@class='Action0']/property[@name='Magazine_items']/@value">,ammo9mmBulletSteelRemington</append>
	<append xpath="/items/item[@name='questitem_toc_leonsmg_name']/property[@class='Action0']/property[@name='Magazine_items']/@value">,ammo9mmBulletSteelRemington</append>
	<append xpath="/items/item[@name='questitem_toc_pav_rifle_name']/property[@class='Action0']/property[@name='Magazine_items']/@value">,ammo762mmBulletFMJSteelRemington</append>

	<append xpath="/items/item[@name='gunHandgunT1Pistol']/property[@class='Action0']/property[@name='Magazine_items']/@value">,ammo9mmBulletSteelRemington</append>
	<append xpath="/items/item[@name='gunHandgunT2Magnum44']/property[@class='Action0']/property[@name='Magazine_items']/@value">,ammo44MagnumBulletSteelRemington</append>
	<append xpath="/items/item[@name='gunHandgunT3DesertVulture']/property[@class='Action0']/property[@name='Magazine_items']/@value">,ammo44MagnumBulletSteelRemington</append>
	<append xpath="/items/item[@name='gunHandgunT3SMG5']/property[@class='Action0']/property[@name='Magazine_items']/@value">,ammo9mmBulletSteelRemington</append>
	<append xpath="/items/item[@name='gunRifleT1HuntingRifle']/property[@class='Action0']/property[@name='Magazine_items']/@value">,ammo762mmBulletFMJSteelRemington</append>
	<append xpath="/items/item[@name='gunRifleT2MarksmanRifle']/property[@class='Action0']/property[@name='Magazine_items']/@value">,ammo762mmBulletFMJSteelRemington</append>
	<append xpath="/items/item[@name='gunRifleT3SniperRifle']/property[@class='Action0']/property[@name='Magazine_items']/@value">,ammo762mmBulletFMJSteelRemington</append>
	<append xpath="/items/item[@name='gunMGT1AK47']/property[@class='Action0']/property[@name='Magazine_items']/@value">,ammo762mmBulletFMJSteelRemington</append>
	<append xpath="/items/item[@name='gunMGT2TacticalAR']/property[@class='Action0']/property[@name='Magazine_items']/@value">,ammo762mmBulletFMJSteelRemington</append>	
	<append xpath="/items/item[@name='gunMGT3M60']/property[@class='Action0']/property[@name='Magazine_items']/@value">,ammo762mmBulletFMJSteelRemington</append>	
</configs>