<IceBurg>

<append xpath="/entity_classes">
<!-- Baby Deer -->
	<entity_class name="animalIceburgBabyDeer" extends="animalDoe">
		<property name="Mass" value="55"/>
		<property name="SizeScale" value="0.5"/>
		<property name="ExperienceGain" value="122"/>
		<property name="DeadBodyHitPoints" value="130"/>
		<property name="HasRagdoll" value="false"/>
		<effect_group name="Base Effects">
			<passive_effect name="HealthMax" operation="base_set" value="25"/>
			<passive_effect name="HealthMax" operation="perc_add" value="0"/> 
		</effect_group>
		<drop event="Harvest" name="foodRawMeat" count="0" tool_category="Butcher"/>
		<drop event="Harvest" name="foodRawMeat" tag="butcherHarvest" count="10"/>
		<drop event="Harvest" name="resourceLeather" tag="butcherHarvest" count="3"/>
		<drop event="Harvest" name="resourceAnimalFat" tag="butcherHarvest" count="1"/>
		<drop event="Harvest" name="resourceBone" tag="butcherHarvest" count="8"/>
		<drop event="Harvest" name="resourceBone" tag="allToolsHarvest" count="3"/>
		<drop event="Harvest" name="foodRawMeat" count="1" tag="WasteTreasuresCompleteHarvest"/>
		<drop event="Harvest" name="resourceLeather" count="1" tag="WasteTreasuresCompleteHarvest"/>
		<drop event="Harvest" name="resourceBone" count="1" tag="WasteTreasuresCompleteHarvest"/>
	</entity_class>

<!-- Baby chicken (not yellow chick, though) -->
	<entity_class name="animalIceburgBabyChicken" extends="animalChicken">
		<property name="Mass" value="8"/>
		<property name="SizeScale" value="0.5"/>
		<property name="ExperienceGain" value="130"/>
		<property name="DeadBodyHitPoints" value="87"/>
		<property name="HasRagdoll" value="false"/>
		<effect_group name="Base Effects">
			<passive_effect name="HealthMax" operation="base_set" value="55"/>
			<passive_effect name="HealthMax" operation="perc_add" value="0"/> 
		</effect_group>
		<drop event="Harvest" name="foodRawMeat" count="0" tool_category="Butcher"/>
		<drop event="Harvest" name="foodRawMeat" tag="butcherHarvest" count="5"/> <!-- animalChicken -->
		<drop event="Harvest" name="resourceFeather" tag="butcherHarvest" count="11"/>
		<drop event="Harvest" name="resourceBone" tag="butcherHarvest" count="2"/>
		<drop event="Harvest" name="resourceBone" tag="allToolsHarvest" count="1"/>
		<drop event="Harvest" name="foodRawMeat" count="1" tag="WasteTreasuresCompleteHarvest"/>
		<drop event="Harvest" name="resourceLeather" count="1" tag="WasteTreasuresCompleteHarvest"/>
		<drop event="Harvest" name="resourceBone" count="1" tag="WasteTreasuresCompleteHarvest"/>
	</entity_class>

<!-- Baby Rabbit -->
	<entity_class name="animalIceburgBabyRabbit" extends="animalRabbit">
		<property name="Mass" value="6"/>
		<property name="SizeScale" value="0.5"/>
		<property name="ExperienceGain" value="130"/>
		<property name="DeadBodyHitPoints" value="85"/>
		<property name="HasRagdoll" value="false"/>
		<effect_group name="Base Effects">
			<passive_effect name="HealthMax" operation="base_set" value="35"/>
			<passive_effect name="HealthMax" operation="perc_add" value="0"/> 
		</effect_group>
		<drop event="Harvest" name="foodRawMeat" count="0" tool_category="Butcher"/>
		<drop event="Harvest" name="foodRawMeat" tag="butcherHarvest" count="5"/> <!-- animalRabbit -->
		<drop event="Harvest" name="resourceLeather" tag="butcherHarvest" count="1"/>
		<drop event="Harvest" name="resourceBone" tag="butcherHarvest" count="2"/>
		<drop event="Harvest" name="resourceBone" tag="allToolsHarvest" count="1"/>
		<drop event="Harvest" name="foodRawMeat" count="1" tag="WasteTreasuresCompleteHarvest"/>
		<drop event="Harvest" name="resourceLeather" count="1" tag="WasteTreasuresCompleteHarvest"/>
		<drop event="Harvest" name="resourceBone" count="1" tag="WasteTreasuresCompleteHarvest"/>
	</entity_class>

<!-- Baby Boar -->
	<entity_class name="animalIceburgBabyBoar" extends="animalBoar">
		<property name="Mass" value="100"/>
		<property name="SizeScale" value="0.5"/>
		<property name="ExperienceGain" value="206"/>
		<property name="DeadBodyHitPoints" value="175"/>
		<property name="HandItem" value="meleeHandanimalIceburgBabyBoar"/>
		<property name="HasRagdoll" value="false"/>
		<effect_group name="Base Effects">
			<passive_effect name="HealthMax" operation="base_set" value="130"/>
			<passive_effect name="HealthMax" operation="perc_add" value="0"/> 
		</effect_group>
		<drop event="Harvest" name="foodRawMeat" count="0" tool_category="Butcher"/>
		<drop event="Harvest" name="foodRawMeat" tag="butcherHarvest" count="15"/>
		<drop event="Harvest" name="resourceLeather" tag="butcherHarvest" count="3"/>
		<drop event="Harvest" name="resourceAnimalFat" tag="butcherHarvest" count="2"/>
		<drop event="Harvest" name="resourceBone" tag="butcherHarvest" count="7"/>
		<drop event="Harvest" name="resourceBone" tag="allToolsHarvest" count="3"/>
		<drop event="Harvest" name="foodRawMeat" count="1" tag="WasteTreasuresCompleteHarvest"/>
		<drop event="Harvest" name="resourceLeather" count="1" tag="WasteTreasuresCompleteHarvest"/>
		<drop event="Harvest" name="resourceBone" count="1" tag="WasteTreasuresCompleteHarvest"/>
	</entity_class>

<!-- Baby Bear -->
	<entity_class name="animalIceburgBabyBear" extends="animalBear">
		<property name="Tags" value="animal,hostile"/>
		<property name="IsEnemyEntity" value="false"/>
		<property name="ExperienceGain" value="188"/> 
		<property name="DeadBodyHitPoints" value="150"/>
		<property name="HandItem" value="meleeHandanimalIceburgBabyBear"/>
		<property name="HasRagdoll" value="false"/>
		<property name="Mass" value="150"/>
		<property name="SizeScale" value="0.25"/>
		<property name="AITask-1" value="BreakBlock"/>
		<property name="AITask-2" value="DestroyArea"/>
		<property name="AITask-3" value="Territorial"/>
		<property name="AITask-4" value="ApproachAndAttackTarget" data="class=EntityAnimalStag,40,EntityPlayer,25,EntityZombie,30"/>
		<property name="AITask-5" value="ApproachSpot"/>
		<property name="AITask-6" value="Look"/>
		<property name="AITask-7" value="Wander"/>
		<property name="AITask-8" value=""/>
		<property name="AITarget-1" value="SetAsTargetIfHurt"/>
		<property name="AITarget-2" value="BlockingTargetTask"/>
		<property name="AITarget-3" value="SetNearestEntityAsTarget" data="class=EntityPlayer,13,8,EntityAnimalStag,0,0,EntityZombie,0,0"/>
		<property name="AITarget-4" value=""/>
		<effect_group name="Base Effects">
			<passive_effect name="HealthMax" operation="base_set" value="200"/>
			<passive_effect name="HealthMax" operation="perc_add" value="0"/>
		</effect_group>	
		<drop event="Harvest" name="foodRawMeat" count="0" tool_category="Butcher"/>
		<drop event="Harvest" name="foodRawMeat" tag="butcherHarvest" count="13"/>
		<drop event="Harvest" name="resourceLeather" tag="butcherHarvest" count="4"/>
		<drop event="Harvest" name="resourceAnimalFat" tag="butcherHarvest" count="2"/>
		<drop event="Harvest" name="resourceBone" tag="butcherHarvest" count="6"/>
		<drop event="Harvest" name="resourceBone" tag="allToolsHarvest" count="2"/>
		<drop event="Harvest" name="foodRawMeat" count="1" tag="WasteTreasuresCompleteHarvest"/>
		<drop event="Harvest" name="resourceLeather" count="1" tag="WasteTreasuresCompleteHarvest"/>
		<drop event="Harvest" name="resourceBone" count="1" tag="WasteTreasuresCompleteHarvest"/>
	</entity_class>

<!-- Baby Wolf -->
	<entity_class name="animalIceburgBabyWolf" extends="animalWolf">
		<property name="Mass" value="47"/>
		<property name="SizeScale" value="0.5"/>
		<property name="ExperienceGain" value="175"/>
		<property name="DeadBodyHitPoints" value="130"/>
		<property name="HandItem" value="meleeHandanimalIceburgBabyWolf"/>
		<property name="HasRagdoll" value="false"/>
		<effect_group name="Base Effects">
			<passive_effect name="HealthMax" operation="base_set" value="100"/>
			<passive_effect name="HealthMax" operation="perc_add" value="0"/>
		</effect_group>
		<drop event="Harvest" name="foodRawMeat" count="0" tool_category="Butcher"/>
		<drop event="Harvest" name="foodRawMeat" tag="butcherHarvest" count="12"/>
		<drop event="Harvest" name="resourceLeather" tag="butcherHarvest" count="4"/>
		<drop event="Harvest" name="resourceAnimalFat" tag="butcherHarvest" count="1"/>
		<drop event="Harvest" name="resourceBone" tag="butcherHarvest" count="6"/>
		<drop event="Harvest" name="resourceBone" tag="allToolsHarvest" count="2"/>
		<drop event="Harvest" name="foodRawMeat" count="1" tag="WasteTreasuresCompleteHarvest"/>
		<drop event="Harvest" name="resourceLeather" count="1" tag="WasteTreasuresCompleteHarvest"/>
		<drop event="Harvest" name="resourceBone" count="1" tag="WasteTreasuresCompleteHarvest"/>
	</entity_class>

<!-- Baby Coyote -->
	<entity_class name="animalIceburgBabyCoyote" extends="animalCoyote">
		<property name="Mass" value="25"/>
		<property name="SizeScale" value="0.5"/>
		<property name="ExperienceGain" value="103"/>
		<property name="DeadBodyHitPoints" value="100"/>
		<property name="HandItem" value="meleeHandanimalIceburgBabyCoyote"/>
		<property name="HasRagdoll" value="false"/>
		<effect_group name="Base Effects">
			<passive_effect name="HealthMax" operation="base_set" value="50"/>
			<passive_effect name="HealthMax" operation="perc_add" value="0"/>
		</effect_group>
		<drop event="Harvest" name="foodRawMeat" count="0" tool_category="Butcher"/>
		<drop event="Harvest" name="foodRawMeat" tag="butcherHarvest" count="6"/>
		<drop event="Harvest" name="resourceLeather" tag="butcherHarvest" count="2"/>
		<drop event="Harvest" name="resourceAnimalFat" tag="butcherHarvest" count="1"/>
		<drop event="Harvest" name="resourceBone" tag="butcherHarvest" count="4"/>
		<drop event="Harvest" name="resourceBone" tag="allToolsHarvest" count="1"/>
		<drop event="Harvest" name="foodRawMeat" count="1" tag="WasteTreasuresCompleteHarvest"/>
		<drop event="Harvest" name="resourceLeather" count="1" tag="WasteTreasuresCompleteHarvest"/>
		<drop event="Harvest" name="resourceBone" count="1" tag="WasteTreasuresCompleteHarvest"/>
	</entity_class>

<!-- Baby Mountain Lion -->
	<entity_class name="animalIceburgBabyMountainLion" extends="animalMountainLion">
		<property name="Mass" value="63"/>
		<property name="SizeScale" value="0.5"/>
		<property name="ExperienceGain" value="375"/>
		<property name="DeadBodyHitPoints" value="225"/>
		<property name="HandItem" value="meleeHandanimalIceburgBabyMountainLion"/>
		<property name="HasRagdoll" value="false"/>
		<effect_group name="Base Effects">
			<passive_effect name="HealthMax" operation="base_set" value="200"/>
			<passive_effect name="HealthMax" operation="perc_add" value="0"/>
		</effect_group>
		<drop event="Harvest" name="foodRawMeat" count="0" tool_category="Butcher"/>
		<drop event="Harvest" name="foodRawMeat" tag="butcherHarvest" count="12"/>
		<drop event="Harvest" name="resourceLeather" tag="butcherHarvest" count="5"/>
		<drop event="Harvest" name="resourceAnimalFat" tag="butcherHarvest" count="2"/>
		<drop event="Harvest" name="resourceBone" tag="butcherHarvest" count="6"/>
		<drop event="Harvest" name="resourceBone" tag="allToolsHarvest" count="2"/>
		<drop event="Harvest" name="foodRawMeat" count="1" tag="WasteTreasuresCompleteHarvest"/>
		<drop event="Harvest" name="resourceLeather" count="1" tag="WasteTreasuresCompleteHarvest"/>
		<drop event="Harvest" name="resourceBone" count="1" tag="WasteTreasuresCompleteHarvest"/>
	</entity_class>

<!-- Baby Dire Wolf -->
	<entity_class name="animalIceburgBabyDireWolf" extends="animalDireWolf">
		<property name="Mass" value="90"/>
		<property name="SizeScale" value="0.5"/>
		<property name="ExperienceGain" value="375"/>
		<property name="DeadBodyHitPoints" value="225"/>
		<property name="HandItem" value="meleeHandanimalIceburgBabyDireWolf"/>
		<property name="HasRagdoll" value="false"/>
		<effect_group name="Base Effects">
			<passive_effect name="HealthMax" operation="base_set" value="175"/>
			<passive_effect name="HealthMax" operation="perc_add" value="0"/>
		</effect_group>
		<drop event="Harvest" name="foodRawMeat" count="0" tool_category="Butcher"/>
		<drop event="Harvest" name="foodRawMeat" tag="butcherHarvest" count="17"/>
		<drop event="Harvest" name="resourceLeather" tag="butcherHarvest" count="6"/>
		<drop event="Harvest" name="resourceAnimalFat" tag="butcherHarvest" count="2"/>
		<drop event="Harvest" name="resourceBone" tag="butcherHarvest" count="5"/>
		<drop event="Harvest" name="resourceBone" tag="allToolsHarvest" count="2"/>
		<drop event="Harvest" name="foodRawMeat" count="1" tag="WasteTreasuresCompleteHarvest"/>
		<drop event="Harvest" name="resourceLeather" count="1" tag="WasteTreasuresCompleteHarvest"/>
		<drop event="Harvest" name="resourceBone" count="1" tag="WasteTreasuresCompleteHarvest"/>
	</entity_class>

<!-- Baby Zombie Dog -->
	<entity_class name="animalIceburgBabyZombieDog" extends="animalZombieDog">
		<property name="Mass" value="47"/>
		<property name="SizeScale" value="0.5"/>
		<property name="ExperienceGain" value="175"/>
		<property name="DeadBodyHitPoints" value="130"/>
		<property name="HandItem" value="meleeHandanimalIceburgBabyZombieDog"/>
		<property name="HasRagdoll" value="false"/>
		<effect_group name="Base Effects">
			<passive_effect name="HealthMax" operation="base_set" value="100"/>
			<passive_effect name="HealthMax" operation="perc_add" value="1"/>
		</effect_group>
		<drop event="Harvest" name="foodRawMeat" count="0" tool_category="Butcher"/>
		<drop event="Harvest" name="foodRottingFlesh" tag="butcherHarvest" count="5"/>
		<drop event="Harvest" name="resourceLeather" tag="butcherHarvest" count="2"/>
		<drop event="Harvest" name="resourceAnimalFat" tag="butcherHarvest" count="1"/>
		<drop event="Harvest" name="resourceBone" tag="butcherHarvest" count="6"/>
		<drop event="Harvest" name="resourceBone" tag="allToolsHarvest" count="2"/>
		<drop event="Harvest" name="foodRottingFlesh" count="1" tag="WasteTreasuresCompleteHarvest"/>
		<drop event="Harvest" name="resourceLeather" count="1" tag="WasteTreasuresCompleteHarvest"/>
		<drop event="Harvest" name="resourceBone" count="1" tag="WasteTreasuresCompleteHarvest"/>
	</entity_class>

<!-- Baby Zombie Bear -->
	<entity_class name="animalIceburgBabyZombieBear" extends="animalZombieBear">
		<property name="Mass" value="150"/>
		<property name="SizeScale" value="0.25"/>
		<property name="ExperienceGain" value="375"/>
		<property name="DeadBodyHitPoints" value="150"/>
		<property name="HandItem" value="meleeHandanimalIceburgBabyZombieBear"/>
		<property name="HasRagdoll" value="false"/>
		<effect_group name="Base Effects">
			<passive_effect name="HealthMax" operation="base_set" value="250"/>
			<passive_effect name="HealthMax" operation="perc_add" value="1"/>
		</effect_group>
		<drop event="Harvest" name="foodRawMeat" count="0" tool_category="Butcher"/>
		<drop event="Harvest" name="foodRottingFlesh" tag="butcherHarvest" count="13"/>
		<drop event="Harvest" name="resourceLeather" tag="butcherHarvest" count="4"/>
		<drop event="Harvest" name="resourceAnimalFat" tag="butcherHarvest" count="2"/>
		<drop event="Harvest" name="resourceBone" tag="butcherHarvest" count="6"/>
		<drop event="Harvest" name="resourceBone" tag="allToolsHarvest" count="2"/>
		<drop event="Harvest" name="foodRottingFlesh" count="1" tag="WasteTreasuresCompleteHarvest"/>
		<drop event="Harvest" name="resourceLeather" count="1" tag="WasteTreasuresCompleteHarvest"/>
		<drop event="Harvest" name="resourceBone" count="1" tag="WasteTreasuresCompleteHarvest"/>
	</entity_class>

<!-- Baby Snake -->
	<entity_class name="animalIceburgBabySnake" extends="animalSnake">
		<property name="Mass" value="15"/>
		<property name="Weight" value="35"/>
		<property name="SizeScale" value="0.5"/>
		<property name="ExperienceGain" value="65"/>
		<property name="DeadBodyHitPoints" value="75"/>
		<property name="HandItem" value="meleeHandanimalIceburgBabySnake"/>
		<property name="HasRagdoll" value="false"/>
		<effect_group name="Base Effects">
			<passive_effect name="HealthMax" operation="base_set" value="5"/>
			<passive_effect name="HealthMax" operation="perc_add" value="0"/>
		</effect_group>
		<drop event="Harvest" name="foodRawMeat" count="0" tool_category="Butcher"/>
		<drop event="Harvest" name="foodRawMeat" tag="butcherHarvest" count="5"/>
		<drop event="Harvest" name="resourceLeather" tag="butcherHarvest" count="1"/>
		<drop event="Harvest" name="resourceAnimalFat" tag="butcherHarvest" count="1"/>
		<drop event="Harvest" name="resourceBone" tag="butcherHarvest" count="1"/>
		<drop event="Harvest" name="resourceBone" tag="allToolsHarvest" count="1"/>
		<drop event="Harvest" name="foodRawMeat" count="1" tag="WasteTreasuresCompleteHarvest"/>
		<drop event="Harvest" name="resourceLeather" count="1" tag="WasteTreasuresCompleteHarvest"/>
		<drop event="Harvest" name="resourceBone" count="1" tag="WasteTreasuresCompleteHarvest"/>
	</entity_class>

<!-- Baby Zombie Vulture -->
	<entity_class name="animalIceburgBabyZombieVulture" extends="animalZombieVulture">
		<property name="Tags" value="entity,animal,zombie,hostile,vulture"/>
		<property name="Class" value="EntityVulture"/>
		<property name="EntityType" value="Zombie"/>
		<property name="AvatarController" value="AvatarAnimalController"/>
		<property name="ModelType" value="Standard"/>
		<property name="HasRagdoll" value="true"/>
		<property name="PhysicsBody" value="vulture"/>
		<property name="Mass" value="18"/>
		<property name="Mesh" value="Animals/Vulture/animalVultureStandardRagdoll"/>
		<property name="SizeScale" value=".5"/>
		<property name="HandItem" value="meleeHandAnimalIceburgBabyZombieVulture"/>
		<property name="ExperienceGain" value="206"/> <!-- XP grunt -->
		<property name="DeadBodyHitPoints" value="88"/>
		<drop event="Harvest" name="foodRawMeat" count="0" tool_category="Butcher"/>
		<drop event="Harvest" name="foodRottingFlesh" tag="butcherHarvest" count="4"/> <!-- animalZombieVulture -->
		<drop event="Harvest" name="resourceFeather" tag="butcherHarvest" count="15"/>
		<drop event="Harvest" name="resourceBone" tag="butcherHarvest" count="3"/>
		<drop event="Harvest" name="resourceBone" tag="allToolsHarvest" count="1"/>
		<drop event="Harvest" name="foodRottingFlesh" count="1" tag="WasteTreasuresCompleteHarvest"/>
		<drop event="Harvest" name="resourceLeather" count="1" tag="WasteTreasuresCompleteHarvest"/>
		<drop event="Harvest" name="resourceBone" count="1" tag="WasteTreasuresCompleteHarvest"/>
		<effect_group name="Base Effects">
			<passive_effect name="HealthMax" operation="base_set" value="15"/>
			<passive_effect name="HealthMax" operation="perc_add" value="0"/>
		</effect_group>
	</entity_class>

<!-- Baby Zombie Vulture Radiated -->
	<entity_class name="animalIceburgBabyZombieVultureRadiated" extends="animalZombieVulture">
		<property name="Tags" value="entity,animal,zombie,hostile,radiated,vulture"/>
		<property name="Radiated" value=""/>
		<property name="Mass" value="25"/>
		<property name="SizeScale" value=".5"/>
		<property name="MoveSpeed" value=".7"/>
		<property name="MoveSpeedAggro" value="1.5, 1.5"/>
		<property name="MaxTurnSpeed" value="150"/>
		<property name="HandItem" value="meleeHandAnimalIceburgBabyZombieVultureRadiated"/>
		<property name="ExperienceGain" value="600"/> <!-- XP grunt radiated -->
		<property name="DeadBodyHitPoints" value="100"/>
		<drop event="Harvest" name="foodRawMeat" count="0" tool_category="Butcher"/>
		<drop event="Harvest" name="foodRottingFlesh" tag="butcherHarvest" count="3"/> <!-- animalZombieVultureRadiated -->
		<drop event="Harvest" name="resourceFeather" tag="butcherHarvest" count="17"/>
		<drop event="Harvest" name="resourceBone" tag="butcherHarvest" count="4"/>
		<drop event="Harvest" name="resourceBone" tag="allToolsHarvest" count="2"/>
		<effect_group name="Base Effects">
			<passive_effect name="HealthMax" operation="base_set" value="60"/>
			<passive_effect name="HealthMax" operation="perc_set" value="1"/> <!-- Zombie HP scale -->
			<passive_effect name="EntityDamage" operation="perc_add" value=".4"/> <!-- Feral damage -->
			<triggered_effect trigger="onOtherDamagedSelf" action="ModifyCVar" target="self" cvar="RadiatedRegenAmount" operation="set" value="4"/>
			<triggered_effect trigger="onOtherDamagedSelf" action="AddBuff" target="self" buff="buffRadiatedRegen"/>
		</effect_group>
	</entity_class>

</append>

</IceBurg>