<IceBurg>
	<append xpath="/items">

		<!-- Baby Boar Damage -->
		<item name="meleeHandanimalIceburgBabyBoar">
			<property name="Extends" value="meleeHandMaster"/>
			<property name="CreativeMode" value="None"/>
			<property name="HoldType" value="35"/>
			<property class="Action0">
				<property name="Delay" value=".6"/> <!-- obsolete if rounds per minute exists -->
				<property name="Range" value="1"/>
				<property name="DamageEntity" value="7"/>
				<property name="DamageBlock" value="8"/>
			</property>
			<effect_group name="meleeHandanimalIceburgBabyBoar" tiered="false">
				<passive_effect name="ModSlots" operation="base_set" value="0"/>
				<!--<passive_effect name="AttacksPerMinute" operation="base_set" value="85"/>  A16 .7 -->
				<passive_effect name="DamageModifier" operation="perc_add" value="3" tags="earth"/>
				<triggered_effect trigger="onSelfAttackedOther" action="AddBuff" target="other" fireOneBuff="true"
					buff="buffFatiguedTrigger,buffArmSprainedCHTrigger,buffLegSprainedCHTrigger,buffLaceration,buffAbrasionCatch,buffInjuryStunned01CHTrigger,buffInjuryBleedingTwo"
					weights=".11,.07,.07,.05,.29,.36,.11"/>
			</effect_group>
		</item>

		<!-- Baby Bear Damage -->
		<item name="meleeHandanimalIceburgBabyBear">
			<property name="Extends" value="meleeHandMaster"/>
			<property name="CreativeMode" value="None"/>
			<property name="HoldType" value="46"/>
			<property class="Action0">
				<property name="Delay" value="1.5"/> <!-- obsolete if rounds per minute exists -->
				<property name="Range" value="1"/>
				<property name="Sphere" value=".3"/>
				<property name="DamageEntity" value="10"/>
				<property name="DamageBlock" value="20"/>
			</property>
			<effect_group name="meleeHandanimalIceburgBabyBear" tiered="false">
				<passive_effect name="ModSlots" operation="base_set" value="0"/>
				<!--<passive_effect name="AttacksPerMinute" operation="base_set" value="40"/>  A16 1.5 -->
				<triggered_effect trigger="onSelfAttackedOther" action="AddBuff" target="other" fireOneBuff="true"
					buff="buffFatiguedTrigger,buffArmSprainedCHTrigger,buffLegSprainedCHTrigger,buffLaceration,buffAbrasionCatch,buffInjuryStunned01CHTrigger,buffInjuryBleedingTwo"
					weights=".11,.07,.07,.05,.29,.36,.11"/>
			</effect_group>
		</item>

		<!-- Baby Wolf Damage -->
		<item name="meleeHandanimalIceburgBabyWolf">
			<property name="Extends" value="meleeHandMaster"/>
			<property name="CreativeMode" value="None"/>
			<property name="HoldType" value="35"/>
			<property class="Action0">
				<property name="Delay" value=".6"/> <!-- obsolete if rounds per minute exists -->
				<property name="Range" value="1"/>
				<property name="DamageEntity" value="7"/>
				<property name="DamageBlock" value="8"/>
			</property>
			<effect_group name="meleeHandanimalIceburgBabyWolf" tiered="false">
				<passive_effect name="ModSlots" operation="base_set" value="0"/>
				<!--<passive_effect name="AttacksPerMinute" operation="base_set" value="85"/>  A16 .7 -->
				<passive_effect name="DamageModifier" operation="perc_add" value="3" tags="earth"/>
				<triggered_effect trigger="onSelfAttackedOther" action="AddBuff" target="other" fireOneBuff="true"
					buff="buffFatiguedTrigger,buffArmSprainedCHTrigger,buffLegSprainedCHTrigger,buffLaceration,buffAbrasionCatch,buffInjuryStunned01CHTrigger,buffInjuryBleedingTwo"
					weights=".11,.07,.07,.05,.29,.36,.11"/>
			</effect_group>
		</item>

		<!-- Baby Coyote Damage -->
		<item name="meleeHandanimalIceburgBabyCoyote">
			<property name="Extends" value="meleeHandMaster"/>
			<property name="CreativeMode" value="None"/>
			<property name="HoldType" value="35"/>
			<property class="Action0">
				<property name="Delay" value=".7"/> <!-- obsolete if rounds per minute exists -->
				<property name="Range" value="1"/>
				<property name="DamageEntity" value="5"/>
				<property name="DamageBlock" value="3"/>
			</property>
			<effect_group name="meleeHandanimalIceburgBabyCoyote" tiered="false">
				<passive_effect name="ModSlots" operation="base_set" value="0"/>
				<!--<passive_effect name="AttacksPerMinute" operation="base_set" value="85"/>  A16 .7 -->
				<passive_effect name="DamageModifier" operation="perc_add" value="3" tags="earth"/>
				<triggered_effect trigger="onSelfAttackedOther" action="AddBuff" target="other" fireOneBuff="true"
					buff="buffFatiguedTrigger,buffArmSprainedCHTrigger,buffLegSprainedCHTrigger,buffLaceration,buffAbrasionCatch,buffInjuryStunned01CHTrigger,buffInjuryBleedingTwo"
					weights=".11,.07,.07,.05,.29,.36,.11"/>
			</effect_group>
		</item>

		<!-- Baby Mountain Lion Damage -->
		<item name="meleeHandanimalIceburgBabyMountainLion">
			<property name="Extends" value="meleeHandAnimalWolf"/>
			<property name="CreativeMode" value="None"/>
			<property class="Action0">
				<property name="Delay" value=".8"/> <!-- obsolete if rounds per minute exists -->
				<property name="Range" value="1.1"/>
				<property name="DamageEntity" value="5"/>
				<property name="DamageBlock" value="14"/>
			</property>
			<effect_group name="meleeHandanimalIceburgBabyMountainLion" tiered="false">
				<passive_effect name="ModSlots" operation="base_set" value="0"/>
				<triggered_effect trigger="onSelfAttackedOther" action="AddBuff" target="other" fireOneBuff="true"
					buff="buffFatiguedTrigger,buffArmSprainedCHTrigger,buffLegSprainedCHTrigger,buffLaceration,buffAbrasionCatch,buffInjuryStunned01CHTrigger,buffInjuryBleedingTwo"
					weights=".11,.07,.07,.05,.29,.36,.11"/>
			</effect_group>
		</item>

		<!-- Baby Dire Wolf Damage -->
		<item name="meleeHandanimalIceburgBabyDireWolf">
			<property name="Extends" value="meleeHandAnimalWolf"/>
			<property name="CreativeMode" value="None"/>
			<property class="Action0">
				<property name="Delay" value=".8"/> <!-- obsolete if rounds per minute exists -->
				<property name="Range" value="1.1"/>
				<property name="DamageEntity" value="11"/>
				<property name="DamageBlock" value="14"/>
			</property>
			<effect_group name="meleeHandanimalIceburgBabyDireWolf" tiered="false">
				<passive_effect name="ModSlots" operation="base_set" value="0"/>
				<triggered_effect trigger="onSelfAttackedOther" action="AddBuff" target="other" fireOneBuff="true"
					buff="buffFatiguedTrigger,buffArmSprainedCHTrigger,buffLegSprainedCHTrigger,buffLaceration,buffAbrasionCatch,buffInjuryStunned01CHTrigger,buffInjuryBleedingTwo"
					weights=".11,.07,.07,.05,.29,.36,.11"/>
			</effect_group>
		</item>

		<!-- Baby Zombie Dog Damage -->
		<item name="meleeHandanimalIceburgBabyZombieDog">
			<property name="Extends" value="meleeHandMaster"/>
			<property name="CreativeMode" value="None"/>
			<property name="HoldType" value="35"/>
			<property class="Action0">
				<property name="Delay" value=".7"/> <!-- obsolete if rounds per minute exists -->
				<property name="DamageEntity" value="4"/>
				<property name="DamageBlock" value="7"/>
			</property>
			<effect_group name="meleeHandanimalIceburgBabyZombieDog" tiered="false">
				<passive_effect name="ModSlots" operation="base_set" value="0"/>
				<!--<passive_effect name="AttacksPerMinute" operation="base_set" value="85"/>  A16 .7 -->
				<passive_effect name="DamageModifier" operation="perc_add" value="3" tags="earth"/>
				<triggered_effect trigger="onSelfAttackedOther" action="AddBuff" target="other" fireOneBuff="true"
					buff="buffFatiguedTrigger,buffArmSprainedCHTrigger,buffLegSprainedCHTrigger,buffLaceration,buffAbrasionCatch,buffInjuryStunned01CHTrigger,buffInjuryBleedingTwo"
					weights=".11,.07,.07,.05,.29,.36,.11"/>
				<triggered_effect trigger="onSelfAttackedOther" action="ModifyCVar" target="other" cvar="infectionCounter" operation="add" value="10"><!--InfectionRegular-->
					<requirement name="CVarCompare" target="other" cvar="infectionCounter" operation="GT" value="0"/></triggered_effect>
				<triggered_effect trigger="onSelfAttackedOther" action="ModifyCVar" target="other" cvar="abrasionZombieHit" operation="set" value="1800"/><!--AbrasionRegular-->
			</effect_group>
		</item>

		<!-- Baby Zombie Bear Damage -->
		<item name="meleeHandanimalIceburgBabyZombieBear">
			<property name="Extends" value="meleeHandAnimalBear"/>
			<property name="CreativeMode" value="None"/>
			<property class="Action0">
				<property name="Range" value="1"/>
				<property name="DamageEntity" value="12"/>
				<property name="DamageBlock" value="30"/>
			</property>
			<effect_group name="meleeHandanimalIceburgBabyZombieBear" tiered="false">
				<passive_effect name="ModSlots" operation="base_set" value="0"/>
				<!--<passive_effect name="AttacksPerMinute" operation="base_set" value="40"/>  A16 1.5 -->
				<triggered_effect trigger="onSelfAttackedOther" action="AddBuff" target="other" fireOneBuff="true"
					buff="buffFatiguedTrigger,buffArmSprainedCHTrigger,buffLegSprainedCHTrigger,buffLaceration,buffAbrasionCatch,buffInjuryStunned01CHTrigger,buffInjuryBleedingTwo"
					weights=".11,.07,.07,.05,.29,.36,.11"/>
				<triggered_effect trigger="onSelfAttackedOther" action="ModifyCVar" target="other" cvar="infectionCounter" operation="add" value="10"><!--InfectionRegular-->
					<requirement name="CVarCompare" target="other" cvar="infectionCounter" operation="GT" value="0"/></triggered_effect>
				<triggered_effect trigger="onSelfAttackedOther" action="ModifyCVar" target="other" cvar="abrasionZombieHit" operation="set" value="1800"/><!--AbrasionRegular-->
			</effect_group>
		</item>

		<!-- Baby Snake Damage -->
		<item name="meleeHandanimalIceburgBabySnake">
			<property name="Extends" value="meleeHandMaster"/>
			<property name="CreativeMode" value="None"/>
			<property name="HoldType" value="55"/>
			<property class="Action0">
				<property name="Delay" value="1.25"/>
				<property name="Range" value="1"/>
				<property name="DamageEntity" value="5"/>
				<property name="DamageBlock" value="1"/>
			</property>
			<effect_group name="meleeHandanimalIceburgBabySnake" tiered="false">
				<passive_effect name="ModSlots" operation="base_set" value="0"/>
				<!--<passive_effect name="AttacksPerMinute" operation="base_set" value="75"/>  A16 .8 -->
				<triggered_effect trigger="onSelfAttackedOther" action="AddBuff" target="other" fireOneBuff="true"
					buff="buffFatiguedTrigger,buffArmSprainedCHTrigger,buffLegSprainedCHTrigger,buffLaceration,buffAbrasionCatch,buffInjuryStunned01CHTrigger,buffInjuryBleedingTwo"
					weights=".11,.07,.07,.05,.29,.36,.11"/>
			</effect_group>
		</item>

		<!-- Baby Zombie Vulture Damage -->
		<item name="meleeHandAnimalIceburgBabyZombieVulture">
			<property name="Extends" value="meleeHandMaster"/>
			<property name="CreativeMode" value="None"/>
			<property name="HoldType" value="35"/>
			<property class="Action0">
				<property name="Delay" value=".7"/> <!-- obsolete if rounds per minute exists -->
				<property name="DamageEntity" value="4"/>
				<property name="DamageBlock" value="4"/>
			</property>
			<effect_group name="meleeHandAnimalIceburgBabyZombieVulture" tiered="false">
				<passive_effect name="ModSlots" operation="base_set" value="0"/>
				<triggered_effect trigger="onSelfAttackedOther" action="AddBuff" target="other" fireOneBuff="true"
					buff="buffFatiguedTrigger,buffArmSprainedCHTrigger,buffLegSprainedCHTrigger,buffLaceration,buffAbrasionCatch,buffInjuryStunned01CHTrigger,buffInjuryBleedingTwo"
					weights=".11,.07,.07,.05,.29,.36,.11"/>
				<triggered_effect trigger="onSelfAttackedOther" action="ModifyCVar" target="other" cvar="infectionCounter" operation="add" value="20"><!--InfectionRadiated-->
					<requirement name="CVarCompare" target="other" cvar="infectionCounter" operation="GT" value="0"/></triggered_effect>
				<triggered_effect trigger="onSelfAttackedOther" action="ModifyCVar" target="other" cvar="abrasionZombieHit" operation="set" value="3200"/><!--AbrasionRadiated-->
			</effect_group>
		</item>

		<!-- Baby Zombie Vulture Radiated Damage -->
		<item name="meleeHandAnimalIceburgBabyZombieVultureRadiated">
			<property name="Extends" value="meleeHandAnimalZombieVulture"/>
			<property name="CreativeMode" value="None"/>
			<property class="Action0">
				<property name="Delay" value=".7"/>
				<property name="DamageEntity" value="5"/>
				<property name="DamageBlock" value="16"/>
			</property>
			<property class="Action1">
				<property name="Class" value="Vomit"/>
				<property name="Hitmask_override" value="Arrow"/>
				<property name="Delay" value=".5"/>
				<property name="Infinite_ammo" value="true"/>
				<property name="Magazine_items" value="ammoProjectileVultureVomit"/>
				<property name="Sound_warning" value="vulturevomitwarning"/>
				<property name="Sound_start" value="vulturevomitattack"/>
				<property name="Sound_repeat" value=""/>
				<property name="Sound_end" value=""/>
				<property name="Sound_empty" value=""/>
				<property name="Sound_reload" value=""/>
			</property>
			<effect_group name="meleeHandAnimalIceburgBabyZombieVultureRadiated" tiered="false">
				<passive_effect name="ModSlots" operation="base_set" value="0"/>
				<passive_effect name="MagazineSize" operation="base_set" value="1"/>
				<passive_effect name="BurstRoundCount" operation="base_set" value="2"/>
				<passive_effect name="SpreadDegreesVertical" operation="base_set" value="6"/>
				<passive_effect name="SpreadDegreesHorizontal" operation="base_set" value="15"/>
				<passive_effect name="SpreadMultiplierIdle" operation="base_set" value="1"/>
				<passive_effect name="DamageFalloffRange" operation="base_set" value="50"/>
				<passive_effect name="MaxRange" operation="base_set" value="50"/>
				<triggered_effect trigger="onSelfAttackedOther" action="AddBuff" target="other" fireOneBuff="true"
					buff="buffFatiguedTrigger,buffArmSprainedCHTrigger,buffLegSprainedCHTrigger,buffLaceration,buffAbrasionCatch,buffInjuryStunned01CHTrigger,buffInjuryBleedingTwo"
					weights=".11,.07,.07,.05,.29,.36,.11"/>
				<triggered_effect trigger="onSelfAttackedOther" action="ModifyCVar" target="other" cvar="infectionCounter" operation="add" value="20"><!--InfectionRadiated-->
					<requirement name="CVarCompare" target="other" cvar="infectionCounter" operation="GT" value="0"/></triggered_effect>
				<triggered_effect trigger="onSelfAttackedOther" action="ModifyCVar" target="other" cvar="abrasionZombieHit" operation="set" value="3200"/><!--AbrasionRadiated-->
			</effect_group>
		</item>

	</append>
</IceBurg>
