<traders>
<append xpath="/traders/trader_item_groups">
    <trader_item_group name="ammoArrowGrenade">
        <item name="ammoArrowGrenade" count="15,60"/>
    </trader_item_group>
</append>

<append xpath="//trader_info[@id='1']/trader_items">
	<item group="ammoArrowGrenade" count="1,2"/>
</append>

<append xpath="//trader_info[@id='7']/trader_items">
	<item group="ammoArrowGrenade" count="1,2"/>
</append>

<append xpath="//trader_info[@id='2']/trader_items">
	<item group="ammoArrowGrenade" count="1,2"/>
</append>

<append xpath="//trader_info[@id='8']/trader_items">
	<item group="ammoArrowGrenade" count="1,2"/>
</append>

<append xpath="//trader_info[@id='6']/trader_items">
	<item group="ammoArrowGrenade" count="1,2"/>
</append>




</traders>