<configs>
	<append xpath="/recipes">
		
		<recipe name="elitequestitem_toc_remington_name" count="1" craft_time = "1" craft_exp_gain="0" >
			<ingredient name="questitem_toc_elitecard_name" count="1"/>
		</recipe>
		<recipe name="elitequestwrit_toc_remington_name" count="1" craft_time = "300" craft_exp_gain="20000" >
			<ingredient name="ammo762mmBulletBall" count="1000"/>
			<ingredient name="ammo44MagnumBulletBall" count="1000"/>
			<ingredient name="ammo9mmBulletBall" count="1000"/>
			<ingredient name="resourcePaper" count="1"/>
			<ingredient name="questitem_elitecoin_remington" count="1"/>
		</recipe>		
		
		<recipe name="resourceBulletCasingSteelRemington" count="1" material_based="true" craft_area="forge" tags="perkAdvancedEngineering">
			<ingredient name="unit_iron" count="4"/>
			<ingredient name="unit_clay" count="2"/>
			<effect_group>
				<passive_effect name="CraftingIngredientCount" operation="perc_add" level="0,1,2,3,4" value=".25,.25,.25,.177,.12" tags="unit_iron"/>
			</effect_group>
		</recipe> 
		<recipe name="ammo9mmBulletSteelRemington" count="1" craft_area="workbench" tags="learnable,workbenchCrafting">
			<ingredient name="resourceBulletTip" count="1"/>
			<ingredient name="resourceGunPowder" count="2"/>
			<ingredient name="resourceBulletCasingSteelRemington" count="1"/>
		</recipe>
		<recipe name="ammoBundle9mmBulletSteelRemington" count="1" craft_time="240" craft_area="workbench" tags="learnable,workbenchCrafting">
			<ingredient name="resourceBulletTip" count="80"/>
			<ingredient name="resourceGunPowder" count="80"/>
			<ingredient name="resourceBulletCasing" count="80"/>
		</recipe>
		<recipe name="ammo44MagnumBulletSteelRemington" count="1" craft_area="workbench" tags="learnable,workbenchCrafting">
			<ingredient name="resourceBulletTip" count="1"/>
			<ingredient name="resourceGunPowder" count="3"/>
			<ingredient name="resourceBulletCasingSteelRemington" count="1"/>
		</recipe>
		<recipe name="ammo762mmBulletFMJSteelRemington" count="1" craft_area="workbench" tags="learnable,workbenchCrafting">
			<ingredient name="resourceBulletTip" count="1"/>
			<ingredient name="resourceGunPowder" count="4"/>
			<ingredient name="resourceBulletCasingSteelRemington" count="1"/>
		</recipe>	
		
		<recipe name="remingtonTurret" count="1" craft_area="workbench" tags="perkAdvancedEngineering,learnable"> <!-- trap -->
			<ingredient name="motionsensor" count="1"/>
			<ingredient name="resourceForgedSteel" count="150"/>
			<ingredient name="gunRifleT1HuntingRifleParts" count="10"/>
			<ingredient name="carBattery" count="2"/>
			<ingredient name="resourceScrapPolymers" count="50"/>
			<effect_group>
				<passive_effect name="CraftingIngredientCount" level="0,1,2,3,4" operation="perc_add" value=".5,.5,.5,.3,.15" tags="resourceForgedSteel,gunHandgunT1PistolParts,resourceOil,resourceScrapPolymers"/>
			</effect_group>
		</recipe>
	</append>
</configs>