<!-- - - - - - - - - - - -
#########################
###### H7SB Storage #####
### 7 Days to Die Mod ###
#########################
####### Eihwaz © ########
##### NO REUPLAOD! ######
#### CC BY-NC-ND-SA #####
#########################
- - - - - - - - - - - -->
<eihwaz.de>
<append xpath="/vehicles"><vehicle name="h7sb_einkaufswagen"><property name="cameraDistance" value="5.5, 7"/><property name="cameraTurnRate" value=".2, .35"/><property name="upAngleMax" value="70"/><property name="upForce" value="1"/><property name="steerRate" value="130"/><property name="steerCenteringRate" value="90"/><property name="tiltUpForce" value="5"/><property name="tiltAngleMax" value="80"/><property name="tiltThreshold" value="3"/><property name="tiltDampening" value=".22"/><property name="tiltDampenThreshold" value="8"/><property name="unstickForce" value="1"/><property name="velocityMax" value="9, 14"/><property name="waterDrag_y_velScale_velMaxScale" value="1.8, .9, .1"/><property name="wheelPtlScale" value="1"/><property name="motorTorqueMinQ" value="250"/><property name="motorTorqueMaxQ" value="550"/><property name="brakeTorque" value="3000"/><property name="hopForce" value="0.25, 0.25"/><property name="hornSound" value="summen"/><property class="handlebars"><property name="class" value="Steering"/><property name="slot_type" value="handlebars"/><property name="transform" value="Origin/steering_joint"/><property name="steerMaxAngle" value="2"/><property name="IKHandLPosition" value="-0.7,2.3,2.6"/><property name="IKHandLRotation" value="90,0,0"/><property name="IKHandRPosition" value="1.5,2.3,2.6"/><property name="IKHandRRotation" value="90,0,0"/></property><property class="wheel0"><property name="steerTransform" value="Origin/frontLeftWheelStear_joint"/><property name="tireTransform" value="Origin/frontLeftWheelStear_joint/frontLeftWheel_joint"/><property name="tireSuspensionPercent" value="1"/><property name="torqueScale_motor_brake" value="1, .8"/></property><property class="wheel1"><property name="steerTransform" value="Origin/frontRightWheelStear_joint"/><property name="tireTransform" value="Origin/frontRightWheelStear_joint/frontRightWheel_joint"/><property name="tireSuspensionPercent" value="1"/><property name="torqueScale_motor_brake" value="1, .8"/></property><property class="seat0"><property name="position" value="0,0.14,-0.28"/><property name="rotation" value="-16,0,0"/><property name="exit" value="-1.6,0,0 ~ 1.6,0,-1 ~ -.4,0,-2.8 ~ -.4,0,2.6 ~ -.4,2.1,0"/></property><property class="seat1"><property name="position" value="0,0.21,1.1"/><property name="rotation" value="-52,0,0"/><property name="exit" value="-1.6,0,0 ~ 1.6,0,-1 ~ -.4,0,-2.8 ~ -.4,0,2.6 ~ -.4,2.1,0"/></property><property class="wheel2"><property name="tireTransform" value="Origin/backLeftWheelJoint"/><property name="tireSuspensionPercent" value="1"/><property name="torqueScale_motor_brake" value="1, 1"/></property><property class="wheel3"><property name="tireTransform" value="Origin/backRightWheelJoint"/><property name="tireSuspensionPercent" value="1"/><property name="torqueScale_motor_brake" value="1, 1"/></property><property class="pedals"><property name="class" value="Pedals"/><property name="slot_type" value="pedals"/><property name="transform" value="Origin/headlight"/><property name="pedalLPosition" value="0, -1.2, -1.8"/><property name="pedalRPosition" value="0, 1.2, 1.8"/><property name="IKFootLPosition" value="-0.35, -1.5, -2.8"/><property name="IKFootLRotation" value="0, 0, 0"/><property name="IKFootRPosition" value="0.7, -1.5, -2.8"/><property name="IKFootRRotation" value="0, 0, 0"/><property name="pedalSound" value=""/><property name="staminaDrain" value="1,8"/></property><property class="storage"><property name="class" value="Storage"/><property name="display_name" value="basket"/><property name="slot_type" value="basket"/><property name="mesh" value="basket"/><property name="transform" value="basket"/></property></vehicle></append><append xpath="/vehicles"><vehicle name="h7sb_kippkarre"><property name="cameraDistance" value="5.5, 7"/><property name="cameraTurnRate" value=".2, .35"/><property name="upAngleMax" value="70"/><property name="upForce" value="1"/><property name="steerRate" value="130"/><property name="steerCenteringRate" value="90"/><property name="tiltUpForce" value="5"/><property name="tiltAngleMax" value="80"/><property name="tiltThreshold" value="3"/><property name="tiltDampening" value=".22"/><property name="tiltDampenThreshold" value="8"/><property name="unstickForce" value="1"/><property name="velocityMax" value="9, 14"/><property name="waterDrag_y_velScale_velMaxScale" value="1.8, .9, .1"/><property name="wheelPtlScale" value="1"/><property name="motorTorqueMinQ" value="225"/><property name="motorTorqueMaxQ" value="500"/><property name="brakeTorque" value="3000"/><property name="hopForce" value="0.25, 0.25"/><property name="hornSound" value="summen"/><property class="handlebars"><property name="class" value="Steering"/><property name="slot_type" value="handlebars"/><property name="transform" value="Origin/steering_joint"/><property name="steerMaxAngle" value="0"/><property name="IKHandLPosition" value="-0.7,2.1,2.4"/><property name="IKHandLRotation" value="90,0,0"/><property name="IKHandRPosition" value="1.5,2.1,2.4"/><property name="IKHandRRotation" value="90,0,0"/></property><property class="seat0"><property name="position" value="0,0.14,-0.28"/><property name="rotation" value="-16,0,0"/><property name="exit" value="-1.6,0,0 ~ 1.6,0,-1 ~ -.4,0,-2.8 ~ -.4,0,2.6 ~ -.4,2.1,0"/></property><property class="wheel0"><property name="steerTransform" value="Origin/frontLeftWheelStear_joint"/><property name="tireTransform" value="Origin/frontLeftWheelStear_joint/frontLeftWheel_joint"/><property name="tireSuspensionPercent" value="1"/><property name="torqueScale_motor_brake" value="1, .8"/></property><property class="seat1"><property name="position" value="0,0.81,1.43"/><property name="rotation" value="-34,0,0"/><property name="exit" value="-1.6,0,0 ~ 1.6,0,-1 ~ -.4,0,-2.8 ~ -.4,0,2.6 ~ -.4,2.1,0"/></property><property class="wheel1"><property name="steerTransform" value="Origin/frontRightWheelStear_joint"/><property name="tireTransform" value="Origin/frontRightWheelStear_joint/frontRightWheel_joint"/><property name="tireSuspensionPercent" value="1"/><property name="torqueScale_motor_brake" value="1, .8"/></property><property class="wheel2"><property name="tireTransform" value="Origin/backLeftWheelJoint"/><property name="tireSuspensionPercent" value="1"/><property name="torqueScale_motor_brake" value="1, 1"/></property><property class="wheel3"><property name="tireTransform" value="Origin/backRightWheelJoint"/><property name="tireSuspensionPercent" value="1"/><property name="torqueScale_motor_brake" value="1, 1"/></property><property class="pedals"><property name="class" value="Pedals"/><property name="slot_type" value="pedals"/><property name="transform" value="Origin/headlight"/><property name="pedalLPosition" value="0, -1.2, -1.8"/><property name="pedalRPosition" value="0, 1.2, 1.8"/><property name="IKFootLPosition" value="-0.35, -1.5, -2.8"/><property name="IKFootLRotation" value="0, 0, 0"/><property name="IKFootRPosition" value="0.7, -1.5, -2.8"/><property name="IKFootRRotation" value="0, 0, 0"/><property name="pedalSound" value=""/><property name="staminaDrain" value="2,12"/></property><property class="storage"><property name="class" value="Storage"/><property name="display_name" value="basket"/><property name="slot_type" value="basket"/><property name="mesh" value="basket"/><property name="transform" value="basket"/></property></vehicle></append>
</eihwaz.de>