<config>
  <append xpath="/items">
    <item name="schem_toc_dwarventools">
    	<property name="Extends" value="schematicMaster"/>
    	<property name="CreativeMode" value="Player"/>
    	<property name="CustomIcon" value="forge"/>
      <property name="CustomIconTint" value="1e9403"/> 
      <property name="Stacknumber" value="1"/> 
    	<property name="Unlocks" value="ingotBundleForgedSteel"/>
    	<effect_group tiered="false">
    		<triggered_effect trigger="onSelfPrimaryActionEnd" action="ModifyCVar" cvar="ingotBundleForgedSteel" operation="set" value="1"/>
        <triggered_effect trigger="onSelfPrimaryActionEnd" action="ModifyCVar" cvar="ingotBundleForgedIron" operation="set" value="1"/>        
    		<triggered_effect trigger="onSelfPrimaryActionEnd" action="GiveExp" exp="500"/>
    	</effect_group>
    </item>

    <item name="resourceDwarvenForgedSteel">
      <property name="CustomIcon" value="resourceForgedSteel"/>
      <property name="CustomIconTint" value="1e9403"/> 
    	<property name="HoldType" value="45"/>
    	<property name="Meshfile" value="#Other/Items?Misc/sackPrefab.prefab"/>
    	<property name="DropMeshfile" value="#Other/Items?Misc/sack_droppedPrefab.prefab"/>
    	<property name="Material" value="MresourceForgedSteel"/>
    	<property name="Stacknumber" value="50"/>
    	<property name="EconomicValue" value="50"/>
    	<property name="Group" value="Resources"/>
    	<property name="CraftingIngredientTime" value="15"/>
    	<property name="RepairTime" value="1"/>
    	<property name="RepairAmount" value="400"/>
    </item>

    <item name="toolDwarvenBellows">
      <property name="Extends" value="toolBellows"/>
      <property name="CustomIcon" value="toolBellows"/>
      <property name="CustomIconTint" value="1e9403"/> 
    	<property name="HoldType" value="45"/>
    	<property name="Meshfile" value="#Other/Items?Misc/sackPrefab.prefab"/>
    	<property name="DropMeshfile" value="#Other/Items?Misc/sack_droppedPrefab.prefab"/>
    	<property name="Material" value="MtoolBellows"/>
    	<property name="Stacknumber" value="1"/> 
    	<property name="Weight" value="100"/>
    	<property name="EconomicValue" value="5000"/>
    	<property name="Group" value="Tools/Traps"/>
    	<property name="DisplayType" value="toolBellows"/>
    	<property name="ItemTypeIcon" value="forge"/>
    	<effect_group tiered="false">
    		<passive_effect name="CraftingSmeltTime" operation="perc_add" value="-.777"/>
    		<display_value name="dCraftingSmeltTime" value=".77"/>
    	</effect_group>
    </item>
    
    <item name="toolDwarvenAnvil">
      <property name="CustomIcon" value="toolAnvil"/>
      <property name="CustomIconTint" value="1e9403"/> 
    	<property name="Tags" value="toolAnvil"/>
    	<property name="HoldType" value="45"/>
    	<property name="Meshfile" value="#Other/Items?Misc/sackPrefab.prefab"/>
    	<property name="DropMeshfile" value="#Other/Items?Misc/sack_droppedPrefab.prefab"/>
    	<property name="Material" value="Msteel"/>
    	<property name="Weight" value="200"/>
    	<property name="Stacknumber" value="1"/>
    	<property name="EconomicValue" value="2500"/>
    	<property name="Group" value="Tools/Traps"/>
    	<property name="DisplayType" value="toolAnvil"/>
    	<property name="ItemTypeIcon" value="forge"/>
    	<effect_group tiered="false">
    		<passive_effect name="CraftingTime" operation="perc_add" value="-.5"/>
    		<display_value name="dCraftingTime" value=".5"/>
    	</effect_group>
    </item>
    
    <item name="toolDwarvenCrucible">
      <property name="CustomIcon" value="toolForgeCrucible"/>
      <property name="CustomIconTint" value="1e9403"/> 
    	<property name="HoldType" value="45"/>
    	<property name="Meshfile" value="#Other/Items?Misc/sackPrefab.prefab"/>
    	<property name="DropMeshfile" value="#Other/Items?Misc/sack_droppedPrefab.prefab"/>
    	<property name="Material" value="Msteel"/>
    	<property name="Stacknumber" value="1"/>
    	<property name="Group" value="Tools/Traps"/>
    	<property name="EconomicValue" value="2500"/>
    	<property name="SellableToTrader" value="false"/>
    	<property name="ItemTypeIcon" value="forge"/>
    </item>
    
    
    <item name="toolDwarvenDieSet">
      <property name="CustomIcon" value="toolAndDieSet"/>
      <property name="CustomIconTint" value="1e9403"/> 
      <property name="HoldType" value="45"/>
      <property name="Meshfile" value="#Other/Items?Misc/sackPrefab.prefab"/>
      <property name="DropMeshfile" value="#Other/Items?Misc/sack_droppedPrefab.prefab"/>
      <property name="Material" value="Msteel"/>
      <property name="Weight" value="30"/>
      <property name="Stacknumber" value="1"/>
      <property name="EconomicValue" value="2500"/>
      <property name="Group" value="Tools/Traps"/>
      <property name="ItemTypeIcon" value="forge"/>
    </item>
    
    <item name="toolDwarvenTools">
      <property name="CustomIcon" value="cntToolBoxOpen"/>
      <property name="CustomIconTint" value="2fff00"/> 
    	<property name="HoldType" value="45"/>
    	<property name="Meshfile" value="#Other/Items?Misc/sackPrefab.prefab"/>
    	<property name="DropMeshfile" value="#Other/Items?Misc/sack_droppedPrefab.prefab"/>
    	<property name="Material" value="Msteel"/>
    	<property name="Weight" value="5"/>
    	<property name="Stacknumber" value="1"/>
    	<property name="Group" value="Tools/Traps"/>
    	<property name="EconomicValue" value="2500"/>
      <property name="ItemTypeIcon" value="forge"/>
    </item>
  </append>

  <!-- Adjust the original items displayed advantage as they aren't accurate -->
  <set xpath="/items/item[@name='toolBellows']/effect_group/display_value[@name='dCraftingSmeltTime']/@value">.33</set>
  <set xpath="/items/item[@name='toolAnvil']/effect_group/display_value[@name='dCraftingTime']/@value">.33</set>

  
  <!-- ######################## -->
  <!-- Items/Recipes -->
  <append xpath="/items">  
    <item name="dwarvenBundleMaster">
    	<property name="CreativeMode" value="None"/>
    	<property name="CustomIcon" value="resourceForgedSteel"/>
      <property name="ItemTypeIcon" value="bundle"/>
    	<property name="DescriptionKey" value="ingotBundleDesc"/>
    	<property name="HoldType" value="45"/>
    	<property name="Meshfile" value="#Other/Items?Misc/sackPrefab.prefab"/>
    	<property name="DropMeshfile" value="#Other/Items?Misc/sack_droppedPrefab.prefab"/>
    	<property name="Material" value="Mmetal"/>
    	<property name="Stacknumber" value="5"/> 
    	<property name="Weight" value="0"/>
    	<property name="EconomicValue" value="900"/>
    	<property name="Group" value="Ammo/Weapons"/>
    	<property class="Action0">
    		<property name="Class" value="OpenBundle"/>
    		<property name="Delay" value="0"/>
    		<property name="Use_time" value="0"/>
    		<property name="Sound_start" value="close_garbage"/>
    		<property name="Create_item" value="resourceForgedSteel"/>
    		<property name="Create_item_count" value="100"/>
    	</property>
    </item>
    
    <item name="ingotBundleForgedSteel">
    	<property name="Extends" value="dwarvenBundleMaster"/>
    	<property name="CustomIcon" value="resourceForgedSteel"/>
    	<property name="Stacknumber" value="20"/>
    	<property name="EconomicValue" value="3000"/>
      <property name="UnlockedBy" value="schem_toc_dwarventools"/>
    	<property class="Action0">
    		<property name="Create_item" value="resourceForgedSteel"/>
    	</property>
    </item>
    
    <item name="ingotBundleForgedIron">
      <property name="Extends" value="dwarvenBundleMaster"/>
      <property name="CustomIcon" value="resourceForgedIron"/>
    	<property name="Stacknumber" value="20"/>
    	<property name="EconomicValue" value="3000"/>
      <property name="UnlockedBy" value="schem_toc_dwarventools"/>
    	<property class="Action0">
    		<property name="Create_item" value="resourceForgedIron"/>
    	</property>
    </item>
    
    <item name="trapBundleSteelSpikes">
      <property name="Extends" value="dwarvenBundleMaster"/>
      <property name="CustomIcon" value="trapSpikesScrapIronMaster"/>
      <property name="Stacknumber" value="20"/>
      <property name="EconomicValue" value="3000"/>
      <property name="UnlockedBy" value="schem_toc_dwarventools"/>
      <property class="Action0">
        <property name="Create_item" value="trapSpikesSteelDmg0"/>
      </property>
    </item>
    
  </append>


  <append xpath="/items">
		<!-- ELITE QUEST -->		
		<item name="questitem_dwarven_forge_name"> 
			<property name="DescriptionKey" value="questitem_dwarven_forge_description"/>						
			<property name="CustomIcon" value="challengeQuestMaster"/>
			<property name="CustomIconTint" value="ddccbe"/>
			<property name="Extends" value="questMaster"/>
			<property class="Action0">
				<property name="Class" value="Quest"/>
				<property name="QuestGiven" value="+Elite Quest for a Dwarven Forge"/>
				<property name="Delay" value="0"/>
			</property>			
			<property name="Group" value="Special Items"/>			
		</item>	
		<item name="questwrit_dwarven_forge_name">
			<property name="DescriptionKey" value="questwrit_dwarven_forge_description"/>						
			<property name="CustomIcon" value="questMaster"/> 
			<property name="CustomIconTint" value="d4af37"/>
			<property name="Extends" value="resourcePaper"/>
			<property name="Material" value="MresourcePaper"/>
			<property name="Stacknumber" value="1"/>
			<property name="NoScrapping" value="true"/>
			<property name="SellableToTrader" value="false"/>
			<property name="Group" value="Special Items"/>
			<property class="Action0">
				<property name="Class" value="Quest"/>
				<property name="QuestGiven" value="+Elite Reward of Dwarven Forge"/>
				<property name="Delay" value="0"/>
			</property>		
		</item>


		<item name="meleeHandDwarvenFemale">
			<property name="Extends" value="meleeHandMaster"/>
			<property name="CreativeMode" value="None"/>
			<property name="Degradation" value="99999" param1="true"/>
			<property name="Material" value="Morganic"/>
			<property class="Action0">
				<property name="Range" value="2"/>
				<property name="Sound_start" value="swoosh"/>
				<property name="DamageEntity" value="120"/>
				<property name="DamageBlock" value="5000"/>
				<property name="Buff" value="buffInjuryBleedingZombie,buffInfectionCatch,buffInjuryStunned01,triggerBrokenArm"/>

			</property>
			<effect_group name="meleeHandWendigo" tiered="false">
				<passive_effect name="ModSlots" operation="base_set" value="0"/>
				<passive_effect name="BuffProcChance" operation="base_set" value=".05" tags="buffInjuryBleedingZombie"/>
				<passive_effect name="BuffProcChance" operation="base_set" value=".05" tags="buffInfectionCatch"/>
				<passive_effect name="BuffProcChance" operation="base_set" value=".25" tags="buffInjuryStunned01"/>
				<passive_effect name="BuffProcChance" operation="base_set" value=".45" tags="triggerBrokenArm"/>
				<triggered_effect trigger="onSelfDamagedOther" action="ModifyCVar" target="other" cvar="infectionZombieHit" operation="set" value="75"/>
			</effect_group>
		</item>
		
		
	
	</append>

</config>
