<config>
	<append xpath="/quests">
		<!--
		This veteran quest should 
		Long lost tribe of little people..
			Travel to Rally Points and kill the "living" leader (female) of the little people
				Leader drops one maps, Dwarven Forge Schematic
					
			The Map starts rally point at POI quest, and immediately refunds the map
				Rally point starts three-wave attack of little people
					(Will probably need to chain quests together to do this)
				Each wave of attack drops:
					- Dwarven Anvil
					- Dwarven Bellows
					- Dwarven Crucible
				At completion of last wave, a slip of paper is left in the player's inventory
				This paper should provide the recipe to craft a Dwarven Tap and Die Set
						* Need to come up with some crazy requirements for this...
							- Like an Ratchet, an Impact Driver, a lot of Forged Steel, and 10 Dwarven Forged Steel
							- This should require a Dwarven Forge to craft
					- Dwarven Tap and Die Set
					
				The ELITE quest:
				Give player access to secret stash library book that tells the story of an ancient culture 
				of blacksmiths and say that it is rumored that this culture used special dwarven tools to create their wares.
					And that it is suspected that their secret was taken to the grave. But it is only
					a guess as to the general area where the dwarf queen was buried. The book should
					start a quest to go dig up this coffin.
					- treasure circle should be HUGE
					- in the coffin should be the Dwarven Tools		
					
					
				- Dwarven Anvil (Faster Crafting)
				- Dwarven Bellows (Faster Smelting)
				- Dwarven Crucible (Bundled Ingots)
				- Tap & Die Set
				- Dwarven Tools
		-->
		
		
		
		<!-- ELITE QUEST -->
		<!--
		<quest id="+Elite Quest for a Dwarven Forge">
			<property name="name_key" value="quest_dwarvenstart_name"/>
			<property name="subtitle_key" value="quest_dwarvenstart_subtitle"/>
			<property name="description_key" value="quest_dwarvenstart_description"/>
			<property name="icon" value="ui_game_symbol_zombie" />
			<property name="repeatable" value="true" />
			<property name="category_key" value="quest" />
			<property name="difficulty" value="insane" />
			<property name="offer_key" value="quest_dwarven_forge_offer"/>
			<property name="statement_key" value="quest_dwarvenstart_statement"/>
			<property name="response_key" value="quest_fetch_response"/>
			<property name="group_name_key" value="quest_dwarven_forge_group"/>
			<property name="shareable" value="false" />

			<reward type="Item" id="questitem_toc_veterancard_name" value="1" />
			<reward type="Quest" id="+Elite Quest For Dwarven Forge"/>			
		</quest>		

		
		<quest id="+Elite Quest For Dwarven Forge">
			<property name="name_key" value="quest_dwarven_forge_name"/>
			<property name="subtitle_key" value="quest_dwarven_forge_subtitle"/>
			<property name="description_key" value="quest_dwarven_forge_description"/>
			<property name="icon" value="ui_game_symbol_zombie" />
			<property name="repeatable" value="true" />
			<property name="category_key" value="challenge" />
			<property name="difficulty" value="insane" />
			<property name="offer_key" value="quest_dwarven_forge_offer"/>
			<property name="statement_key" value="quest_dwarven_forge_statement"/>
			<property name="response_key" value="quest_fetch_response"/>
			<property name="login_rally_reset" value="true"/>
			<property name="group_name_key" value="quest_dwarven_forge_group"/>
			<property name="shareable" value="false" />

			<objective type="RandomGoto" value="500-800" phase="1">
				<property name="completion_distance" value="50"/>
				<property name="nav_object" value="quest" />
			</objective>
			<objective type="RallyPoint">
				<property name="start_mode" value="Create"/>
				<property name="phase" value="2"/>
				<property name="nav_object" value="rally" />
			</objective>
			<action type="SpawnEnemy" id="ZombieDwarvenFemale" value="1" phase="3"/>
			<action type="SpawnEnemy" id="zombieScreamer" value="2-4" phase="3"/>
			<action type="SpawnEnemy" id="zombieSpiderFeral" value="2-4" phase="3"/>
			<action type="SpawnEnemy" id="zombieDemolition" value="1-3" phase="3"/>
			<action type="SpawnEnemy" id="animalWolf" value="4" phase="3"/>

			<objective type="ZombieKill" id="ZombieDwarvenFemale" value="1" phase="3"/>
			
			<reward type="Item" id="questwrit_dwarven_forge_name" value="1" />
			<reward type="Exp" value="15000" />
			<reward type="SkillPoints" value="2" />				
		</quest>		
		
		<quest id="+Elite Reward of Dwarven Forge">
			<property name="name_key" value="questreward_dwarven_forge_name"/>
			<property name="subtitle_key" value="questreward_dwarven_forge_subtitle"/>
			<property name="description_key" value="questreward_dwarven_forge_description"/>
			<property name="icon" value="ui_game_symbol_map_trader" />
			<property name="repeatable" value="true" />
			<property name="category_key" value="quest" />
			<property name="difficulty" value="easy" />
			<property name="offer_key" value="questreward_dwarven_forge_offer"/>
			<property name="statement_key" value="questreward_dwarven_forge_statement"/>
			<property name="response_key" value="quest_fetch_response"/>
			<property name="group_name_key" value="questreward_dwarven_forge_group"/>
			<property name="shareable" value="false" />						
			<property name="completiontype" value="TurnIn" />

			<objective type="Goto" value="5" phase="1" />
			<objective type="ReturnToNPC">
				<property name="phase" value="2"/>
				<property name="nav_object" value="return_to_trader" />
			</objective>
			<objective type="InteractWithNPC">
				<property name="phase" value="3" />
			</objective>
			
			<reward type="Item" id="questitem_toc_elitecard_name" value="1" />				
			<reward type="Item" id="schem_toc_dwarventools" value="1" />
			<reward type="Exp" value="10000" />
			<reward type="SkillPoints" value="3" />				
		</quest>
	-->
	</append>
</config>