<configs>
	<append xpath="/recipes">
	
		<recipe name="questblock_toc_glassNonFuzzyBulletproofBlockVariantHelper" count="1" material_based="true" craft_area="forge" craft_tool="toolForgeCrucible" tags="perkAdvancedEngineering,learnable">
			<ingredient name="unit_glass" count="110"/>
			<ingredient name="unit_stone" count="10"/>
			<ingredient name="unit_lead" count="40"/>
			<ingredient name="unit_iron" count="20"/>
			<ingredient name="unit_clay" count="20"/>
			<effect_group>
				<passive_effect name="CraftingIngredientCount" operation="perc_add" level="0,1,2,3,4" value=".25,.25,.25,.177,.12" tags="unit_clay,unit_stone,unit_glass,unit_iron,unit_lead"/>
			</effect_group>
		</recipe>

		<recipe name="vetquestitem_toc_glassNonFuzzyBulletproofBlockVariantHelper_name" count="1" craft_time = "1" craft_exp_gain="0" >
			<ingredient name="questitem_toc_veterancard_name" count="1"/>
		</recipe>
		<recipe name="vetquestwrit_toc_glassNonFuzzyBulletproofBlockVariantHelper_name" count="1" craft_time = "90" craft_exp_gain="5000" >
			<ingredient name="glassBulletproofBlockVariantHelper" count="50"/>
			<ingredient name="resourcePaper" count="1"/>
			<ingredient name="questitem_vetcoin_glassNonFuzzyBulletproofBlockVariantHelper" count="1"/>
		</recipe>	
 
		<recipe name="elitequestitem_toc_glassNonFuzzyBulletproofBlockVariantHelper_name" count="1" craft_time = "1" craft_exp_gain="0" >
			<ingredient name="questitem_toc_elitecard_name" count="1"/>
		</recipe>
		<recipe name="elitequestwrit_toc_glassNonFuzzyBulletproofBlockVariantHelper_name" count="1" craft_time = "90" craft_exp_gain="5000" >
			<ingredient name="glassBulletproofBlockVariantHelper" count="100"/>
			<ingredient name="resourcePaper" count="1"/>
			<ingredient name="questitem_elitecoin_glassNonFuzzyBulletproofBlockVariantHelper" count="1"/>
		</recipe>

	</append>
	
</configs>