<Doughs>

  <append xpath="/recipes">

    <!--
    ##########
    Pipe Bombs
    ########## -->
    <recipe name="doughsThrownAmmoPipeBombSteel" count="1" craft_area="workbench" tags="learnable,workbenchCrafting">
      <ingredient name="resourceYuccaFibers" count="1"/>
    	<ingredient name="resourceGunPowder" count="16"/>
    	<ingredient name="doughsResourceSteelPipeBombParts" count="1"/>
    </recipe>

    <recipe name="doughsThrownAmmoPipeBombBrass" count="1" craft_area="workbench" tags="learnable,workbenchCrafting">
      <ingredient name="resourceYuccaFibers" count="1"/>
      <ingredient name="resourceGunPowder" count="9"/>
      <ingredient name="doughsResourceBrassPipeBombParts" count="3"/>
    </recipe>

    <recipe name="doughsThrownAmmoPipeBombPlastic" count="1" craft_area="workbench" tags="learnable,workbenchCrafting">
      <ingredient name="resourceYuccaFibers" count="1"/>
    	<ingredient name="resourceGunPowder" count="3"/>
    	<ingredient name="doughsResourcePlasticPipeBombParts" count="2"/>
    </recipe>

    <!--
    ##########
    Pipe Bomb Parts: Workbench
    ##########
    -->
    <!-- Note: SteelPipeBombParts = Just like making regular Iron pipe -->
    <recipe name="doughsResourceSteelPipeBombParts" count="1" craft_area="workbench" tags="learnable,workbenchCrafting,perkAdvancedEngineering">
      <ingredient name="resourceForgedSteel" count="1"/>
    </recipe>

    <!-- Note: BrassPipeBombParts = No Brass "ingots" in the game, so only forgeable to burn up brass ;)-->

    <!-- Note: PlasticPipeBombParts = Make something up -->
    <recipe name="doughsResourcePlasticPipeBombParts" count="1" craft_area="workbench" tags="learnable,workbenchCrafting,perkAdvancedEngineering">
      <ingredient name="resourceScrapPolymers" count="10"/>
    </recipe>

    <!--
    ##########
    Pipe Bomb Parts: Forge
    ##########
    -->
    <!-- Note: SteelPipeBombParts = Just like making regular steel -->
    <recipe name="doughsResourceSteelPipeBombParts" count="1" material_based="true" craft_area="forge" tags="perkAdvancedEngineering" craft_tool="toolForgeCrucible">
    	<ingredient name="unit_iron" count="20"/>
    	<ingredient name="unit_clay" count="10"/>
    	<effect_group>
    		<passive_effect name="CraftingIngredientCount" level="0,1,2,3,4" operation="perc_add" value=".5,.5,.5,.3,.15" tags="unit_clay,unit_iron"/>
    	</effect_group>
    </recipe>

    <!-- Note: BrassPipeBombParts = Merge resourceBulletCasing and Steel crafting-->
    <recipe name="doughsResourceBrassPipeBombParts" count="1" material_based="true" craft_area="forge" tags="perkAdvancedEngineering" craft_tool="toolAnvil">
    	<ingredient name="unit_brass" count="20"/>
      <ingredient name="unit_clay" count="6"/>
    	<effect_group>
    		<passive_effect name="CraftingIngredientCount" operation="perc_add" level="0,1,2,3,4" value=".5,.5,.5,.3,.15" tags="unit_brass"/>
    	</effect_group>
    </recipe>

    <!-- Note: PlasticPipeBombParts = No forging plastic ;)-->

  </append>

</Doughs>
