<config>

  	<set xpath="/recipes/recipe[@name='plantedAloe1']/@count">3</set>
    <set xpath="/recipes/recipe[@name='plantedAloe1']/ingredient[@name='resourceCropAloeLeaf']/@count">1</set>

    <set xpath="/recipes/recipe[@name='plantedBlueberry1']/@count">3</set>
    <set xpath="/recipes/recipe[@name='plantedBlueberry1']/ingredient[@name='foodCropBlueberries']/@count">1</set>
    
    <set xpath="/recipes/recipe[@name='plantedChrysanthemum1']/@count">3</set>
    <set xpath="/recipes/recipe[@name='plantedChrysanthemum1']/ingredient[@name='resourceCropChrysanthemumPlant']/@count">1</set>
    
    <set xpath="/recipes/recipe[@name='plantedCoffee1']/@count">3</set>
    <set xpath="/recipes/recipe[@name='plantedCoffee1']/ingredient[@name='resourceCropCoffeeBeans']/@count">1</set>
    
    <set xpath="/recipes/recipe[@name='plantedCorn1']/@count">3</set>
    <set xpath="/recipes/recipe[@name='plantedCorn1']/ingredient[@name='foodCropCorn']/@count">1</set>
    
    <set xpath="/recipes/recipe[@name='plantedCotton1']/@count">3</set>
    <set xpath="/recipes/recipe[@name='plantedCotton1']/ingredient[@name='resourceCropCottonPlant']/@count">1</set>
    
    <set xpath="/recipes/recipe[@name='plantedGoldenrod1']/@count">3</set>
    <set xpath="/recipes/recipe[@name='plantedGoldenrod1']/ingredient[@name='resourceCropGoldenrodPlant']/@count">1</set>
    
    <set xpath="/recipes/recipe[@name='plantedGraceCorn1']/@count">3</set>
    <set xpath="/recipes/recipe[@name='plantedGraceCorn1']/ingredient[@name='foodCropGraceCorn']/@count">1</set>
    
    <set xpath="/recipes/recipe[@name='plantedHop1']/@count">3</set>
    <set xpath="/recipes/recipe[@name='plantedHop1']/ingredient[@name='resourceCropHopsFlower']/@count">1</set>
    
    <set xpath="/recipes/recipe[@name='plantedMushroom1']/@count">3</set>
    <set xpath="/recipes/recipe[@name='plantedMushroom1']/ingredient[@name='foodCropMushrooms']/@count">1</set>
    
    <set xpath="/recipes/recipe[@name='plantedPotato1']/@count">3</set>
    <set xpath="/recipes/recipe[@name='plantedPotato1']/ingredient[@name='foodCropPotato']/@count">1</set>
    
    <set xpath="/recipes/recipe[@name='plantedYucca1']/@count">3</set>
    <set xpath="/recipes/recipe[@name='plantedYucca1']/ingredient[@name='foodCropYuccaFruit']/@count">1</set>
    
    <set xpath="/recipes/recipe[@name='plantedPumpkin1']/@count">3</set>
    <set xpath="/recipes/recipe[@name='plantedPumpkin1']/ingredient[@name='foodCropPumpkin']/@count">1</set>
    
    <set xpath="/recipes/recipe[@name='decoPumpkinJackOLantern']/@count">3</set>
    
    <set xpath="/recipes/recipe[@name='plantedtreeGrassSeed1']/@count">3</set>
    <set xpath="/recipes/recipe[@name='plantedtreeGrassSeed1']/ingredient[@name='resourceYuccaFibers']/@count">1</set>    
</config>
