﻿<fob>
		<append xpath="/traders/trader_item_groups/trader_item_group[@name='weaponsMeleeT0-1']">
			<item name="meleeWpnBladeT1HuntingKnife" mods="damage,durability,health,shaft,fire,specialDamage,knockback" mod_chance=".5" quality="1,6"/>
			<item name="meleeWpnClubT1BaseballBat" mods="damage,durability,health,shaft,fire,specialDamage,knockback" mod_chance=".5" quality="1,6"/>
			<item name="meleeWpnSpearT1IronSpear" mods="damage,durability,health,shaft,fire,specialDamage,knockback" mod_chance=".5" quality="1,6"/>
			<item name="meleeWpnSledgeT1IronSledgehammer" mods="damage,durability,health,shaft,fire,specialDamage,knockback" mod_chance=".5" quality="1,6"/>
			<item name="meleeWpnKnucklesT1IronKnuckles" mods="damage,durability,health,shaft,fire,specialDamage,knockback" mod_chance=".5" quality="1,6"/>
			<item name="meleeWpnBatonT2StunBaton" mods="damage,durability,health,shaft,fire,specialDamage,knockback" mod_chance=".5" quality="1,6"/>

		</append>

		<append xpath="/traders/trader_item_groups/trader_item_group[@name='weaponsMeleeT2']">
			<item name="meleeWpnBladeT3Machete" mods="damage,durability,health,shaft,fire,specialDamage,knockback" mod_chance=".5" quality="1,6"/>
			<item name="meleeWpnClubT3SteelClub" mods="damage,durability,health,shaft,fire,specialDamage,knockback" mod_chance=".5" prob="0.7" quality="1,6"/>
			<item name="meleeWpnSpearT3SteelSpear" mods="damage,durability,health,shaft,fire,specialDamage,knockback" mod_chance=".5" quality="1,6"/>
			<item name="meleeWpnSledgeT3SteelSledgehammer" mods="damage,durability,health,shaft,fire,specialDamage,knockback" mod_chance=".5" quality="1,6"/>
			<item name="meleeWpnKnucklesT3SteelKnuckles" mods="damage,durability,health,shaft,fire,specialDamage,knockback" mod_chance=".5" quality="1,6"/>

		</append>

		<append xpath="/traders/trader_item_groups/trader_item_group[@name='weaponsGunsT1']">
			<item name="gunHandgunT1Pistol" mods="barrelAttachments,sideAttachments,smallTopAttachments,scope,trigger,magazine,grips,accuracy,crippling" mod_chance=".5" quality="1,6"/>
			<item name="gunShotgunT1DoubleBarrel" mods="barrelAttachments,sideAttachments,smallTopAttachments,scope,trigger,magazine,grips,accuracy,crippling" mod_chance=".5" quality="1,6"/>
			<item name="gunMGT1AK47" mods="barrelAttachments,sideAttachments,smallTopAttachments,scope,trigger,magazine,grips,accuracy,crippling" mod_chance=".5" quality="1,6"/>
			<item name="gunRifleT1HuntingRifle" mods="barrelAttachments,sideAttachments,smallTopAttachments,scope,trigger,magazine,grips,accuracy,crippling" mod_chance=".5" quality="1,6"/>
			<item name="gunBowT1WoodenBow" mods="barrelAttachments,sideAttachments,smallTopAttachments,scope,trigger,velocity" mod_chance=".5" prob="0.7" quality="1,6"/>
			<item name="gunBowT1IronCrossbow" mods="barrelAttachments,sideAttachments,smallTopAttachments,scope,trigger,velocity" mod_chance=".5" prob="0.7" quality="1,6"/>
			<item name="gunBotT1JunkSledge" mods="barrelAttachments,sideAttachments,smallTopAttachments,scope,trigger,magazine,grips,accuracy,crippling" mod_chance=".5" prob="0.7" quality="1,6"/>

		</append>

		<append xpath="/traders/trader_item_groups/trader_item_group[@name='weaponsGunsT2']">
			<item name="gunShotgunT2PumpShotgun" mods="barrelAttachments,sideAttachments,smallTopAttachments,scope,trigger,magazine,grips,accuracy,crippling" mod_chance=".5" quality="1,6"/>
			<item name="gunMGT2TacticalAR" mods="barrelAttachments,sideAttachments,smallTopAttachments,scope,trigger,magazine,grips,accuracy,crippling" mod_chance=".5" quality="1,6"/>
			<item name="gunRifleT2MarksmanRifle" mods="barrelAttachments,sideAttachments,smallTopAttachments,scope,trigger,magazine,grips,accuracy,crippling" mod_chance=".5" quality="1,6"/>
			<item name="gunHandgunT2Magnum44" mods="barrelAttachments,sideAttachments,smallTopAttachments,scope,trigger,magazine,grips,accuracy,crippling" mod_chance=".5" prob="0.7" quality="1,6"/>
			<item name="gunBowT3CompoundBow" mods="barrelAttachments,sideAttachments,smallTopAttachments,scope,trigger,velocity" mod_chance=".5" prob="0.7" quality="1,6"/>
			<item name="gunBowT3CompoundCrossbow" mods="barrelAttachments,sideAttachments,smallTopAttachments,scope,trigger,velocity" mod_chance=".5" prob="0.7" quality="1,6"/>

		</append>

		<append xpath="/traders/trader_item_groups/trader_item_group[@name='weaponsGunsT3']">
			<item name="gunHandgunT3SMG5" mods="barrelAttachments,sideAttachments,smallTopAttachments,scope,trigger,magazine,grips,accuracy,crippling" mod_chance=".5" prob="0.7" quality="1,6"/>
			<item name="gunMGT3M60" mods="barrelAttachments,sideAttachments,smallTopAttachments,scope,trigger,magazine,grips,accuracy,crippling" mod_chance=".5" quality="1,6"/>
			<item name="gunHandgunT2Magnum44" mods="barrelAttachments,sideAttachments,smallTopAttachments,scope,trigger,magazine,grips,accuracy,crippling" mod_chance=".5" prob="0.7" quality="1,6"/>
			<item name="gunHandgunT3DesertVulture" mods="barrelAttachments,sideAttachments,smallTopAttachments,scope,trigger,magazine,grips,accuracy,crippling" mod_chance=".5" prob="0.7" quality="1,6"/>
			<item name="gunShotgunT3AutoShotgun" mods="barrelAttachments,sideAttachments,smallTopAttachments,scope,trigger,magazine,grips,accuracy,crippling" mod_chance=".5" prob="0.7" quality="1,6"/>
			<item name="gunRifleT3SniperRifle" mods="barrelAttachments,sideAttachments,smallTopAttachments,scope,trigger,magazine,grips,accuracy,crippling" mod_chance=".5" prob="0.7" quality="1,6"/>
			<item name="gunExplosivesT3RocketLauncher" mods="barrelAttachments,sideAttachments,smallTopAttachments,scope,trigger,magazine,grips,accuracy,crippling" mod_chance=".5" quality="1,6"/>

		</append>

		<append xpath="/traders/trader_item_groups/trader_item_group[@name='weaponsGunsT3QL5']">
			<item name="gunHandgunT3SMG5" mods="barrelAttachments,sideAttachments,smallTopAttachments,scope,trigger,magazine,grips,accuracy,crippling" mod_chance=".5" prob="0.7" quality="2,5"/>
			<item name="gunMGT3M60" mods="barrelAttachments,sideAttachments,smallTopAttachments,scope,trigger,magazine,grips,accuracy,crippling" mod_chance=".5" quality="2,5"/>
			<item name="gunHandgunT2Magnum44" mods="barrelAttachments,sideAttachments,smallTopAttachments,scope,trigger,magazine,grips,accuracy,crippling" mod_chance=".5" prob="0.7" quality="2,5"/>
			<item name="gunHandgunT3DesertVulture" mods="barrelAttachments,sideAttachments,smallTopAttachments,scope,trigger,magazine,grips,accuracy,crippling" mod_chance=".5" prob="0.7" quality="2,5"/>
			<item name="gunShotgunT3AutoShotgun" mods="barrelAttachments,sideAttachments,smallTopAttachments,scope,trigger,magazine,grips,accuracy,crippling" mod_chance=".5" prob="0.7" quality="2,5"/>
			<item name="gunRifleT3SniperRifle" mods="barrelAttachments,sideAttachments,smallTopAttachments,scope,trigger,magazine,grips,accuracy,crippling" mod_chance=".5" prob="0.7" quality="2,5"/>
			<item name="gunExplosivesT3RocketLauncher" mods="barrelAttachments,sideAttachments,smallTopAttachments,scope,trigger,magazine,grips,accuracy,crippling" mod_chance=".5" quality="2,5"/>

		</append>

		<append xpath="/traders/trader_item_groups/trader_item_group[@name='rareTools']">
			<item name="meleeToolAxeT3Chainsaw" mods="fuel,durability,damage,durability,health,fire,damageWood" mod_chance=".5" quality="1,6"/>
			<item name="meleeToolPickT3Auger" mods="fuel,durability,damage,durability,health,fire,damageDirt,damageStone,damageIron," mod_chance=".5" quality="1,6"/>
			<item name="meleeToolPickT2SteelPickaxe" mods="damage,durability,health,damageDirt,damageStone,damageIron" mod_chance=".5" prob="0.7" quality="1,6"/>
			<item name="meleeToolAxeT2SteelAxe" mods="damage,durability,health,fire,damageDirt,damageStone,damageIron,damageWood" mod_chance=".5" prob="0.7" quality="1,6"/>
			<item name="meleeToolShovelT2SteelShovel" mods="damage,durability,health,damageDirt" mod_chance=".5" prob="0.7" quality="1,6"/>
			<item name="meleeWpnSledgeT3SteelSledgehammer" mods="damage,durability,health,fire,damageDirt,damageStone,damageIron,damageWood" mod_chance=".5" quality="1,6"/>

		</append>

		<append xpath="/traders/trader_item_groups/trader_item_group[@name='tools']">
			<item name="meleeToolPickT1IronPickaxe" mods="damage,durability,health,damageDirt,damageStone,damageIron" mod_chance=".5" quality="1,6"/>
			<item name="meleeToolShovelT1IronShovel" mods="damage,durability,health,damageDirt" mod_chance=".5" quality="1,6"/>
			<item name="meleeToolAxeT1IronFireaxe" mods="damage,durability,health,fire,damageDirt,damageStone,damageIron,damageWood" mod_chance=".5" quality="1,6"/>
			<item name="meleeWpnSledgeT1IronSledgehammer" mods="damage,durability,health,fire,damageDirt,damageStone,damageIron,damageWood" mod_chance=".5" quality="1,6"/>

		</append>
		
</fob>