<configs>
<!-- #################################### -->
<!-- START 60Slot_Bag_30Reserve by ShoudenKalferas, Based on Khaine's 60BBM -->
<!-- Website: https://github.com/XelaNull/7dtd-Modlets.git -->
<!-- Download URL: https://github.com/XelaNull/7DTD-Bag_Bellows_Headshot.git -->
<append xpath="/controls">
	<kh60_backpack_item_stack>
		<rect controller="ItemStack" style="kh60_itemStack, hover" collider_scale="1.1" >
			<sprite depth="2" name="backgroundMain" sprite="menu_empty3px" pos="-3,3" width="63" height="63" color="[black]" type="sliced" fillcenter="false" />	
			<sprite depth="3" name="background" sprite="menu_empty3px" width="58" height="58" color="[darkGrey]" type="sliced" globalopacity="true" fillcenter="false"/>
			<sprite depth="2" name="highlightOverlay" width="57" height="57" color="[darkGrey]" pos="0,0" type="sliced" globalopacity="true"/>
			<texture depth="3" name="backgroundTexture" material="Materials/Transparent Colored" size="58,58" globalopacity="true"/>
			<sprite depth="4" name="itemIcon" width="45" height="45" atlas="ItemIconAtlas" sprite="{itemicon}" pos="25,-25" pivot="center" foregroundlayer="true" color="{iconcolor}" />
			<sprite depth="8" name="lockTypeIcon" width="17" height="17" sprite="" pos="2,-2" foregroundlayer="true"/>
			<sprite depth="8" name="itemtypeicon" width="24" height="24" sprite="ui_game_symbol_{itemtypeicon}" pos="2,-2" foregroundlayer="true" visible="{hasitemtypeicon}" color="{itemtypeicontint}" />
			<sprite depth="3" name="durabilityBackground" width="56" height="7" sprite="menu_empty3px" color="[darkGrey]" type="sliced" pos="1, -50" foregroundlayer="true"/>
			<filledsprite depth="4" name="durability" width="56" height="7" sprite="menu_empty2px" color="[transparent]" type="filled" pos="1, -50" foregroundlayer="true"/>
			<sprite depth="5" name="disabledOverlay" width="57" height="57" color="[darkGrey_half_alpha]" pos="1,-1" type="sliced" visible="false"/>
			<label depth="7" name="stackValue" pos="-2,-40" width="55" height="17" text="{itemcount}" font_size="18" effect="outline" justify="center" />
			<label depth="7" name="timer" pos="35,-33" width="55" height="21" font_size="18" justify="center" pivot="center" effect="outline" color="[beige]"/>
			<sprite depth="9" name="cancel" sprite="ui_game_symbol_x" width="55" height="55" color="255,0,0,255" type="sliced" visible="false" foregroundlayer="true"/>
			<label depth="12" name="itemName" pos="36,-30" width="0" height="0" text="" font_size="21" justify="center" overflow="resizefreely" effect="outline" pivot="center" above_soft_cursor="true"/>
			<sprite depth="13" name="assembleIcon" size="28,28" sprite="{stacklockicon}" color="{stacklockcolor}" visible="{isassemblelocked}" pos="14,-14" foregroundlayer="true" />
		</rect>
	</kh60_backpack_item_stack>
</append>
<!-- END 60Slot_Bag_30Reserve by ShoudenKalferas, Based on Khaine's 60BBM -->


<!-- #################################### -->
<!-- START Khaine's 8-slot Crafting Queue by KhaineGB, Modified by Shouden Kalferas -->
<!-- Download URL: https://github.com/XelaNull/7dtd-FixedModlets.git -->
	<append xpath="/controls">
		<kh12_craft_queue_stack>
			<rect controller="RecipeStack" width="57" height="57" collider_scale="1.1">
				<sprite depth="2" name="backgroundMain" sprite="menu_empty3px" pos="-3,3" width="63" height="63" color="[black]" type="sliced" fillcenter="false" />	
				<sprite name="background" color="[mediumGrey]" type="sliced" style="press" on_hover="true"/>
				<sprite depth="1" name="itemIcon" width="53" height="53" atlas="ItemIconAtlas" sprite="" pos="0,-5" pivot="topleft" foregroundlayer="true"/>
				<sprite depth="4" name="lockIcon" width="16" height="16" sprite="ui_game_symbol_hammer" pos="2,-2" visible="false" foregroundlayer="true"/>
				<label depth="4" name="count" pos="4,-42" width="53" height="16" text="Test" font_size="16" justify="right" effect="outline" />
				<label depth="4" name="timer" pos="34,-38" width="55" height="16" font_size="16" justify="center" pivot="center" color="[beige]"/>
				<sprite depth="2" name="overlay" width="55" height="55" color="32,32,32,128" type="sliced"/>
				<sprite depth="3" name="cancel" sprite="ui_game_symbol_x" width="55" height="55" color="255,0,0,0" type="sliced" visible="false" foregroundlayer="true"/>
			</rect>
		</kh12_craft_queue_stack>
	</append>
<!-- END Khaine's 8-slot Crafting Queue by KhaineGB, Modified by Shouden Kalferas -->


<!-- #################################### -->
<!-- START Doughs UI Add 5 Recipe Ingredients by Doughphunghus -->
<!-- Website: https://github.com/doughphunghus -->
<!-- Download URL: https://github.com/doughphunghus/7D2D-Doughs-Mods-a19 -->
  <remove xpath="/controls/ingredient_row" />
  <append xpath="/controls">
    <ingredient_row>
      <rect name="row" width="225" height="50" controller="IngredientEntry">
        <rect depth="2" width="65" height="48">
          <sprite depth="2" name="backgroundMain" sprite="menu_empty3px" pos="-3,2" width="71" height="53" color="[black]" type="sliced" fillcenter="false" />
          <sprite color="[lightGrey]" type="sliced" />
          <sprite depth="2" name="icon" width="56" height="40" atlas="ItemIconAtlas" sprite="{itemicon}" color="{itemicontint}" pos="30,-20" pivot="center" foregroundlayer="true"/>
        </rect>
        <rect depth="2" width="158" height="48" pos="68,0">
          <sprite depth="2" name="backgroundMain" sprite="menu_empty3px" pos="-3,2" width="158" height="53" color="[black]" type="sliced" fillcenter="false" />
          <sprite color="[lightGrey]" type="sliced" />
          <label depth="3" name="name" pos="80,-20" width="157" height="26" font_size="19" color="[labelColor]" justify="left" pivot="center" text="{itemname} {haveneedcount}"/>
        </rect>
      </rect>
    </ingredient_row>
   </append>
<!-- END Doughs UI Add 5 Recipe Ingredients by Doughphunghus -->


</configs>
