<configs>
<!-- #################################### -->
<!-- START Delmod__Combiner by Shouden with Heavy Reliance on DelStryker -->
<!-- Download URL: https://github.com/XelaNull/7DTD-Combiner.git -->
	<append xpath="/xui/ruleset/window_group[@name='workstation_workbench']" >
		<window name="windowCombine" />
	</append>
	<append xpath="/xui/ruleset/window_group[@name='vehicleStorage']" >
		<window name="windowCombine" />
	</append>
<!-- END Delmod__Combiner by Shouden with Heavy Reliance on DelStryker -->


<!-- #################################### -->
<!-- START Home_Depot by OrbitalBliss, Fixed by ShoudenKalferas -->
<!-- Website: https://github.com/OrbitalBliss/HOME_DEPOT_7D2D_MOD -->
<!-- Download URL: https://github.com/XelaNull/7dtd-FixedModlets.git -->
	<append xpath="/xui/ruleset">
		<window_group name="workstation_Home Woodstove" controller="XUiC_WorkstationWindowGroup">
				<window name="windowCraftingList"/>
				<window name="craftingInfoPanel"/>
				<window name="windowCraftingQueue"/>
				<window name="windowToolsCampfire" />
				<window name="windowFuel" />
				<window name="windowOutput" />
				<window name="windowNonPagingHeader" />
		</window_group>
		<window_group name="workstation_Home Electric Oven" controller="XUiC_WorkstationWindowGroup">
				<window name="windowCraftingList"/>
				<window name="craftingInfoPanel"/>
				<window name="windowCraftingQueue"/>
				<window name="windowToolsCampfire" />
				<window name="windowFuel" />
				<window name="windowOutput" />
				<window name="windowNonPagingHeader" />
		</window_group>
		<window_group name="workstation_Home Microwave Oven" controller="XUiC_WorkstationWindowGroup">
				<window name="windowCraftingList"/>
				<window name="craftingInfoPanel"/>
				<window name="windowCraftingQueue"/>
				<window name="windowToolsCampfire" />
				<window name="windowFuel" />
				<window name="windowOutput" />
				<window name="windowNonPagingHeader" />
		</window_group>
		<window_group name="workstation_Home Gas Grill Open" controller="XUiC_WorkstationWindowGroup">
				<window name="windowCraftingList"/>
				<window name="craftingInfoPanel"/>
				<window name="windowCraftingQueue"/>
				<window name="windowToolsCampfire" />
				<window name="windowFuel" />
				<window name="windowOutput" />
				<window name="windowNonPagingHeader" />
		</window_group>
		<window_group name="workstation_Home Gas Grill Closed" controller="XUiC_WorkstationWindowGroup">
				<window name="windowCraftingList"/>
				<window name="craftingInfoPanel"/>
				<window name="windowCraftingQueue"/>
				<window name="windowToolsCampfire" />
				<window name="windowFuel" />
				<window name="windowOutput" />
				<window name="windowNonPagingHeader" />
		</window_group>
				<window_group name="workstation_Home Charcoal Grill Open" controller="XUiC_WorkstationWindowGroup">
				<window name="windowCraftingList"/>
				<window name="craftingInfoPanel"/>
				<window name="windowCraftingQueue"/>
				<window name="windowToolsCampfire" />
				<window name="windowFuel" />
				<window name="windowOutput" />
				<window name="windowNonPagingHeader" />
		</window_group>
		<window_group name="workstation_Home Charcoal Grill Closed" controller="XUiC_WorkstationWindowGroup">
				<window name="windowCraftingList"/>
				<window name="craftingInfoPanel"/>
				<window name="windowCraftingQueue"/>
				<window name="windowToolsCampfire" />
				<window name="windowFuel" />
				<window name="windowOutput" />
				<window name="windowNonPagingHeader" />
		</window_group>
	</append>
<!-- END Home_Depot by OrbitalBliss, Fixed by ShoudenKalferas -->


<!-- #################################### -->
<!-- START Khaine's 3-slot Forge Input by KhaineGB -->
<!-- Download URL: https://github.com/XelaNull/7dtd-FixedModlets.git -->
	<set xpath="/xui/ruleset/window_group[@name='workstation_forge']/window[@name='windowForgeInput']/@name">windowThreeForgeInput</set>
	<set xpath="/xui/ruleset/window_group[@name='workstation_forge']/window[@name='windowOutput']/@name">windowThreeForgeOutput</set>
<!-- END Khaine's 3-slot Forge Input by KhaineGB -->


<!-- #################################### -->
<!-- START Khaine's HO Bar Mod by KhaineGB -->
<!-- Download URL: https://github.com/XelaNull/7dtd-FixedModlets.git -->
	<append xpath="/xui/ruleset[@name='default']/window_group[@name='compass']">
		<window name="windowTargetBar" anchor="CenterTop" />
	</append>
<!-- END Khaine's HO Bar Mod by KhaineGB -->


</configs>
