<config>


<append xpath="/items">

<item name="foodMixedberryPieSchematic">
	<property name="Extends" value="schematicNoQualityRecipeMaster"/>
	<property name="CreativeMode" value="Player"/>
	<property name="CustomIcon" value="foodBlueberryPie"/> <property name="CustomIconTint" value="9932CC"/>
	<property name="Unlocks" value="foodMixedberryPie"/>
	<effect_group tiered="false">
		<triggered_effect trigger="onSelfPrimaryActionEnd" action="ModifyCVar" cvar="foodBlueberryPie" operation="set" value="1"/>
		<triggered_effect trigger="onSelfPrimaryActionEnd" action="GiveExp" exp="50"/>
	</effect_group>
</item>


<item name="drinkMixedberrySmoothieSchematic">
	<property name="Extends" value="schematicNoQualityRecipeMaster"/>
	<property name="CreativeMode" value="Player"/>
	<property name="CustomIcon" value="drinkYuccaJuiceSmoothie"/> <property name="CustomIconTint" value="9932CC"/>
	<property name="Unlocks" value="drinkMixedberrySmoothie"/>
	<effect_group tiered="false">
		<triggered_effect trigger="onSelfPrimaryActionEnd" action="ModifyCVar" cvar="drinkYuccaJuiceSmoothie" operation="set" value="1"/>
		<triggered_effect trigger="onSelfPrimaryActionEnd" action="GiveExp" exp="50"/>
	</effect_group>
</item>


<item name="foodMixedberryPie">
	<property name="Tags" value="food"/>
	<property name="HoldType" value="31"/>
	<property name="DisplayType" value="food"/>
	<property name="CustomIcon" value="foodBlueberryPie"/> <property name="CustomIconTint" value="9932CC"/>
	<property name="Meshfile" value="#Other/Items?Misc/parcelPrefab.prefab"/>
	<property name="DropMeshfile" value="#Other/Items?Misc/sack_droppedPrefab.prefab"/>
	<property name="Material" value="Morganic"/>
	<property name="Stacknumber" value="50"/> <!-- STK food -->
	<property name="EconomicValue" value="124"/>
	<property name="UnlockedBy" value="perkMasterChef,foodMixedberryPieSchematic"/>
	<property class="Action0">
		<property name="Class" value="Eat"/>
		<property name="Delay" value="1.0"/>
		<property name="Use_time" value="..."/>
		<property name="Sound_start" value="player_eating"/>
		<!-- jar from cooking food <property name="Create_item" value="drinkJarEmpty"/> -->
	</property>
	<property name="Group" value="Food/Cooking,CFFood/Cooking"/>
	<effect_group tiered="false" name="Food Tier 2">
		<triggered_effect trigger="onSelfPrimaryActionEnd" action="ModifyCVar" cvar="$foodAmountAdd" operation="add" value="45"/>
		<triggered_effect trigger="onSelfPrimaryActionEnd" action="ModifyCVar" cvar="foodHealthAmount" operation="add" value="25"/>
		<triggered_effect trigger="onSelfPrimaryActionEnd" action="ModifyCVar" cvar=".foodStaminaBonusAdd" operation="add" value="25"/>
		<triggered_effect trigger="onSelfPrimaryActionEnd" action="AddBuff" buff="buffProcessConsumables"/>
	</effect_group>
</item>

<item name="drinkMixedberrySmoothie">
	<property name="HoldType" value="3"/>
	<property name="DisplayType" value="drinkYuccaSmoothie"/>
	<property name="CustomIcon" value="drinkYuccaJuiceSmoothie"/> <property name="CustomIconTint" value="9932CC"/>
	<property name="Meshfile" value="#Other/Items?Food/bottled_waterPrefab.prefab"/>
	<property name="DropMeshfile" value="#Other/Items?Misc/sack_droppedPrefab.prefab"/>
	<property name="Material" value="Mglass"/>
	<property name="Stacknumber" value="50"/> <!-- STK drink -->
	<property name="Weight" value="10"/>
	<property name="EconomicValue" value="156"/>
	<property name="UnlockedBy" value="perkMasterChef,drinkMixedberrySmoothieSchematic"/>
	<property class="Action0">
		<property name="Class" value="Eat"/>
		<property name="Delay" value="1.0"/>
		<property name="Use_time" value="..."/>
		<property name="Sound_start" value="player_drinking"/>
		<property name="Create_item" value="drinkJarEmpty"/>
	</property>
	<property name="Group" value="Food/Cooking,CFDrink/Cooking"/>
	<effect_group tiered="false" name="Drink Tier 3">
		<requirement name="NotHasBuff" buff="buffIsOnFire"/>
			<triggered_effect trigger="onSelfPrimaryActionEnd" action="ModifyCVar" cvar="$waterAmountAdd" operation="add" value="70"/>
			<display_value name="dStaminaRegen" value=".15"/>
			<triggered_effect trigger="onSelfPrimaryActionEnd" action="ModifyCVar" cvar="$foodAmountAdd" operation="add" value="25"/>
			<triggered_effect trigger="onSelfPrimaryActionEnd" action="ModifyCVar" cvar="foodHealthAmount" operation="add" value="20"/>
			<display_value name="dHypothermalResist" value="30"/>
			<display_value name="dDuration" value="900"/>
			<triggered_effect trigger="onSelfPrimaryActionEnd" action="ModifyCVar" cvar="$buffYuccaJuiceSmoothieDuration" operation="add" value="903"/>
			<triggered_effect trigger="onSelfPrimaryActionEnd" action="ModifyCVar" cvar="$buffYuccaJuiceSmoothieDuration" operation="set" value="2703">
			<requirement name="CVarCompare" cvar="$buffYuccaJuiceSmoothieDuration" operation="GT" value="2703"/></triggered_effect>
			<triggered_effect trigger="onSelfPrimaryActionEnd" action="AddBuff" buff="buffProcessConsumables,buffYuccaJuiceSmoothie"/>
	</effect_group>
	
	<effect_group tiered="false">
		<requirement name="HasBuff" buff="buffIsOnFire"/>
			<triggered_effect trigger="onSelfPrimaryActionEnd" action="AddBuff" buff="buffExtinguishFire"/>
	</effect_group>
</item>


	<item name="berryBunch">
		<property name="Extends" value="foodCropBlueberries"/>
		<property name="DisplayType" value="foodRaw"/>
		<property name="CustomIcon" value="foodCropBlueberries"/> <property name="CustomIconTint" value="9932CC"/>
		<property name="EconomicValue" value="10"/>
		<property name="Stacknumber" value="50"/>
		<property name="EconomicBundleSize" value="5"/>
		<property name="CraftingIngredientTime" value=".5"/>
		<property class="Action0">
			<property name="Delay" value="1.5"/>
		</property>
		<property name="Group" value="Food/Cooking,CFFood/Cooking,Science"/>
		<effect_group tiered="false">
			<triggered_effect trigger="onSelfPrimaryActionEnd" action="ModifyCVar" cvar="$foodAmountAdd" operation="add" value="5"/>
			<triggered_effect trigger="onSelfPrimaryActionEnd" action="AddBuff" buff="buffProcessConsumables"/>
		</effect_group>
	</item>
	
	<item name="FireLog"> <!-- scrap material -->
	<property name="HoldType" value="45"/>
	<property name="Meshfile" value="#Other/Items?Misc/sackPrefab.prefab"/>
	<property name="DropMeshfile" value="#Other/Items?Misc/sack_droppedPrefab.prefab"/>
	<property name="Material" value="MresourceWood"/>
	<property name="Weight" value="5"/>
	<property name="CustomIcon" value="woodLogPillar100"/>
	<property name="CustomIconTint" value="8a3324"/>
	<property name="Stacknumber" value="50"/> <!-- STK resource -->
	<property name="FuelValue" value="600"/>
<!--	<property name="EconomicValue" value="25"/>
	<property name="EconomicBundleSize" value="50"/>
	<property name="Group" value="Resources"/> -->
</item>

</append>


</config>