
<Doughs>

<!--
########## Mod vanilla items ##########
-->

<!-- No Changes -->

<!--
########## New items ##########
-->
<append xpath="/items">
  <item name="doughsthrownGrenadeSteel">
  	<property name="Extends" value="thrownGrenade" param1="ExplodeOnHit"/>
  	<property name="Meshfile" value="#Other/Items?Weapons/Ranged/Grenade/GrenadePrefab.prefab"/>
  	<property name="UnlockedBy" value="perkDemolitionsExpert,thrownGrenadeSchematic"/>
  	<property name="DisplayType" value="ammoGrenade"/>

    <!-- New properties -->
    <property name="CustomIcon" value="thrownGrenade"/>
    <property name="CustomIconTint" value="999966"/> <!-- DOUGH: Olive-Greyer -->
    <property name="TintColor" value="153, 153, 102"/> <!-- DOUGH: RGB. Tints the item in the hand. Looks good. Keep it -->
    <property name="DescriptionKey" value="doughsthrownGrenadeSteelDesc"/>

    <!-- Overrides to extended base class -->
  	<property name="Material" value="MresourceForgedSteel"/>
  	<property name="EconomicValue" value="80"/> <!-- DOUGH: 2x value -->

    <!-- Want this to do block damage -->
    <property name="Explosion.RadiusBlocks" value="6"/>
  	<property name="Explosion.RadiusEntities" value="8"/>
  	<property name="Explosion.DamageBonus.earth" value="2"/>
  	<property name="Explosion.DamageBonus.water" value="0"/>
    <property name="Explosion.DamageBonus.stone" value="2"/>
  	<property name="Explosion.DamageBonus.metal" value="1"/>
  	<property name="Explosion.DamageBonus.wood" value="3"/>

    <effect_group tiered="false">
      <passive_effect name="BlockDamage" operation="base_set" value="100"/><display_value name="dExDamageBlock" value="100"/> <!-- DOUGH: 10x value -->
      <passive_effect name="EntityDamage" operation="base_set" value="441"/><display_value name="dExDamageEntity" value="410"/> <!-- DOUGH: a little more value -->
      <display_value name="dExRadius" value="8"/>
      <display_value name="dFuseTime" value="3"/>
    </effect_group>
  </item>

  <!-- DOUGH: Basically the same as grenade, but contact + material + color -->
  <item name="doughsthrownGrenadeContactSteel">
    <property name="Extends" value="thrownGrenadeContact" param1="ExplodeOnHit"/>
    <property name="Meshfile" value="#Other/Items?Weapons/Ranged/Grenade/GrenadePrefab.prefab"/>
    <property name="UnlockedBy" value="perkDemolitionsExpert,thrownGrenadeSchematic"/>
    <property name="DisplayType" value="ammoGrenadeContact"/>

    <!-- New properties -->
    <property name="CustomIcon" value="thrownGrenadeContact"/>
    <property name="CustomIconTint" value="990000"/> <!-- DOUGH: Red tint overlay -->
    <property name="TintColor" value="153, 0, 0"/> <!-- DOUGH: RGB. Tints the item in the hand. Looks good. Keep it -->
    <property name="DescriptionKey" value="doughsthrownGrenadeContactSteelDesc"/>

    <!-- Overrides to extended base class -->
    <property name="Material" value="MresourceForgedSteel"/>
    <property name="EconomicValue" value="80"/> <!-- DOUGH: 2x value -->
    <property name="ExplodeOnHit" value="true"/>

    <!-- Want this to do block damage -->
    <property name="Explosion.RadiusBlocks" value="6"/>
    <property name="Explosion.RadiusEntities" value="8"/>
    <property name="Explosion.DamageBonus.earth" value="2"/>
    <property name="Explosion.DamageBonus.water" value="0"/>
    <property name="Explosion.DamageBonus.stone" value="2"/>
    <property name="Explosion.DamageBonus.metal" value="1"/>
    <property name="Explosion.DamageBonus.wood" value="3"/>

    <effect_group tiered="false">
      <passive_effect name="BlockDamage" operation="base_set" value="100"/><display_value name="dExDamageBlock" value="100"/> <!-- DOUGH: 10x value -->
      <passive_effect name="EntityDamage" operation="base_set" value="441"/><display_value name="dExDamageEntity" value="410"/> <!-- DOUGH: a little more value -->
      <display_value name="dExRadius" value="8"/>
      <display_value name="dFuseTime" value="3"/>
    </effect_group>
  </item>
</append>

<!--
########## Schematics to unlock new items ##########
-->
<append xpath="/items/item[@name='thrownGrenadeSchematic']/effect_group">
  <triggered_effect trigger="onSelfPrimaryActionEnd" action="ModifyCVar" cvar="doughsthrownGrenadeSteel" operation="set" value="1"/>
</append>
<append xpath="/items/item[@name='thrownGrenadeSchematic']/property[@name='Unlocks']/@value">,doughsthrownGrenadeSteel</append>

<append xpath="/items/item[@name='thrownGrenadeContactSchematic']/effect_group">
  <triggered_effect trigger="onSelfPrimaryActionEnd" action="ModifyCVar" cvar="doughsthrownGrenadeContactSteel" operation="set" value="1"/>
</append>
<append xpath="/items/item[@name='thrownGrenadeContactSchematic']/property[@name='Unlocks']/@value">,doughsthrownGrenadeContactSteel</append>

</Doughs>
