<Doughs>
  <!--
  ########## Mod vanilla items ##########
  -->

  <!-- Add new grenades everywhere vanilla ones can be found -->
  <append xpath="/lootcontainers/lootgroup[@name='groupWeaponsT2_Demolitionist']">
    <item name="doughsthrownGrenadeSteel" count="1,2"/>
    <item name="doughsthrownGrenadeContactSteel" count="1,2"/>
  </append>

  <append xpath="/lootcontainers/lootgroup[@name='groupWeaponsT3_Demolitionist']">
    <item name="doughsthrownGrenadeSteel" count="1,2"/>
    <item name="doughsthrownGrenadeContactSteel" count="1,2"/>
  </append>

  <!-- Trader quest rewards -->
  <append xpath="/lootcontainers/lootgroup[@name='groupQuestAmmo']">
    <item name="doughsthrownGrenadeSteel" count="5" loot_prob_template="QuestT2Prob"/>
    <item name="doughsthrownGrenadeContactSteel" count="5" loot_prob_template="QuestT3Prob"/>
  </append>

</Doughs>
