<Doughs>

  <append xpath="/recipes">

    <!--
    ##########
    Pipe Bombs
    ########## -->
    <recipe name="doughsthrownGrenadeSteel" count="1" craft_area="workbench" tags="learnable,workbenchCrafting">
      <ingredient name="thrownGrenade" count="1"/>
    	<ingredient name="resourceForgedSteel" count="1"/>
    	<ingredient name="resourceBuckshot" count="3"/>
    </recipe>

    <recipe name="doughsthrownGrenadeContactSteel" count="1" craft_area="workbench" tags="learnable,workbenchCrafting">
      <ingredient name="thrownGrenadeContact" count="1"/>
      <ingredient name="resourceForgedSteel" count="1"/>
      <ingredient name="resourceBuckshot" count="3"/>
    </recipe>

  </append>

</Doughs>
