<configs>
	<append xpath="/blocks">

    <block name="treasureKuvaChest"> <!-- do not rename, used for treasure_taylor etc -->
    	<property name="Class" value="Loot"/>
    	<property name="CustomIcon" value="cntChest01"/>
    	<property name="Material" value="MwoodReinforced"/>
    	<property name="StabilitySupport" value="false"/> <!-- build restriction -->
    	<property name="Shape" value="Ext3dModel"/> <property name="Texture" value="293"/>
    	<property name="Mesh" value="models"/>
    	<property name="Model" value="LootContainers/chest01" param1="main_mesh"/> <property name="HandleFace" value="Bottom"/>
    	<property name="ImposterExchange" value="imposterQuarter" param1="154"/>
    	<property name="IsTerrainDecoration" value="true"/>
    	<property name="LootList" value="361"/>
    	<property name="CreativeMode" value="None"/>
    	<drop event="Destroy" name="resourceWood" count="1,3"/>
    	<drop event="Fall" name="terrDestroyedWoodDebris" count="1" prob="0.75" stick_chance="1"/>
    	<property name="FilterTags" value="floot"/>
    </block>
  </append>
</configs>