<configs>
<!-- #################################### -->
<!-- START Delmod__Combiner by DelStryker -->
<!-- Download URL: https://github.com/DelStryker/Delmod/ -->
	<append xpath="/xui/ruleset/window_group[@name='workstation_workbench']" >
		<window name="windowCombine" />
	</append>
	<append xpath="/xui/ruleset/window_group[@name='vehicleStorage']" >
		<window name="windowCombine" />
	</append>
<!-- END Delmod__Combiner by DelStryker -->


<!-- #################################### -->
<!-- START Home_Depot by OrbitalBliss, Fixed by Shouden Kalferas -->
<!-- Website: https://github.com/OrbitalBliss/HOME_DEPOT_7D2D_MOD -->
<!-- Download URL: https://github.com/XelaNull/7dtd-FixedModlets/ -->
	<append xpath="/xui/ruleset">
		<window_group name="workstation_Home Woodstove" controller="XUiC_WorkstationWindowGroup">
				<window name="windowCraftingList"/>
				<window name="craftingInfoPanel"/>
				<window name="windowCraftingQueue"/>
				<window name="windowToolsCampfire" />
				<window name="windowFuel" />
				<window name="windowOutput" />
				<window name="windowNonPagingHeader" />
		</window_group>
		<window_group name="workstation_Home Electric Oven" controller="XUiC_WorkstationWindowGroup">
				<window name="windowCraftingList"/>
				<window name="craftingInfoPanel"/>
				<window name="windowCraftingQueue"/>
				<window name="windowToolsCampfire" />
				<window name="windowFuel" />
				<window name="windowOutput" />
				<window name="windowNonPagingHeader" />
		</window_group>
		<window_group name="workstation_Home Microwave Oven" controller="XUiC_WorkstationWindowGroup">
				<window name="windowCraftingList"/>
				<window name="craftingInfoPanel"/>
				<window name="windowCraftingQueue"/>
				<window name="windowToolsCampfire" />
				<window name="windowFuel" />
				<window name="windowOutput" />
				<window name="windowNonPagingHeader" />
		</window_group>
		<window_group name="workstation_Home Gas Grill Open" controller="XUiC_WorkstationWindowGroup">
				<window name="windowCraftingList"/>
				<window name="craftingInfoPanel"/>
				<window name="windowCraftingQueue"/>
				<window name="windowToolsCampfire" />
				<window name="windowFuel" />
				<window name="windowOutput" />
				<window name="windowNonPagingHeader" />
		</window_group>
		<window_group name="workstation_Home Gas Grill Closed" controller="XUiC_WorkstationWindowGroup">
				<window name="windowCraftingList"/>
				<window name="craftingInfoPanel"/>
				<window name="windowCraftingQueue"/>
				<window name="windowToolsCampfire" />
				<window name="windowFuel" />
				<window name="windowOutput" />
				<window name="windowNonPagingHeader" />
		</window_group>
				<window_group name="workstation_Home Charcoal Grill Open" controller="XUiC_WorkstationWindowGroup">
				<window name="windowCraftingList"/>
				<window name="craftingInfoPanel"/>
				<window name="windowCraftingQueue"/>
				<window name="windowToolsCampfire" />
				<window name="windowFuel" />
				<window name="windowOutput" />
				<window name="windowNonPagingHeader" />
		</window_group>
		<window_group name="workstation_Home Charcoal Grill Closed" controller="XUiC_WorkstationWindowGroup">
				<window name="windowCraftingList"/>
				<window name="craftingInfoPanel"/>
				<window name="windowCraftingQueue"/>
				<window name="windowToolsCampfire" />
				<window name="windowFuel" />
				<window name="windowOutput" />
				<window name="windowNonPagingHeader" />
		</window_group>
	</append>
<!-- END Home_Depot by OrbitalBliss, Fixed by Shouden Kalferas -->


<!-- #################################### -->
<!-- START Khaine's HP Bar Mod by KhaineGB -->
<!-- Website: https://gitlab.com/KhaineGB/khaines-modlets-a19/ -->
<!-- Download URL: https://github.com/XelaNull/7dtd-FixedModlets/ -->
	<append xpath="/xui/ruleset[@name='default']/window_group[@name='compass']">
		<window name="windowTargetBar" anchor="CenterTop" />
	</append>
<!-- END Khaine's HP Bar Mod by KhaineGB -->


<!-- #################################### -->
<!-- START White River Tools of Citizenship - Dwarven Forge by Shouden Kalferas, with code from Khaine's 3-Slot Forge -->
<!-- Website: https://community.7daystodie.com/topic/12269-white-river-tools-of-citizenship-quests-a192/ -->
<!-- Download URL: https://github.com/XelaNull/7DTD-WhiteRiver_ToC.git -->
  <append xpath="/xui/ruleset[@name='default']">
    <window_group name="workstation_dwarvenForge" controller="XUiC_WorkstationWindowGroup">
      <window name="windowCraftingList"/>
      <window name="craftingInfoPanel"/>
      <window name="windowCraftingQueue"/>
      <window name="windowToolsDwarvenForge" />
      <window name="windowDwarvenFuel" />
      <window name="windowThreeForgeInput" />
      <window name="windowThreeForgeOutput" />
      <window name="windowNonPagingHeader" />
    </window_group>
  </append>
<!-- END White River Tools of Citizenship - Dwarven Forge by Shouden Kalferas, with code from Khaine's 3-Slot Forge -->


</configs>
