<wtk34_water_filter>
<append xpath="//trader_item_groups">
	<trader_item_group name="wtk34_water_filter" count="1">
		<item name="resourceActivatedCharcoal" count="2,6"/>
		<item name="waterFilterSchematic" count="1,2"/>
	</trader_item_group>
</append>

<append xpath="//trader_info[@id='1']/trader_items">
	<item group="wtk34_water_filter" count="1,2"/>
</append>

<append xpath="//trader_info[@id='7']/trader_items">
	<item group="wtk34_water_filter" count="1,2"/>
</append>

<append xpath="//trader_info[@id='2']/trader_items">
	<item group="wtk34_water_filter" count="1,2"/>
</append>

<append xpath="//trader_info[@id='8']/trader_items">
	<item group="wtk34_water_filter" count="1,2"/>
</append>

<append xpath="//trader_info[@id='6']/trader_items">
	<item group="wtk34_water_filter" count="1,2"/>
</append>
</wtk34_water_filter>