<configs>
<!-- #################################### -->
<!-- START 60Slot_Bag_30Reserve by Shouden Kalferas, Based on Khaine's 60BBM -->
<!-- Website: https://github.com/XelaNull/7DTD-Bag_Bellows_Headshot.git -->
<!-- Download URL: https://github.com/XelaNull/7DTD-Bag_Bellows_Headshot/ -->
    <set xpath="/windows/window[@name='windowBackpack']/@width">604</set>
    <set xpath="/windows/window[@name='windowBackpack']/@height">373</set>
    <set xpath="/windows/window[@name='windowBackpack']/panel[@name='content']/@height">330</set>
    <set xpath="/windows/window[@name='windowBackpack']/panel[@name='content']/grid[@name='inventory']/@rows">6</set>
    <set xpath="/windows/window[@name='windowBackpack']/panel[@name='content']/grid[@name='inventory']/@cols">10</set>
    <set xpath="/windows/window[@name='windowBackpack']/panel[@name='content']/grid[@name='inventory']/@cell_height">60</set>
    <set xpath="/windows/window[@name='windowBackpack']/panel[@name='content']/grid[@name='inventory']/@cell_width">60</set>
    <set xpath="/windows/window[@name='windowBackpack']/panel[@name='content']/sprite[@name='backgroundMain']/@width">601</set>
    <set xpath="/windows/window[@name='windowBackpack']/panel[@name='content']/sprite[@name='backgroundMain']/@height">363</set>
    <set xpath="/windows/window[@name='windowLooting']/rect[@name='content']/grid[@name='queue']/@rows">10</set>
    <set xpath="/windows/window[@name='windowLooting']/rect[@name='content']/grid[@name='queue']/@cols">10</set>
	<remove xpath="/windows/window[@name='windowBackpack']/panel[@name='content']/grid[@name='inventory']/backpack_item_stack"></remove>
	<append xpath="/windows/window[@name='windowBackpack']/panel[@name='content']/grid[@name='inventory']">
       <kh60_backpack_item_stack name="0"/>
	</append>
<!-- END 60Slot_Bag_30Reserve by Shouden Kalferas, Based on Khaine's 60BBM -->


<!-- #################################### -->
<!-- START 8-slot Crafting Queue by KhaineGB, Modified by Shouden Kalferas -->
<!-- Website: https://gitlab.com/KhaineGB/khaines-modlets-a19/ -->
<!-- Download URL: https://github.com/XelaNull/7dtd-FixedModlets/ -->
    <set xpath="/windows/window[@name='windowCraftingQueue']">
		<rect depth="0" pos="-52,-90" width="303" controller="CraftingQueue">
			<grid name="queue" rows="2" cols="4" pos="207,82" cell_width="60" cell_height="60" repeat_content="true">
				<kh12_craft_queue_stack name="0"/>
			</grid>
		</rect>
	</set>
<!-- END 8-slot Crafting Queue by KhaineGB, Modified by Shouden Kalferas -->


<!-- #################################### -->
<!-- START Delmod_Combiner by DelStryker, Fixed by Shouden Kalferas -->
<!-- Download URL: https://github.com/XelaNull/7dtd-FixedModlets/ -->
	<append xpath="/windows">
		<window name="windowCombine" width="228" height="224" panel="Right" cursor_area="true" > 
		 <panel style="header.panel"> 
		 <sprite style="header.icon" sprite="ui_game_symbol_add"/> 
		<label style="header.name" text="COMBINE" text_key="xuiCombine"/> 
		</panel> 
		<rect pos="0, -46" height="230" width="228" controller="CombineGrid"> 
		 <sprite depth="2" name="backgroundMain" sprite="menu_empty3px" pos="0,1" width="228" height="230" color="[black]" type="sliced" fillcenter="false" /> 
		 <sprite name="background" color="[darkGrey]" pos="0,1" type="sliced"/> 
		 <grid name="parts" rows="3" cols="1" pos="3,-2" cell_width="150" cell_height="76" repeat_content="true" > 
		 <required_item_stack /> 
		</grid> 
			<label depth="3" pos="90,-25" text="Item A" text_key="xuiCombineItemA" /> 
			 <label depth="3" pos="90,-100" text="Item B" text_key="xuiCombineItemB"/>
			 <label depth="3" pos="90,-175" text="Result" text_key="xuiResult"/> 
		 </rect> 
	 </window> 
	</append>		
<!-- END Delmod_Combiner by DelStryker, Fixed by Shouden Kalferas -->


<!-- #################################### -->
<!-- START Doughs UI Add 5 Recipe Ingredients by Doughphunghus -->
<!-- Website: https://github.com/doughphunghus -->
<!-- Download URL: https://github.com/doughphunghus/7D2D-Doughs-Mods-a19/ -->
  <remove xpath="/windows/window[@name='craftingInfoPanel']/rect[@name='contentCraftingInfo']/rect[@name='ingredients']" />
  <insertAfter xpath="/windows/window[@name='craftingInfoPanel']/rect[@name='contentCraftingInfo']/rect[@name='description']" >
    <rect depth="1" pos="153,-95" name="ingredients" width="447" height="264" visible="{showingredients}">
      <grid rows="5" cols="2" width="450" height="231" cell_height="50" cell_width="227" repeat_content="true" controller="IngredientList" arrangement="vertical">
        <ingredient_row/>
      </grid>
    </rect>
  </insertAfter>
<!-- END Doughs UI Add 5 Recipe Ingredients by Doughphunghus -->


<!-- #################################### -->
<!-- START Khaine's HP Bar Mod by KhaineGB -->
<!-- Website: https://gitlab.com/KhaineGB/khaines-modlets-a19/ -->
<!-- Download URL: https://github.com/XelaNull/7dtd-FixedModlets/ -->
    <set xpath="/windows/window[@name='windowTargetBar']/@visibility">always</set>
<!-- END Khaine's HP Bar Mod by KhaineGB -->


<!-- #################################### -->
<!-- START Riles-HUDPlus by Riles -->
<!-- Download URL: https://docs.google.com/uc?export=download&id=1KbjFknPKK6HWF8-ZmGW8bxTNzuRECACz -->
<remove xpath="/windows/window[@name='mapArea']/panel[@name='content']/panel[@name='mapView']/rect"/>
<append xpath="/windows/window[@name='mapArea']/panel[@name='content']/panel[@name='mapView']">
				<rect name="content" depth="5" pos="0,-565" height="239" controller="MapStats">	
					<sprite depth="2" name="dayTimeIcon" width="24" height="24" pos="10,16" sprite="ui_game_symbol_clock" color="[iconColor]" foregroundlayer="true"/>
					<label depth="2" name="dayTimeLabel" pos="40,14" width="250" height="28" text="{mapdaytimetitle}: [DECEA3]{mapdaytime}[-]" font_size="26"/>
					<sprite depth="2" name="dayTimeIcon" width="24" height="24" pos="10,-16" sprite="ui_game_symbol_temperature" color="[iconColor]" foregroundlayer="true"/>
					<label depth="2" name="dayTimeLabel" pos="40,-18" width="250" height="28" text="Outdoor Temp: [DECEA3]{maptemperature}[-]" font_size="26"/>
					<sprite depth="2" name="tempIcon" width="24" height="24" pos="10,-48" sprite="ui_game_symbol_light_armor" color="[iconColor]" foregroundlayer="true"/>
					<label depth="2" name="tempLabel" pos="40,-50" width="250" height="28" text="{playercoretemptitle}: [DECEA3]{playercoretemp}[-]" font_size="26"/>
					<sprite depth="2" name="windIcon" width="24" height="24" pos="10,-80" sprite="ui_game_symbol_wind" color="[iconColor]" foregroundlayer="true"/>
					<label depth="2" name="windLabel" pos="40,-82" width="250" height="28" text="{mapwindtitle}: [DECEA3]{mapwind} MPH[-]" font_size="26"/>
					<sprite depth="2" name="elevIcon" width="24" height="24" pos="10,-112" sprite="ui_game_symbol_climb" color="[iconColor]" foregroundlayer="true"/>
					<label depth="2" name="elevLabel" pos="40,-114" width="250" height="28" text="{mapelevationtitle}: [DECEA3]{mapelevation} M[-]" font_size="26"/>
				</rect>
</append>
	<set xpath="/windows/window[@name='HUDRightStatBars']/rect[@pos='-90,32']/@pos">-90,112</set>
	<set xpath="/windows/window[@name='HUDRightStatBars']/grid[@pos='-194,55']/@pos">-194,135</set>
	<set xpath="/windows/window[@name='HUDRightStatBars']/rect[@pos='-177,106']/@pos">-177,186</set>
	<append xpath="/windows/window[@name='HUDRightStatBars']">
			<rect name="hud" pos="-89,80" rows="1" cols="1" width="80" controller="PlayerStatsWindow" visible="{statvisible}" side="right">
					<sprite depth="1" pos="0,0" height="75" width="80" color="0,0,0,230" type="sliced" foregroundlayer="true"/>
					<sprite depth="2" name="windowIcon" width="19" height="19" pos="5,-4" sprite="ui_game_symbol_marksmanship" color="[iconColor]" foregroundlayer="true"/>
					<label depth="2" name="TextContent" pos="32,-4" width="80" height="18" text="[DECEA3]{playerzombiekills}" font_size="18"/>					
					<sprite depth="2" name="windowIcon" width="19" height="19" pos="5,-29" sprite="ui_game_symbol_near_death_trauma" color="[iconColor]" foregroundlayer="true"/>
					<label depth="2" name="TextContent" pos="32,-29" width="80" height="18" text="[DECEA3]{playerdeaths}" font_size="18"/>
					<sprite depth="2" name="windowIcon" width="19" height="19" pos="5,-54" sprite="ui_game_symbol_run_and_gun" color="[iconColor]" foregroundlayer="true"/>
					<label depth="2" name="TextContent" pos="32,-54" width="80" height="18" text="[DECEA3]{playerpvpkills}" font_size="18"/>
			</rect>	
			<rect width="80" pos="-177,80" controller="MapStats" visible="{statvisible}" side="right">
					<sprite depth="1" pos="0,0" height="75" width="80" color="0,0,0,230" type="sliced" foregroundlayer="true"/>				
					<sprite depth="2" name="tempIcon" width="19" height="19" pos="56,-4" sprite="ui_game_symbol_climb" color="[iconColor]" foregroundlayer="true"/>
					<label depth="2" name="tempLabel" pos="-27,-4" width="80" height="18" text="[DECEA3]{mapelevation}" font_size="18" justify="right"/>				
					<sprite depth="2" name="windIcon" width="19" height="19" pos="56,-29" sprite="ui_game_symbol_temperature" color="[iconColor]" foregroundlayer="true"/>
					<label depth="2" name="windLabel" pos="-27,-29" width="80" height="18" text="[DECEA3]{maptemperature}" font_size="18" justify="right"/>
					<sprite depth="2" name="elevIcon" width="19" height="19" pos="56,-54" sprite="ui_game_symbol_light_armor" color="[iconColor]" foregroundlayer="true"/>
					<label depth="2" name="elevLabel" pos="-27,-54" width="80" height="18" text="[DECEA3]{playercoretemp}" font_size="18" justify="right"/>
			</rect>
	</append>
	<remove xpath="/windows/window[@name='HUDLeftStatBars']"/>
	<append xpath="/windows">
		<window name="HUDLeftStatBars" >
		<rect name="hud" pos="9,118" rows="2" cols="1" width="168" side="right" controller="CharacterFrameWindow">
			<panel name="header" height="15" depth="1" pos="9999,9999" backgroundspritename="ui_game_panel_header">
				<label depth="2" name="characterName" pos="42,-6" width="150" height="32" text="" font_size="32"/>
				<label depth="2" name="levelNumber" pos="240,-10" width="80" height="28" text="" color="[lightGrey]"/>
			</panel>
			<rect visible="{showcharacter}" pos="9999,9999" >
				<panel name="previewFrame" depth="0" pos="0,0" width="10" on_press="true" on_hover="true" disableautobackground="true" snap="false">
					<rect>
						<texture depth="2" name="playerPreview" material="Materials/Transparent Colored" size="8,8" globalopacity="false"/>
					</rect>
			</panel>
			</rect>
			<rect pos="0,14" width="151" height="36" controller="HUDStatBar" stat_type="Stealth" visible="{statvisible}">
				<sprite depth="1" name="border" color="0,0,0,150" height="36" type="sliced" />
				<sprite depth="2" name="background" color="0,0,0,140" type="sliced" />
				<filledsprite depth="3" name="background" color="110,110,110,128" type="filled" fill="1" />
				<filledsprite depth="4" name="BarContent" color="{stealthcolor}" type="filled" fill="0" />
				<sprite depth="5" name="Icon" atlas="{staticonatlas|once}" sprite="{staticon|once}" size="32,32" pos="2,-2" foregroundlayer="true"/>
				<label depth="6" name="TextContent" pos="38,-3" font_size="28" color="[white]" justify="center"  text="{statcurrent}" height="34" width="100"/>
				<sprite depth="8" name="border" color="0,0,0,255" type="sliced" fillcenter="false"/>
				<filledsprite depth="8" name="background" color="0,0,0,255" width="151" fillcenter="false" type="filled" fill="1" />
				<filledsprite depth="3" name="background" color="0,0,0,255" width="150" fillcenter="false" type="filled" fill="1" />
			</rect>
			<rect pos="193,-75" width="75" height="75" cursor_area="true" xp_fill_speed="2" >
				<sprite depth="1" height="77" width="77"  name="border" sprite="ui_game_filled_circle" color="[black]" pivot="center" globalopacity="false"/>			
				<sprite depth="2" name="center" sprite="ui_game_filled_circle" color="115,115,115" pivot="center" globalopacity="false"/>
				<sprite depth="3" height="69" width="69"  name="border" sprite="ui_game_filled_circle" color="[black]" pivot="center" globalopacity="false"/>				
				<sprite depth="4" height="69" width="69" name="background" sprite="ui_game_filled_circle" color="{xpcolor}" pivot="center" globalopacity="false" type="filled" fill="{xp}" filldirection="radial360" controller="ToolbeltWindow"/>
				<sprite depth="5" width="55" height="55" name="center" sprite="ui_game_filled_circle" color="115,115,115" pivot="center" globalopacity="false"/>
				<label depth="6" pos="0,-3" name="Lvl" width="45" height="45" pivot="center" justify="center" text="Level:{playerlevel}  XP^{playerxptonextlevel}" font_size="20" controller="PlayerStatsWindow"/>					
				<label depth="8" pos="0,6" name="Lvl" width="45" height="20" pivot="center" justify="center" text="Lvl: {playerlevel}" font_size="20" controller="PlayerStatsWindow"/>				
				<sprite depth="7" pos="0,6" width="45" height="20" name="center"  color="115,115,115" pivot="center" globalopacity="false"/>
						<rect  pos="42,36" width="151" height="36" controller="HUDStatBar" stat_type="Health" visible="{statvisible}">
							<sprite depth="1" name="border" color="0,0,0,128" type="sliced"/>
							<sprite depth="2"  name="background" color="0,0,0,140" type="sliced" />
							<filledsprite depth="3" name="background" color="110,110,110,128" width="149" type="filled" fill="{statmodifiedmax}" />
							<filledsprite depth="5"  name="BarContent" color="255,0,0,128" width="149" type="filled" fill="0" />
							<sprite depth="6" name="Icon" atlas="{staticonatlas|once}" sprite="{staticon|once}" size="32,32" pos="2,-2" foregroundlayer="true"/>
							<label depth="7" name="TextContent" pos="38,-3" font_size="28" color="[white]" text="{statcurrentwithmax}" height="34"/>
							<sprite depth="8" name="border" color="0,0,0,255" type="sliced" fillcenter="false"/>
							<filledsprite depth="8"  name="background" color="0,0,0,255" width="151" fillcenter="false" type="filled" fill="{statmodifiedmax}" />
							<filledsprite depth="3" name="background" color="0,0,0,255" width="150" fillcenter="false" type="filled" fill="{statmodifiedmax}" />
						</rect>
						<rect pos="42,0" width="151" height="36"  controller="HUDStatBar" stat_type="Stamina" visible="{statvisible}">
							<sprite depth="1" name="border" color="0,0,0,128" type="sliced"/>
							<sprite depth="2" name="background" color="0,0,0,140" type="sliced" />
							<filledsprite depth="3" name="background" color="110,110,110,128" width="149" type="filled" fill="{statmodifiedmax}" />
							<filledsprite depth="5" name="BarContent" color="0,54,255,128" width="149" type="filled" fill="0" />
							<sprite depth="6" name="Icon" atlas="{staticonatlas|once}" sprite="ui_game_symbol_agility" size="32,32" pos="2,-2" foregroundlayer="true"/>
							<label depth="7" name="TextContent" pos="38,-3" font_size="28" color="[white]" text="{statcurrentwithmax}" height="34"/>
							<sprite depth="8"  name="border" color="0,0,0,255" type="sliced" fillcenter="false"/>
							<filledsprite depth="8" name="background" color="0,0,0,255" width="151" fillcenter="false" type="filled" fill="{statmodifiedmax}" />
							<filledsprite depth="3" name="background" color="0,0,0,255" width="150" fillcenter="false" type="filled" fill="{statmodifiedmax}" />
						</rect>
						<rect pos="-193,36" width="151" height="36"  controller="HUDStatBar" stat_type="Food" visible="{statvisible}">
								<sprite depth="1" name="border" color="0,0,0,128" type="sliced"/>
								<sprite depth="2" name="background" color="0,0,0,140" type="sliced" />
								<filledsprite depth="3" name="background" color="110,110,110,128" width="149" type="filled" fill="{statmodifiedmax}" />
								<filledsprite depth="5" name="BarContent" color="0,150,54,128" width="149" type="filled" fill="0" />
								<sprite depth="6" name="Icon" atlas="{staticonatlas|once}" sprite="ui_game_symbol_fork" size="32,32" pos="117,-2" foregroundlayer="true"/>
								<label depth="7" name="TextContent" pos="2,-3" font_size="28" color="[white]" text="{playerfood}/{playerfoodmax}" justify="right" height="34" width="111" controller="PlayerStatsWindow" />
								<sprite depth="8" name="border" color="0,0,0,255" type="sliced" fillcenter="false"/>
								<filledsprite depth="8" name="background" color="0,0,0,255" width="151" fillcenter="false" type="filled" fill="{statmodifiedmax}" />
								<filledsprite depth="3" name="background" color="0,0,0,255" width="150" fillcenter="false" type="filled" fill="{statmodifiedmax}"/>
						</rect>
						<rect pos="-193,0" width="151" height="36" controller="HUDStatBar" stat_type="Water" visible="{statvisible}">
							<sprite depth="1" name="border" color="0,0,0,128" type="sliced"/>
							<sprite depth="2" name="background" color="0,0,0,140" type="sliced" />
							<filledsprite depth="3" name="background" color="110,110,110,128" width="149" type="filled" fill="{statmodifiedmax}"/>
							<filledsprite depth="5" name="BarContent" color="0,200,255,128" width="149" type="filled" fill="0" />
							<sprite depth="6" name="Icon" atlas="{staticonatlas|once}" sprite="ui_game_symbol_water" size="32,32" pos="117,-2" foregroundlayer="true"/>
							<label depth="7" name="TextContent" pos="2,-3" font_size="28" color="[white]" text="{playerwater}/{playerwatermax}" justify="right" height="34" width="111" controller="PlayerStatsWindow"/>
							<sprite depth="8" name="border" color="0,0,0,255" type="sliced" fillcenter="false"/>
							<filledsprite depth="8" name="background" color="0,0,0,255" width="151" fillcenter="false" type="filled" fill="{statmodifiedmax}" />
							<filledsprite depth="3" name="background" color="0,0,0,255" width="150" fillcenter="false" type="filled" fill="{statmodifiedmax}"  />
						</rect>
			</rect>
		</rect>
		<rect name="hud" pos="90,106" side="left" controller="BuffPopoutList" pivot="BottomLeft" >
			<panel width="168" height="46" name="item" visible="false" pivot="right" disableautobackground="true" pos="70, 0" style="press" sound="[recipe_click]" on_hover="true" >
				<sprite depth="3" pos="0,0"  name="Background" sprite="ui_game_popup" height="46" width="162" pivot="center" flip="Horizontally" color="[transparent]" />
				<sprite depth="4" name="Icon" size="40,40" pos="-54,0" pivot="center" color="[transparent]"/>
				<label depth="6" name="TextContent" pos="0,0" font_size="28" color="[white]" justify="center" height="40" pivot="center"/>
			</panel>
		</rect>
		</window>
	</append>
	<setattribute xpath="/windows/window[@name='windowFuel']/panel[@style='header.panel']/label[@style='header.timer']" name="color">[white]</setattribute>
	<remove xpath="/windows/window[@name='windowCompass']/sprite[@pos='240,-60']"/>
	<append xpath="/windows/window[@name='windowCompass']">
			<label depth="20" name="TextContent" pos="50,2" width="380" height="41" text="I" font_size="41" color="[white]" justify="center"/>
			<rect name="hud" pos="-93,-1" rows="1" cols="1" width="121">
					<sprite depth="1" pos="0,0" height="38" width="121" color="0,0,0,200" type="sliced" foregroundlayer="true"/>
					<label depth="2" name="TextContent" pos="4,-4" width="113" height="30" text="{daytitle}: [{daycolor|always}]{day|always}" font_size="28" color="[white]" justify="center"/>	
			</rect>	
			<rect name="hud" pos="452,-1" rows="1" cols="1" width="108" >
					<sprite depth="1" pos="0,0" height="38" width="121" color="0,0,0,200" type="sliced" foregroundlayer="true"/>
					<label depth="2" name="TextContent" pos="4,-4" width="113" height="30" text="{timetitle}: [DECEA3]{time|always}" font_size="28" color="[white]" justify="center"/>				
			</rect>	
	</append>
	<remove xpath="/windows/window[@name='windowToolbelt']/rect/rect[@stat_type='Water']" />
	<remove xpath="/windows/window[@name='windowToolbelt']/rect/rect[@stat_type='Food']" />	
	<remove xpath="/windows/window[@name='windowToolbelt']/rect/sprite[@pos='0,6']" />
	<set xpath="/windows/window[@name='windowToolbelt']/@pos">-388,82</set>
	<append xpath="/windows/window[@name='windowToolbelt']/rect">
		<sprite depth="19" pos="33,8" height="13" width="12" color="[black]" type="sliced" foregroundlayer="true" />		
		<label depth="20" name="slot#" pos="37,8" width="10" height="12" text="[DECEA3]1" font_size="12" color="" />
		<sprite depth="19" pos="108,8" height="13" width="12" color="[black]" type="sliced" foregroundlayer="true" />		
		<label depth="20" name="slot#" pos="112,8" width="10" height="12" text="[DECEA3]2" font_size="12" color="" />	
		<sprite depth="19" pos="183,8" height="13" width="12" color="[black]" type="sliced" foregroundlayer="true" />		
		<label depth="20" name="slot#" pos="187,8" width="10" height="12" text="[DECEA3]3" font_size="12" color="" />	
		<sprite depth="19" pos="258,8" height="13" width="12" color="[black]" type="sliced" foregroundlayer="true" />		
		<label depth="20" name="slot#" pos="262,8" width="10" height="12" text="[DECEA3]4" font_size="12" color="" />		
		<sprite depth="19" pos="333,8" height="13" width="12" color="[black]" type="sliced" foregroundlayer="true" />		
		<label depth="20" name="slot#" pos="337,8" width="10" height="12" text="[DECEA3]5" font_size="12" color="" />	
		<sprite depth="19" pos="408,8" height="13" width="12" color="[black]" type="sliced" foregroundlayer="true" />		
		<label depth="20" name="slot#" pos="412,8" width="10" height="12" text="[DECEA3]6" font_size="12" color="" />	
		<sprite depth="19" pos="483,8" height="13" width="12" color="[black]" type="sliced" foregroundlayer="true" />		
		<label depth="20" name="slot#" pos="487,8" width="10" height="12" text="[DECEA3]7" font_size="12" color="" />	
		<sprite depth="19" pos="558,8" height="13" width="12" color="[black]" type="sliced" foregroundlayer="true" />		
		<label depth="20" name="slot#" pos="562,8" width="10" height="12" text="[DECEA3]8" font_size="12" color="" />
		<sprite depth="19" pos="633,8" height="13" width="12" color="[black]" type="sliced" foregroundlayer="true" />		
		<label depth="20" name="slot#" pos="637,8" width="10" height="12" text="[DECEA3]9" font_size="12" color="" />
		<sprite depth="19" pos="708,8" height="13" width="12" color="[black]" type="sliced" foregroundlayer="true" />		
		<label depth="20" name="slot#" pos="712,8" width="10" height="12" text="[DECEA3]0" font_size="12" color="" />
	</append>
<!-- END Riles-HUDPlus by Riles -->


<!-- #################################### -->
<!-- START StamplesDefenseQuests by stample, stamplesmods@gmail.com -->
<!-- Download URL: https://github.com/stamplesmods/7d2dmodlets/ -->
	<set xpath="/windows/window[@name='windowQuestObjectives']/rect[@name='content']/rect[@visible='{showquest}']/grid[@name='objectiveList']/@rows">10</set>
<!-- END StamplesDefenseQuests by stample, stamplesmods@gmail.com -->


<!-- #################################### -->
<!-- START Vanilla Expanded - Storage by TSBX -->
<!-- Website: https://7daystodiemods.com/vanilla-expanded-storage/ -->
<!-- Download URL: https://github.com/XelaNull/7dtd-FixedModlets/ -->
<!-- END Vanilla Expanded - Storage by TSBX -->


<!-- #################################### -->
<!-- START White River Tools of Citizenship - Dwarven Forge by Shouden Kalferas, with code from Khaine's 3-Slot Forge -->
<!-- Website: https://community.7daystodie.com/topic/12269-white-river-tools-of-citizenship-quests-a192/ -->
<!-- Download URL: https://github.com/XelaNull/7DTD-WhiteRiver_ToC.git -->
  <append xpath="/windows">
    <window name="windowToolsDwarvenForge" width="378" height="121" panel="Right" cursor_area="true" >
      <panel style="header.panel">
        <sprite style="header.icon" sprite="ui_game_symbol_wrench"/>
        <label style="header.name" text="TOOLS" text_key="xuiTools" />
      </panel>
      <rect name="content" depth="0" pos="0,-46" height="75" disablefallthrough="true">
        <grid name="inventory" rows="1" cols="5" pos="3,-3" cell_width="75" cell_height="75" controller="WorkstationToolGrid" repeat_content="true"
        required_tools="toolDwarvenBellows,toolDwarvenAnvil,toolDwarvenCrucible,toolDwarvenDieSet,toolDwarvenTools" required_tools_only="true">
          <required_item_stack name="0"/>
        </grid>
      </rect>
    </window>
    <window name="windowThreeForgeInput" width="228" height="229" panel="Right"
      controller="WorkstationMaterialInputWindow" materials_accepted="iron,brass,lead,glass,stone,steel" valid_materials_color="[green]" invalid_materials_color="[red]" cursor_area="true" >
      <panel style="header.panel" pos="0,2">
        <sprite style="header.icon" sprite="ui_game_symbol_forge"/>
        <label style="header.name" text="INPUT" text_key="xuiSmelting" />
      </panel>
      <sprite depth="3" name="backgroundMain" sprite="menu_empty3px" pos="0,-43" height="228" color="[black]" type="sliced" fillcenter="false" on_press="true" />
      <rect name="content" depth="1" pos="0,-121" height="153">
        <grid depth="7" rows="3" cols="1" pos="3,75" cell_width="75" cell_height="75" controller="WorkstationMaterialInputGrid" repeat_content="true">
          <item_stack name="0"/>
        </grid>
      </rect>
      <rect name="content2" depth="0" pos="78, -46" width="147" height="223">
        <sprite depth="1" color="[mediumGrey]" type="sliced" on_press="true"/>
        <grid rows="7" cols="1" pos="3,-3" cell_width="147" cell_height="37"  repeat_content="true">
          <forge_material name="0"/>
        </grid>
      </rect>
    </window>
    <window name="windowThreeForgeOutput" pos="0,-48" width="228" height="152" anchor="CenterTop" panel="Right" cursor_area="true" >
      <panel style="header.panel" pos="0,-38">
        <sprite style="header.icon" sprite="ui_game_symbol_loot_sack"/>
        <label style="header.name" text="OUTPUT" text_key="xuiOutput" />
      </panel>
      <rect name="content" depth="0" pos="0,-83" height="150" disablefallthrough="true" on_press="true">
        <sprite depth="2" name="backgroundMain" sprite="menu_empty3px" height="150" color="[black]" type="sliced" fillcenter="false" on_press="true" />
          <grid depth="10" name="inventory" rows="2" cols="3" pos="3,-3" cell_width="75" cell_height="75" controller="WorkstationOutputGrid" repeat_content="true">
            <item_stack name="0"/>
          </grid>
      </rect>
    </window>	
    <window name="windowDwarvenFuel" width="228" height="166" panel="Right" cursor_area="true">
      <panel style="header.panel">
        <sprite style="header.icon" sprite="ui_game_symbol_fire"/>
        <label style="header.name" text="FUEL" text_key="xuiFuel" />
        <label style="header.timer"/>
      </panel>
      <rect name="content" depth="0" pos="0,-46" height="79" >
        <rect disablefallthrough="true">
          <grid rows="1" cols="3" pos="3,-3" cell_width="75" cell_height="75" controller="WorkstationFuelGrid" repeat_content="true">
            <item_stack name="0"/>
          </grid>
        </rect>
        <grid name="slot_preview" depth="1" rows="1" cols="3" pos="3,-3" cell_width="75" cell_height="75" controller="SlotPreview">
          <rect>
            <sprite name="slot" depth="2" width="64" height="64" sprite="resourceCoal" atlas="ItemIconAtlasGreyscale" pos="35,-35" pivot="center" foregroundlayer="true"/>
          </rect>
          <rect>
            <sprite name="slot" depth="2" width="64" height="64" sprite="resourceCoal" atlas="ItemIconAtlasGreyscale" pos="35,-35" pivot="center" foregroundlayer="true"/>
          </rect>
          <rect>
            <sprite name="slot" depth="2" width="64" height="64" sprite="resourceCoal" atlas="ItemIconAtlasGreyscale" pos="35,-35" pivot="center" foregroundlayer="true"/>
          </rect>
        </grid>
      </rect>
      <panel name="buttonContent" depth="5" pos="0, -121" height="40" backgroundcolor="[black]" bordercolor="[black]">
        <sprite depth="5" name="backgroundMain" sprite="menu_empty3px" color="[black]" type="sliced" fillcenter="false" />
        <rect depth="1" pos="3,-3" width="225" height="34">
          <button name="button" sprite="menu_empty" defaultcolor="[mediumGrey]" disabledcolor="[mediumGrey]" hoversprite="ui_game_select_row" hovercolor="[white]" type="sliced" width="222"  hoverscale="1.0" />
          <sprite depth="2" name="flameIcon" style="icon32px" pos="5,0" sprite="ui_game_symbol_fire" />
          <label depth="2" name="onoff" pos="0,-6" justify="center" text="TURN ON" text_key="xuiTurnOn" font_size="26" />
        </rect>
      </panel>
    </window>
  </append>
<!-- END White River Tools of Citizenship - Dwarven Forge by Shouden Kalferas, with code from Khaine's 3-Slot Forge -->


</configs>
