<configs>
<!-- #################################### -->
<!-- START H7SB Storage by Eihwaz -->
<!-- Website: www.eihwaz.de -->
<!-- Download URL: https://gitlab.com/EihwazDE/7D2D -->
<append xpath="/nav_object_classes">
<nav_object_class name="einkaufswagen">
	<property name="requirement_type" value="IsVehicleOwner" />
	<map_settings>
		<property name="sprite_name" value="ui_game_symbol_shopping_cart"/>
		<property name="min_distance" value="0"/>
		<property name="max_distance" value="-1"/>
		<property name="color" value="255,180,0,255"/>
		<property name="has_pulse" value="false"/>
	</map_settings>
	<onscreen_settings>
		<property name="sprite_name" value="ui_game_symbol_shopping_cart"/>
		<property name="min_distance" value="3"/>
		<property name="max_distance" value="21"/>
		<property name="color" value="255,255,0,255"/>
		<property name="has_pulse" value="true"/>
		<property name="show_distance" value="true"/>
	</onscreen_settings>
</nav_object_class>
</append>
<!-- END H7SB Storage by Eihwaz -->


</configs>
