<configs>
<!-- #################################### -->
<!-- START Doughs Buff Ambience Darker Inside by Doughphunghus, Modified by Shouden Kalferas -->
<!-- Website: https://github.com/doughphunghus -->
<!-- Download URL: https://github.com/XelaNull/7dtd-FixedModlets/ -->
  <set xpath="/worldglobal/environment/property[@name='ambientInsideThreshold']/@value">0.15</set>
  <set xpath="/worldglobal/environment/property[@name='ambientInsideSpeed']/@value">.4</set>
  <set xpath="/worldglobal/environment/property[@name='ambientInsideEquatorScale']/@value">0.25</set>
 <set xpath="/worldglobal/environment/property[@name='ambientInsideGroundScale']/@value">0.1</set>
  <set xpath="/worldglobal/environment/property[@name='ambientInsideSkyScale']/@value">0.3</set>
<!-- END Doughs Buff Ambience Darker Inside by Doughphunghus, Modified by Shouden Kalferas -->


<!-- #################################### -->
<!-- START Doughs Buff Ambience DarkerNights by Doughphunghus, Modified by Shouden Kalferas -->
<!-- Website: https://github.com/doughphunghus -->
<!-- Download URL: https://github.com/XelaNull/7dtd-FixedModlets/ -->
  <set xpath="/worldglobal/environment/property[@name='ambientMoon']/@value">0, 0</set>
  <set xpath="/worldglobal/environment/property[@name='ambientEquatorScale']/@value">.7, .4</set>
  <set xpath="/worldglobal/environment/property[@name='ambientGroundScale']/@value">.4, .1</set>
  <set xpath="/worldglobal/environment/property[@name='ambientSkyScale']/@value">.9, .3</set>
<!-- END Doughs Buff Ambience DarkerNights by Doughphunghus, Modified by Shouden Kalferas -->


</configs>
