<configs>
	<append xpath="/buffs">
		<buff name="DwarvenFemaleDeco" hidden="true">
			<effect_group>
				<triggered_effect trigger="onSelfBuffStart" action="AttachParticleEffectToEntity" particle="#Other/Items?Weapons/Melee/SledgeHammer/ironSledgehammerPrefab.prefab" local_offset="-.1,0,0" local_rotation="0,-90,0" parent_transform="RightHand"/>
				<triggered_effect trigger="onSelfBuffUpdate" action="AddBuff" target="self" buff="buffInjuryKnockdown01Cooldown"/>
			</effect_group>
		</buff>
	</append>
</configs>