<!-- - - - - - - - - - - -
#########################
####### H7SB Seats ######
### 7 Days to Die Mod ###
#########################
####### Eihwaz © ########
##### NO REUPLAOD! ######
#### CC BY-NC-ND-SA #####
#########################
- - - - - - - - - - - -->
<eihwaz.de>
<append xpath="/items">
	<item name="h7sb_chefsessel">
		<property name="Extends" value="vehicleMinibikePlaceable"/>
		<property name="CustomIcon" value="officeChair01"/>
		<property name="ItemTypeIcon" value="assemble"/>
		<property name="DescriptionKey" value="h7sb_ssItems"/>
		<!--<property name="PickupJournalEntry" value="h7sb_ssTip"/>-->
		<property name="Tags" value="vehicle"/>
		<property name="Meshfile" value="#Entities/Vehicles?bicycle_Prefab.prefab"/>
		<property name="SellableToTrader" value="false"/>
		<property class="Action1">
			<property name="Vehicle" value="h7sb_chefsessel"/>
		</property>
		<effect_group name="eihwaz.de" tiered="false">
			<passive_effect name="ModSlots" operation="base_set" value="0"/>
			<passive_effect name="DegradationMax" operation="base_set" value="60"/>
		</effect_group>
	</item>
</append>

<append xpath="/items">
	<item name="h7sb_klappstuhl">
		<property name="Extends" value="h7sb_chefsessel"/>
		<property name="CustomIcon" value="barracksChair"/>
		<property class="Action1">
			<property name="Vehicle" value="h7sb_klappstuhl"/>
		</property>
		<effect_group tiered="false">
			<passive_effect name="ModSlots" operation="base_set" value="0"/>
			<passive_effect name="DegradationMax" operation="base_set" value="50"/>
		</effect_group>
	</item>
</append>

<append xpath="/items">
	<item name="h7sb_holzhocker">
		<property name="Extends" value="h7sb_chefsessel"/>
		<property name="CustomIcon" value="cntClothesShelfHalfEmpty"/>
		<property class="Action1">
			<property name="Vehicle" value="h7sb_holzhocker"/>
		</property>
		<effect_group name="eihwa z.de" tiered="false">
			<passive_effect name="ModSlots" operation="base_set" value="0"/>
			<passive_effect name="DegradationMax" operation="base_set" value="50"/>
		</effect_group>
	</item>
</append>

<append xpath="/items">
	<item name="h7sb_sessel">
		<property name="Extends" value="h7sb_chefsessel"/>
		<property name="CustomIcon" value="sectionalPlaidChair"/>
		<property class="Action1">
			<property name="Vehicle" value="h7sb_sessel"/>
		</property>
		<effect_group tiered="false">
			<passive_effect name="ModSlots" operation="base_set" value="0"/>
			<passive_effect name="DegradationMax" operation="base_set" value="75"/>
		</effect_group>
	</item>
</append>

<append xpath="/items">
	<item name="h7sb_sessel1">
		<property name="Extends" value="h7sb_chefsessel"/>
		<property name="CustomIcon" value="sectionalLeatherChair"/>
		<property class="Action1">
			<property name="Vehicle" value="h7sb_sessel1"/>
		</property>
		<effect_group tiered="false">
			<passive_effect name="ModSlots" operation="base_set" value="0"/>
			<passive_effect name="DegradationMax" operation="base_set" value="75"/>
		</effect_group>
	</item>
</append>

<append xpath="/items">
	<item name="h7sb_sessel2">
		<property name="Extends" value="h7sb_chefsessel"/>
		<property name="CustomIcon" value="chairCouchSofa01"/>
		<property class="Action1">
			<property name="Vehicle" value="h7sb_sessel2"/>
		</property>
		<effect_group name="eih waz.de" tiered="false">
			<passive_effect name="ModSlots" operation="base_set" value="0"/>
			<passive_effect name="DegradationMax" operation="base_set" value="75"/>
		</effect_group>
	</item>
</append>

<append xpath="/items">
	<item name="h7sb_sessel3">
		<property name="Extends" value="h7sb_chefsessel"/>
		<property name="CustomIcon" value="leatherChairCouchSofa2"/>
		<property class="Action1">
			<property name="Vehicle" value="h7sb_sessel3"/>
		</property>
		<effect_group tiered="false">
			<passive_effect name="ModSlots" operation="base_set" value="0"/>
			<passive_effect name="DegradationMax" operation="base_set" value="75"/>
		</effect_group>
	</item>
</append>

<append xpath="/items">
	<item name="h7sb_bank">
		<property name="Extends" value="h7sb_chefsessel"/>
		<property name="CustomIcon" value="parkBenchA"/>
		<property class="Action1">
			<property name="Vehicle" value="h7sb_bank"/>
		</property>
		<effect_group tiered="false">
			<passive_effect name="ModSlots" operation="base_set" value="0"/>
			<passive_effect name="DegradationMax" operation="base_set" value="100"/>
		</effect_group>
	</item>
</append>

<append xpath="/items">
	<item name="h7sb_bank1">
		<property name="Extends" value="h7sb_chefsessel"/>
		<property name="CustomIcon" value="parkBenchB"/>
		<property class="Action1">
			<property name="Vehicle" value="h7sb_bank1"/>
		</property>
		<effect_group tiered="false">
			<passive_effect name="ModSlots" operation="base_set" value="0"/>
			<passive_effect name="DegradationMax" operation="base_set" value="100"/>
		</effect_group>
	</item>
</append>

<append xpath="/items">
	<item name="h7sb_sofa">
		<property name="Extends" value="h7sb_chefsessel"/>
		<property name="CustomIcon" value="couchSofa01"/>
		<property class="Action1">
			<property name="Vehicle" value="h7sb_sofa"/>
		</property>
		<effect_group name="e ihwaz.de" tiered="false">
			<passive_effect name="ModSlots" operation="base_set" value="0"/>
			<passive_effect name="DegradationMax" operation="base_set" value="100"/>
		</effect_group>
	</item>
</append>

<append xpath="/items">
	<item name="h7sb_sofa1">
		<property name="Extends" value="h7sb_chefsessel"/>
		<property name="CustomIcon" value="leatherCouchSofa2"/>
		<property class="Action1">
			<property name="Vehicle" value="h7sb_sofa1"/>
		</property>
		<effect_group tiered="false">
			<passive_effect name="ModSlots" operation="base_set" value="0"/>
			<passive_effect name="DegradationMax" operation="base_set" value="100"/>
		</effect_group>
	</item>
</append>
</eihwaz.de>
