<configs>
	<append xpath="/recipes">
	
		<!-- The quest and goal item to craft for reward for: Bambi's Killer Bow -->
		<recipe name="vetquestitem_toc_daryl_name" count="1" craft_time = "1" craft_exp_gain="0" >
			<ingredient name="questitem_toc_veterancard_name" count="1"/>
		</recipe>
		<recipe name="vetwrititem_toc_daryl_name" count="1" craft_time = "90" craft_exp_gain="10000" >
			<ingredient name="gunBowT1WoodenBowParts" count="2"/>
			<ingredient name="gunBowT0PrimitiveBow" count="20"/>			
			<ingredient name="resourceWood" count="400"/>
			<ingredient name="resourcePaper" count="1"/>
			<ingredient name="questitem_vetcoin_daryl" count="1"/>
		</recipe>	
		
		<recipe name="elitequestitem_toc_daryl_name" count="1" craft_time = "1" craft_exp_gain="0" >
			<ingredient name="questitem_toc_elitecard_name" count="1"/>
		</recipe>
		<recipe name="elitewrititem_toc_daryl_name" count="1" craft_time = "300" craft_exp_gain="20000" >
			<ingredient name="gunBowT3CompoundBow" count="20"/>
			<ingredient name="resourceWood" count="4000"/>
			<ingredient name="resourceAnimalFat" count="50"/>
			<ingredient name="resourcePaper" count="1"/>
			<ingredient name="questitem_elitecoin_daryl" count="1"/>
		</recipe>			
	</append>
</configs>