<configs>
<!-- #################################### -->
<!-- START 60Slot_Bag_30Reserve by ShoudenKalferas, Based on Khaine's 60BBM -->
<!-- Website: https://github.com/XelaNull/7dtd-Modlets.git -->
<!-- Download URL: https://github.com/XelaNull/7DTD-Bag_Bellows_Headshot.git -->
	<set xpath="/entity_classes/entity_class[@name='playerMale']/effect_group/passive_effect[@name='CarryCapacity'][@value='27']/@value">30</set>
	<set xpath="/entity_classes/entity_class[@name='playerMale']/effect_group/passive_effect[@name='BagSize'][@value='45']/@value">60</set>
<!-- END 60Slot_Bag_30Reserve by ShoudenKalferas, Based on Khaine's 60BBM -->


<!-- #################################### -->
<!-- START Doughs - Food - Sous Chef Of The Apocalypse by Doughphunghus -->
<!-- Website: https://github.com/doughphunghus -->
<!-- Download URL: https://github.com/doughphunghus/7D2D-Doughs-Mods-a19 -->
  <append xpath="/entity_classes/entity_class[@name='animalZombieDog']">
    <drop event="Harvest" name="doughsDrinkRawMilk" count="0" tool_category="Butcher"/> 
    <drop event="Harvest" name="doughsDrinkRawMilk" count="1" tag="butcherHarvest"/>
  	<drop event="Harvest" name="doughsDrinkRawMilk" count="2" tag="WasteTreasuresCompleteHarvest"/>
    <drop event="Harvest" name="doughsFoodRawSweetBread" count="0" tool_category="Butcher"/> 
    <drop event="Harvest" name="doughsFoodRawSweetBread" count="1" tag="butcherHarvest"/>
    <drop event="Harvest" name="doughsFoodRawSweetBread" count="2" tag="WasteTreasuresCompleteHarvest"/>
  </append>
  <append xpath="/entity_classes/entity_class[@name='animalCoyote']">
    <drop event="Harvest" name="doughsDrinkRawMilk" count="0" tool_category="Butcher"/> 
    <drop event="Harvest" name="doughsDrinkRawMilk" count="1" tag="butcherHarvest"/>
  	<drop event="Harvest" name="doughsDrinkRawMilk" count="2" tag="WasteTreasuresCompleteHarvest"/>
    <drop event="Harvest" name="doughsFoodRawSweetBread" count="0" tool_category="Butcher"/> 
    <drop event="Harvest" name="doughsFoodRawSweetBread" count="1" tag="butcherHarvest"/>
    <drop event="Harvest" name="doughsFoodRawSweetBread" count="2" tag="WasteTreasuresCompleteHarvest"/>
  </append>
  <append xpath="/entity_classes/entity_class[@name='animalWolf']">
    <drop event="Harvest" name="doughsDrinkRawMilk" count="0" tool_category="Butcher"/> 
    <drop event="Harvest" name="doughsDrinkRawMilk" count="2" tag="butcherHarvest"/>
  	<drop event="Harvest" name="doughsDrinkRawMilk" count="3" tag="WasteTreasuresCompleteHarvest"/>
    <drop event="Harvest" name="doughsFoodRawSweetBread" count="0" tool_category="Butcher"/> 
    <drop event="Harvest" name="doughsFoodRawSweetBread" count="2" tag="butcherHarvest"/>
    <drop event="Harvest" name="doughsFoodRawSweetBread" count="3" tag="WasteTreasuresCompleteHarvest"/>
  </append>
  <append xpath="/entity_classes/entity_class[@name='animalMountainLion']">
    <drop event="Harvest" name="doughsDrinkRawMilk" count="0" tool_category="Butcher"/> 
    <drop event="Harvest" name="doughsDrinkRawMilk" count="2" tag="butcherHarvest"/>
  	<drop event="Harvest" name="doughsDrinkRawMilk" count="3" tag="WasteTreasuresCompleteHarvest"/>
    <drop event="Harvest" name="doughsFoodRawSweetBread" count="0" tool_category="Butcher"/> 
    <drop event="Harvest" name="doughsFoodRawSweetBread" count="2" tag="butcherHarvest"/>
    <drop event="Harvest" name="doughsFoodRawSweetBread" count="3" tag="WasteTreasuresCompleteHarvest"/>
  </append>
  <append xpath="/entity_classes/entity_class[@name='animalStag']"> 
    <drop event="Harvest" name="doughsFoodRawSweetBread" count="0" tool_category="Butcher"/> 
    <drop event="Harvest" name="doughsFoodRawSweetBread" count="2" tag="butcherHarvest"/>
    <drop event="Harvest" name="doughsFoodRawSweetBread" count="3" tag="WasteTreasuresCompleteHarvest"/>
  </append>
  <append xpath="/entity_classes/entity_class[@name='animalDoe']">
    <drop event="Harvest" name="doughsDrinkRawMilk" count="1" tool_category="Butcher"/>
    <drop event="Harvest" name="doughsDrinkRawMilk" count="3" tag="butcherHarvest"/>
  	<drop event="Harvest" name="doughsDrinkRawMilk" count="4" tag="WasteTreasuresCompleteHarvest"/>
    <drop event="Harvest" name="doughsFoodRawSweetBread" count="1" tool_category="Butcher"/>
    <drop event="Harvest" name="doughsFoodRawSweetBread" count="3" tag="butcherHarvest"/>
    <drop event="Harvest" name="doughsFoodRawSweetBread" count="4" tag="WasteTreasuresCompleteHarvest"/>
  </append>
  <append xpath="/entity_classes/entity_class[@name='animalBear']">
    <drop event="Harvest" name="doughsDrinkRawMilk" count="2" tool_category="Butcher"/>
    <drop event="Harvest" name="doughsDrinkRawMilk" count="4" tag="butcherHarvest"/>
  	<drop event="Harvest" name="doughsDrinkRawMilk" count="5" tag="WasteTreasuresCompleteHarvest"/>
    <drop event="Harvest" name="doughsFoodRawSweetBread" count="2" tool_category="Butcher"/>
    <drop event="Harvest" name="doughsFoodRawSweetBread" count="4" tag="butcherHarvest"/>
    <drop event="Harvest" name="doughsFoodRawSweetBread" count="5" tag="WasteTreasuresCompleteHarvest"/>
  </append>
  <append xpath="/entity_classes/entity_class[@name='animalBossGrace']">
    <drop event="Harvest" name="doughsDrinkRawMilk" count="2" tool_category="Butcher"/>
    <drop event="Harvest" name="doughsDrinkRawMilk" count="6" tag="butcherHarvest"/>
  	<drop event="Harvest" name="doughsDrinkRawMilk" count="8" tag="WasteTreasuresCompleteHarvest"/>
    <drop event="Harvest" name="doughsFoodRawSweetBread" count="2" tool_category="Butcher"/>
    <drop event="Harvest" name="doughsFoodRawSweetBread" count="6" tag="butcherHarvest"/>
    <drop event="Harvest" name="doughsFoodRawSweetBread" count="8" tag="WasteTreasuresCompleteHarvest"/>
  </append>
<!-- END Doughs - Food - Sous Chef Of The Apocalypse by Doughphunghus -->


<!-- #################################### -->
<!-- START Guppycur's Random ZombieGetterUpper by Guppycur -->
<!-- Download URL: https://gitlab.com/guppycur/guppymods/-/archive/master/guppymods-master.zip?path=Guppycur%27s_Random_ZombieGetterUpper -->
	<set xpath="/entity_classes/entity_class/property[@name='KnockdownProneStunDuration']/@value">1.0,10.0</set>
	<set xpath="/entity_classes/entity_class/property[@name='KnockdownKneelStunDuration']/@value">1.0,10.0</set>
<!-- END Guppycur's Random ZombieGetterUpper by Guppycur -->


<!-- #################################### -->
<!-- START H7SB Seats by Eihwaz -->
<!-- Website: www.eihwaz.de -->
<!-- Download URL: https://gitlab.com/EihwazDE/7D2D -->
<append xpath="/entity_classes">
	<entity_class name="h7sb_chefsessel">
		<property name="Tags" value="vehicle,chefsessel,erholung_stuhl"/>
		<property name="Class" value="EntityVJeep"/>
		<property name="Parent" value="Cars"/>
		<property name="Prefab" value="#Entities/Vehicles?jeep_Prefab.prefab"/>
		<property name="SizeScale" value="0.2"/>
		<property name="ModelType" value="Standard"/>
		<property name="SurfaceCategory" value="cloth"/>
		<property name="IgnoreTrigger" value="true"/>
		<property name="LootListAlive" value="79"/>
		<property name="IsEnemyEntity" value="false"/>
		<property name="Explosion.ParticleIndex" value="0"/>
		<property name="Explosion.RadiusBlocks" value="0"/>
		<property name="Explosion.RadiusEntities" value="0"/>
		<property name="Explosion.BlockDamage" value="0"/>
		<property name="Explosion.EntityDamage" value="0"/>
		<property name="RotateToGround" value="true"/>
		<property name="Faction" value="none"/>
		<property name="Buffs" value="furnitureVisualDebug"/>
		<property name="MapIcon" value=""/>
	</entity_class>
</append>
<append xpath="/entity_classes">
	<entity_class name="h7sb_klappstuhl" extends="h7sb_chefsessel">
		<property name="Tags" value="vehicle,klappstuhl,erholung_stuhl"/>
	</entity_class>
</append>
<append xpath="/entity_classes">
	<entity_class name="h7sb_holzhocker" extends="h7sb_chefsessel">
		<property name="Tags" value="vehicle,holzhocker,erholung_stuhl"/>
		<property name="SurfaceCategory" value="wood"/>
	</entity_class>
</append>
<append xpath="/entity_classes">
	<entity_class name="h7sb_sessel" extends="h7sb_chefsessel">
		<property name="Tags" value="vehicle,sessel,erholung_stuhl"/>
	</entity_class>
</append>
<append xpath="/entity_classes">
	<entity_class name="h7sb_sessel1" extends="h7sb_chefsessel">
		<property name="Tags" value="vehicle,sessel1,erholung_stuhl"/>
	</entity_class>
</append>
<append xpath="/entity_classes">
	<entity_class name="h7sb_sessel2" extends="h7sb_chefsessel">
		<property name="Tags" value="vehicle,sessel2,erholung_stuhl"/>
	</entity_class>
</append>
<append xpath="/entity_classes">
	<entity_class name="h7sb_sessel3" extends="h7sb_chefsessel">
		<property name="Tags" value="vehicle,sessel3,erholung_stuhl"/>
	</entity_class>
</append>
<append xpath="/entity_classes">
	<entity_class name="h7sb_bank" extends="h7sb_chefsessel">
		<property name="Tags" value="vehicle,bank,erholung_stuhl"/>
		<property name="SurfaceCategory" value="wood"/>
	</entity_class>
</append>
<append xpath="/entity_classes">
	<entity_class name="h7sb_bank1" extends="h7sb_chefsessel">
		<property name="Tags" value="vehicle,bank1,erholung_stuhl"/>
		<property name="SurfaceCategory" value="wood"/>
	</entity_class>
</append>
<append xpath="/entity_classes">
	<entity_class name="h7sb_sofa" extends="h7sb_chefsessel">
		<property name="Tags" value="vehicle,sofa,erholung_stuhl"/>
	</entity_class>
</append>
<append xpath="/entity_classes">
	<entity_class name="h7sb_sofa1" extends="h7sb_chefsessel">
		<property name="Tags" value="vehicle,sofa1,erholung_stuhl"/>
	</entity_class>
</append>
<!-- END H7SB Seats by Eihwaz -->


<!-- #################################### -->
<!-- START H7SB Storage by Eihwaz -->
<!-- Website: www.eihwaz.de -->
<!-- Download URL: https://gitlab.com/EihwazDE/7D2D -->
<append xpath="/entity_classes">
	<entity_class name="h7sb_einkaufswagen">
		<property name="Tags" value="vehicle,einkaufswagen"/>
		<property name="Class" value="EntityVJeep"/>
		<property name="Parent" value="Cars"/>
		<property name="Prefab" value="#Entities/Vehicles?jeep_Prefab.prefab"/>
		<property name="SizeScale" value="0.25"/>
		<property name="ModelType" value="Standard"/>
		<property name="SurfaceCategory" value="metal"/>
		<property name="IgnoreTrigger" value="true"/>
		<property name="LootListAlive" value="251"/>
		<property name="IsEnemyEntity" value="false"/>
		<property name="Explosion.ParticleIndex" value="0"/>
		<property name="Explosion.RadiusBlocks" value="0"/>
		<property name="Explosion.RadiusEntities" value="0"/>
		<property name="Explosion.BlockDamage" value="0"/>
		<property name="Explosion.EntityDamage" value="0"/>
		<property name="RotateToGround" value="true"/>
		<property name="Faction" value="none"/>
		<property name="NavObject" value="einkaufswagen" />
		<property name="Buffs" value="storageVisualDebug"/>
	</entity_class>
</append>
<append xpath="/entity_classes">
	<entity_class name="h7sb_kippkarre" extends="h7sb_einkaufswagen">
		<property name="Tags" value="vehicle,kippkarre"/>
		<property name="SizeScale" value="0.3"/>
		<property name="LootListAlive" value="252"/>
	</entity_class>
</append>
<!-- END H7SB Storage by Eihwaz -->


<!-- #################################### -->
<!-- START Headshot_15 by ShoudenKalferas, Based on TSBX 25 Percent Headshot -->
<!-- Website: https://github.com/XelaNull/7dtd-Modlets.git -->
<!-- Download URL: https://github.com/XelaNull/7DTD-Bag_Bellows_Headshot.git -->
	<set xpath="/entity_classes/entity_class[@name='playerMale']/effect_group/passive_effect[@name='DamageModifier' and contains(@tags, 'head')]/@value">1.15</set>
	<set xpath="/entity_classes/entity_class[@name='zombieTemplateMale']/property[@name='DismemberMultiplierHead']/@value">.4</set>
  <append xpath="/entity_classes/entity_class[@name='playerMale']/effect_group">
      <passive_effect name="DamageModifier" operation="perc_add" value="1" tags="head" >
          <requirement name="CVarCompare" cvar="_difficulty" operation="Equals" value="2"/>
      </passive_effect>
      <passive_effect name="DamageModifier" operation="perc_add" value="1.15" tags="head" >
          <requirement name="CVarCompare" cvar="_difficulty" operation="Equals" value="3"/>
      </passive_effect>
      <passive_effect name="DamageModifier" operation="perc_add" value="1.25" tags="head" >
          <requirement name="CVarCompare" cvar="_difficulty" operation="Equals" value="4"/>
      </passive_effect>
      <passive_effect name="DamageModifier" operation="perc_add" value="1.35" tags="head" >
          <requirement name="CVarCompare" cvar="_difficulty" operation="Equals" value="5"/>
      </passive_effect>
  </append>
<!-- END Headshot_15 by ShoudenKalferas, Based on TSBX 25 Percent Headshot -->


<!-- #################################### -->
<!-- START IceBurg_Baby_Animals by IceBurg, Modified by Shouden Kalferas -->
<!-- Download URL: https://github.com/XelaNull/7dtd-FixedModlets.git -->
<append xpath="/entity_classes">
	<entity_class name="animalIceburgBabyDeer" extends="animalDoe">
		<property name="Mass" value="55"/>
		<property name="SizeScale" value="0.5"/>
		<property name="ExperienceGain" value="122"/>
		<property name="DeadBodyHitPoints" value="130"/>
		<property name="HasRagdoll" value="false"/>
		<effect_group name="Base Effects">
			<passive_effect name="HealthMax" operation="base_set" value="25"/>
			<passive_effect name="HealthMax" operation="perc_add" value="0"/> 
		</effect_group>
		<drop event="Harvest" name="foodRawMeat" count="0" tool_category="Butcher"/>
		<drop event="Harvest" name="foodRawMeat" tag="butcherHarvest" count="10"/>
		<drop event="Harvest" name="resourceLeather" tag="butcherHarvest" count="3"/>
		<drop event="Harvest" name="resourceAnimalFat" tag="butcherHarvest" count="1"/>
		<drop event="Harvest" name="resourceBone" tag="butcherHarvest" count="8"/>
		<drop event="Harvest" name="resourceBone" tag="allToolsHarvest" count="3"/>
		<drop event="Harvest" name="foodRawMeat" count="1" tag="WasteTreasuresCompleteHarvest"/>
		<drop event="Harvest" name="resourceLeather" count="1" tag="WasteTreasuresCompleteHarvest"/>
		<drop event="Harvest" name="resourceBone" count="1" tag="WasteTreasuresCompleteHarvest"/>
	</entity_class>
	<entity_class name="animalIceburgBabyChicken" extends="animalChicken">
		<property name="Mass" value="8"/>
		<property name="SizeScale" value="0.5"/>
		<property name="ExperienceGain" value="130"/>
		<property name="DeadBodyHitPoints" value="87"/>
		<property name="HasRagdoll" value="false"/>
		<effect_group name="Base Effects">
			<passive_effect name="HealthMax" operation="base_set" value="55"/>
			<passive_effect name="HealthMax" operation="perc_add" value="0"/> 
		</effect_group>
		<drop event="Harvest" name="foodRawMeat" count="0" tool_category="Butcher"/>
		<drop event="Harvest" name="foodRawMeat" tag="butcherHarvest" count="5"/> 
		<drop event="Harvest" name="resourceFeather" tag="butcherHarvest" count="11"/>
		<drop event="Harvest" name="resourceBone" tag="butcherHarvest" count="2"/>
		<drop event="Harvest" name="resourceBone" tag="allToolsHarvest" count="1"/>
		<drop event="Harvest" name="foodRawMeat" count="1" tag="WasteTreasuresCompleteHarvest"/>
		<drop event="Harvest" name="resourceLeather" count="1" tag="WasteTreasuresCompleteHarvest"/>
		<drop event="Harvest" name="resourceBone" count="1" tag="WasteTreasuresCompleteHarvest"/>
	</entity_class>
	<entity_class name="animalIceburgBabyRabbit" extends="animalRabbit">
		<property name="Mass" value="6"/>
		<property name="SizeScale" value="0.5"/>
		<property name="ExperienceGain" value="130"/>
		<property name="DeadBodyHitPoints" value="85"/>
		<property name="HasRagdoll" value="false"/>
		<effect_group name="Base Effects">
			<passive_effect name="HealthMax" operation="base_set" value="35"/>
			<passive_effect name="HealthMax" operation="perc_add" value="0"/> 
		</effect_group>
		<drop event="Harvest" name="foodRawMeat" count="0" tool_category="Butcher"/>
		<drop event="Harvest" name="foodRawMeat" tag="butcherHarvest" count="5"/> 
		<drop event="Harvest" name="resourceLeather" tag="butcherHarvest" count="1"/>
		<drop event="Harvest" name="resourceBone" tag="butcherHarvest" count="2"/>
		<drop event="Harvest" name="resourceBone" tag="allToolsHarvest" count="1"/>
		<drop event="Harvest" name="foodRawMeat" count="1" tag="WasteTreasuresCompleteHarvest"/>
		<drop event="Harvest" name="resourceLeather" count="1" tag="WasteTreasuresCompleteHarvest"/>
		<drop event="Harvest" name="resourceBone" count="1" tag="WasteTreasuresCompleteHarvest"/>
	</entity_class>
	<entity_class name="animalIceburgBabyBoar" extends="animalBoar">
		<property name="Mass" value="100"/>
		<property name="SizeScale" value="0.5"/>
		<property name="ExperienceGain" value="206"/>
		<property name="DeadBodyHitPoints" value="175"/>
		<property name="HandItem" value="meleeHandanimalIceburgBabyBoar"/>
		<property name="HasRagdoll" value="false"/>
		<effect_group name="Base Effects">
			<passive_effect name="HealthMax" operation="base_set" value="130"/>
			<passive_effect name="HealthMax" operation="perc_add" value="0"/> 
		</effect_group>
		<drop event="Harvest" name="foodRawMeat" count="0" tool_category="Butcher"/>
		<drop event="Harvest" name="foodRawMeat" tag="butcherHarvest" count="15"/>
		<drop event="Harvest" name="resourceLeather" tag="butcherHarvest" count="3"/>
		<drop event="Harvest" name="resourceAnimalFat" tag="butcherHarvest" count="2"/>
		<drop event="Harvest" name="resourceBone" tag="butcherHarvest" count="7"/>
		<drop event="Harvest" name="resourceBone" tag="allToolsHarvest" count="3"/>
		<drop event="Harvest" name="foodRawMeat" count="1" tag="WasteTreasuresCompleteHarvest"/>
		<drop event="Harvest" name="resourceLeather" count="1" tag="WasteTreasuresCompleteHarvest"/>
		<drop event="Harvest" name="resourceBone" count="1" tag="WasteTreasuresCompleteHarvest"/>
	</entity_class>
	<entity_class name="animalIceburgBabyBear" extends="animalBear">
		<property name="Tags" value="animal,hostile"/>
		<property name="IsEnemyEntity" value="false"/>
		<property name="ExperienceGain" value="188"/> 
		<property name="DeadBodyHitPoints" value="150"/>
		<property name="HandItem" value="meleeHandanimalIceburgBabyBear"/>
		<property name="HasRagdoll" value="false"/>
		<property name="Mass" value="150"/>
		<property name="SizeScale" value="0.25"/>
		<property name="AITask-1" value="BreakBlock"/>
		<property name="AITask-2" value="DestroyArea"/>
		<property name="AITask-3" value="Territorial"/>
		<property name="AITask-4" value="ApproachAndAttackTarget" data="class=EntityAnimalStag,40,EntityPlayer,25,EntityZombie,30"/>
		<property name="AITask-5" value="ApproachSpot"/>
		<property name="AITask-6" value="Look"/>
		<property name="AITask-7" value="Wander"/>
		<property name="AITask-8" value=""/>
		<property name="AITarget-1" value="SetAsTargetIfHurt"/>
		<property name="AITarget-2" value="BlockingTargetTask"/>
		<property name="AITarget-3" value="SetNearestEntityAsTarget" data="class=EntityPlayer,13,8,EntityAnimalStag,0,0,EntityZombie,0,0"/>
		<property name="AITarget-4" value=""/>
		<effect_group name="Base Effects">
			<passive_effect name="HealthMax" operation="base_set" value="200"/>
			<passive_effect name="HealthMax" operation="perc_add" value="0"/>
		</effect_group>	
		<drop event="Harvest" name="foodRawMeat" count="0" tool_category="Butcher"/>
		<drop event="Harvest" name="foodRawMeat" tag="butcherHarvest" count="13"/>
		<drop event="Harvest" name="resourceLeather" tag="butcherHarvest" count="4"/>
		<drop event="Harvest" name="resourceAnimalFat" tag="butcherHarvest" count="2"/>
		<drop event="Harvest" name="resourceBone" tag="butcherHarvest" count="6"/>
		<drop event="Harvest" name="resourceBone" tag="allToolsHarvest" count="2"/>
		<drop event="Harvest" name="foodRawMeat" count="1" tag="WasteTreasuresCompleteHarvest"/>
		<drop event="Harvest" name="resourceLeather" count="1" tag="WasteTreasuresCompleteHarvest"/>
		<drop event="Harvest" name="resourceBone" count="1" tag="WasteTreasuresCompleteHarvest"/>
	</entity_class>
	<entity_class name="animalIceburgBabyWolf" extends="animalWolf">
		<property name="Mass" value="47"/>
		<property name="SizeScale" value="0.5"/>
		<property name="ExperienceGain" value="175"/>
		<property name="DeadBodyHitPoints" value="130"/>
		<property name="HandItem" value="meleeHandanimalIceburgBabyWolf"/>
		<property name="HasRagdoll" value="false"/>
		<effect_group name="Base Effects">
			<passive_effect name="HealthMax" operation="base_set" value="100"/>
			<passive_effect name="HealthMax" operation="perc_add" value="0"/>
		</effect_group>
		<drop event="Harvest" name="foodRawMeat" count="0" tool_category="Butcher"/>
		<drop event="Harvest" name="foodRawMeat" tag="butcherHarvest" count="12"/>
		<drop event="Harvest" name="resourceLeather" tag="butcherHarvest" count="4"/>
		<drop event="Harvest" name="resourceAnimalFat" tag="butcherHarvest" count="1"/>
		<drop event="Harvest" name="resourceBone" tag="butcherHarvest" count="6"/>
		<drop event="Harvest" name="resourceBone" tag="allToolsHarvest" count="2"/>
		<drop event="Harvest" name="foodRawMeat" count="1" tag="WasteTreasuresCompleteHarvest"/>
		<drop event="Harvest" name="resourceLeather" count="1" tag="WasteTreasuresCompleteHarvest"/>
		<drop event="Harvest" name="resourceBone" count="1" tag="WasteTreasuresCompleteHarvest"/>
	</entity_class>
	<entity_class name="animalIceburgBabyCoyote" extends="animalCoyote">
		<property name="Mass" value="25"/>
		<property name="SizeScale" value="0.5"/>
		<property name="ExperienceGain" value="103"/>
		<property name="DeadBodyHitPoints" value="100"/>
		<property name="HandItem" value="meleeHandanimalIceburgBabyCoyote"/>
		<property name="HasRagdoll" value="false"/>
		<effect_group name="Base Effects">
			<passive_effect name="HealthMax" operation="base_set" value="50"/>
			<passive_effect name="HealthMax" operation="perc_add" value="0"/>
		</effect_group>
		<drop event="Harvest" name="foodRawMeat" count="0" tool_category="Butcher"/>
		<drop event="Harvest" name="foodRawMeat" tag="butcherHarvest" count="6"/>
		<drop event="Harvest" name="resourceLeather" tag="butcherHarvest" count="2"/>
		<drop event="Harvest" name="resourceAnimalFat" tag="butcherHarvest" count="1"/>
		<drop event="Harvest" name="resourceBone" tag="butcherHarvest" count="4"/>
		<drop event="Harvest" name="resourceBone" tag="allToolsHarvest" count="1"/>
		<drop event="Harvest" name="foodRawMeat" count="1" tag="WasteTreasuresCompleteHarvest"/>
		<drop event="Harvest" name="resourceLeather" count="1" tag="WasteTreasuresCompleteHarvest"/>
		<drop event="Harvest" name="resourceBone" count="1" tag="WasteTreasuresCompleteHarvest"/>
	</entity_class>
	<entity_class name="animalIceburgBabyMountainLion" extends="animalMountainLion">
		<property name="Mass" value="63"/>
		<property name="SizeScale" value="0.5"/>
		<property name="ExperienceGain" value="375"/>
		<property name="DeadBodyHitPoints" value="225"/>
		<property name="HandItem" value="meleeHandanimalIceburgBabyMountainLion"/>
		<property name="HasRagdoll" value="false"/>
		<effect_group name="Base Effects">
			<passive_effect name="HealthMax" operation="base_set" value="200"/>
			<passive_effect name="HealthMax" operation="perc_add" value="0"/>
		</effect_group>
		<drop event="Harvest" name="foodRawMeat" count="0" tool_category="Butcher"/>
		<drop event="Harvest" name="foodRawMeat" tag="butcherHarvest" count="12"/>
		<drop event="Harvest" name="resourceLeather" tag="butcherHarvest" count="5"/>
		<drop event="Harvest" name="resourceAnimalFat" tag="butcherHarvest" count="2"/>
		<drop event="Harvest" name="resourceBone" tag="butcherHarvest" count="6"/>
		<drop event="Harvest" name="resourceBone" tag="allToolsHarvest" count="2"/>
		<drop event="Harvest" name="foodRawMeat" count="1" tag="WasteTreasuresCompleteHarvest"/>
		<drop event="Harvest" name="resourceLeather" count="1" tag="WasteTreasuresCompleteHarvest"/>
		<drop event="Harvest" name="resourceBone" count="1" tag="WasteTreasuresCompleteHarvest"/>
	</entity_class>
	<entity_class name="animalIceburgBabyDireWolf" extends="animalDireWolf">
		<property name="Mass" value="90"/>
		<property name="SizeScale" value="0.5"/>
		<property name="ExperienceGain" value="375"/>
		<property name="DeadBodyHitPoints" value="225"/>
		<property name="HandItem" value="meleeHandanimalIceburgBabyDireWolf"/>
		<property name="HasRagdoll" value="false"/>
		<effect_group name="Base Effects">
			<passive_effect name="HealthMax" operation="base_set" value="175"/>
			<passive_effect name="HealthMax" operation="perc_add" value="0"/>
		</effect_group>
		<drop event="Harvest" name="foodRawMeat" count="0" tool_category="Butcher"/>
		<drop event="Harvest" name="foodRawMeat" tag="butcherHarvest" count="17"/>
		<drop event="Harvest" name="resourceLeather" tag="butcherHarvest" count="6"/>
		<drop event="Harvest" name="resourceAnimalFat" tag="butcherHarvest" count="2"/>
		<drop event="Harvest" name="resourceBone" tag="butcherHarvest" count="5"/>
		<drop event="Harvest" name="resourceBone" tag="allToolsHarvest" count="2"/>
		<drop event="Harvest" name="foodRawMeat" count="1" tag="WasteTreasuresCompleteHarvest"/>
		<drop event="Harvest" name="resourceLeather" count="1" tag="WasteTreasuresCompleteHarvest"/>
		<drop event="Harvest" name="resourceBone" count="1" tag="WasteTreasuresCompleteHarvest"/>
	</entity_class>
	<entity_class name="animalIceburgBabyZombieDog" extends="animalZombieDog">
		<property name="Mass" value="47"/>
		<property name="SizeScale" value="0.5"/>
		<property name="ExperienceGain" value="175"/>
		<property name="DeadBodyHitPoints" value="130"/>
		<property name="HandItem" value="meleeHandanimalIceburgBabyZombieDog"/>
		<property name="HasRagdoll" value="false"/>
		<effect_group name="Base Effects">
			<passive_effect name="HealthMax" operation="base_set" value="100"/>
			<passive_effect name="HealthMax" operation="perc_add" value="1"/>
		</effect_group>
		<drop event="Harvest" name="foodRawMeat" count="0" tool_category="Butcher"/>
		<drop event="Harvest" name="foodRottingFlesh" tag="butcherHarvest" count="5"/>
		<drop event="Harvest" name="resourceLeather" tag="butcherHarvest" count="2"/>
		<drop event="Harvest" name="resourceAnimalFat" tag="butcherHarvest" count="1"/>
		<drop event="Harvest" name="resourceBone" tag="butcherHarvest" count="6"/>
		<drop event="Harvest" name="resourceBone" tag="allToolsHarvest" count="2"/>
		<drop event="Harvest" name="foodRottingFlesh" count="1" tag="WasteTreasuresCompleteHarvest"/>
		<drop event="Harvest" name="resourceLeather" count="1" tag="WasteTreasuresCompleteHarvest"/>
		<drop event="Harvest" name="resourceBone" count="1" tag="WasteTreasuresCompleteHarvest"/>
	</entity_class>
	<entity_class name="animalIceburgBabyZombieBear" extends="animalZombieBear">
		<property name="Mass" value="150"/>
		<property name="SizeScale" value="0.25"/>
		<property name="ExperienceGain" value="375"/>
		<property name="DeadBodyHitPoints" value="150"/>
		<property name="HandItem" value="meleeHandanimalIceburgBabyZombieBear"/>
		<property name="HasRagdoll" value="false"/>
		<effect_group name="Base Effects">
			<passive_effect name="HealthMax" operation="base_set" value="250"/>
			<passive_effect name="HealthMax" operation="perc_add" value="1"/>
		</effect_group>
		<drop event="Harvest" name="foodRawMeat" count="0" tool_category="Butcher"/>
		<drop event="Harvest" name="foodRottingFlesh" tag="butcherHarvest" count="13"/>
		<drop event="Harvest" name="resourceLeather" tag="butcherHarvest" count="4"/>
		<drop event="Harvest" name="resourceAnimalFat" tag="butcherHarvest" count="2"/>
		<drop event="Harvest" name="resourceBone" tag="butcherHarvest" count="6"/>
		<drop event="Harvest" name="resourceBone" tag="allToolsHarvest" count="2"/>
		<drop event="Harvest" name="foodRottingFlesh" count="1" tag="WasteTreasuresCompleteHarvest"/>
		<drop event="Harvest" name="resourceLeather" count="1" tag="WasteTreasuresCompleteHarvest"/>
		<drop event="Harvest" name="resourceBone" count="1" tag="WasteTreasuresCompleteHarvest"/>
	</entity_class>
	<entity_class name="animalIceburgBabySnake" extends="animalSnake">
		<property name="Mass" value="15"/>
		<property name="Weight" value="35"/>
		<property name="SizeScale" value="0.5"/>
		<property name="ExperienceGain" value="65"/>
		<property name="DeadBodyHitPoints" value="75"/>
		<property name="HandItem" value="meleeHandanimalIceburgBabySnake"/>
		<property name="HasRagdoll" value="false"/>
		<effect_group name="Base Effects">
			<passive_effect name="HealthMax" operation="base_set" value="5"/>
			<passive_effect name="HealthMax" operation="perc_add" value="0"/>
		</effect_group>
		<drop event="Harvest" name="foodRawMeat" count="0" tool_category="Butcher"/>
		<drop event="Harvest" name="foodRawMeat" tag="butcherHarvest" count="5"/>
		<drop event="Harvest" name="resourceLeather" tag="butcherHarvest" count="1"/>
		<drop event="Harvest" name="resourceAnimalFat" tag="butcherHarvest" count="1"/>
		<drop event="Harvest" name="resourceBone" tag="butcherHarvest" count="1"/>
		<drop event="Harvest" name="resourceBone" tag="allToolsHarvest" count="1"/>
		<drop event="Harvest" name="foodRawMeat" count="1" tag="WasteTreasuresCompleteHarvest"/>
		<drop event="Harvest" name="resourceLeather" count="1" tag="WasteTreasuresCompleteHarvest"/>
		<drop event="Harvest" name="resourceBone" count="1" tag="WasteTreasuresCompleteHarvest"/>
	</entity_class>
	<entity_class name="animalIceburgBabyZombieVulture" extends="animalZombieVulture">
		<property name="Tags" value="entity,animal,zombie,hostile,vulture"/>
		<property name="Class" value="EntityVulture"/>
		<property name="EntityType" value="Zombie"/>
		<property name="AvatarController" value="AvatarAnimalController"/>
		<property name="ModelType" value="Standard"/>
		<property name="HasRagdoll" value="true"/>
		<property name="PhysicsBody" value="vulture"/>
		<property name="Mass" value="18"/>
		<property name="Mesh" value="Animals/Vulture/animalVultureStandardRagdoll"/>
		<property name="SizeScale" value=".5"/>
		<property name="HandItem" value="meleeHandAnimalIceburgBabyZombieVulture"/>
		<property name="ExperienceGain" value="206"/> 
		<property name="DeadBodyHitPoints" value="88"/>
		<drop event="Harvest" name="foodRawMeat" count="0" tool_category="Butcher"/>
		<drop event="Harvest" name="foodRottingFlesh" tag="butcherHarvest" count="4"/> 
		<drop event="Harvest" name="resourceFeather" tag="butcherHarvest" count="15"/>
		<drop event="Harvest" name="resourceBone" tag="butcherHarvest" count="3"/>
		<drop event="Harvest" name="resourceBone" tag="allToolsHarvest" count="1"/>
		<drop event="Harvest" name="foodRottingFlesh" count="1" tag="WasteTreasuresCompleteHarvest"/>
		<drop event="Harvest" name="resourceLeather" count="1" tag="WasteTreasuresCompleteHarvest"/>
		<drop event="Harvest" name="resourceBone" count="1" tag="WasteTreasuresCompleteHarvest"/>
		<effect_group name="Base Effects">
			<passive_effect name="HealthMax" operation="base_set" value="15"/>
			<passive_effect name="HealthMax" operation="perc_add" value="0"/>
		</effect_group>
	</entity_class>
	<entity_class name="animalIceburgBabyZombieVultureRadiated" extends="animalZombieVulture">
		<property name="Tags" value="entity,animal,zombie,hostile,radiated,vulture"/>
		<property name="Radiated" value=""/>
		<property name="Mass" value="25"/>
		<property name="SizeScale" value=".5"/>
		<property name="MoveSpeed" value=".7"/>
		<property name="MoveSpeedAggro" value="1.5, 1.5"/>
		<property name="MaxTurnSpeed" value="150"/>
		<property name="HandItem" value="meleeHandAnimalIceburgBabyZombieVultureRadiated"/>
		<property name="ExperienceGain" value="600"/> 
		<property name="DeadBodyHitPoints" value="100"/>
		<drop event="Harvest" name="foodRawMeat" count="0" tool_category="Butcher"/>
		<drop event="Harvest" name="foodRottingFlesh" tag="butcherHarvest" count="3"/> 
		<drop event="Harvest" name="resourceFeather" tag="butcherHarvest" count="17"/>
		<drop event="Harvest" name="resourceBone" tag="butcherHarvest" count="4"/>
		<drop event="Harvest" name="resourceBone" tag="allToolsHarvest" count="2"/>
		<effect_group name="Base Effects">
			<passive_effect name="HealthMax" operation="base_set" value="60"/>
			<passive_effect name="HealthMax" operation="perc_set" value="1"/> 
			<passive_effect name="EntityDamage" operation="perc_add" value=".4"/> 
			<triggered_effect trigger="onOtherDamagedSelf" action="ModifyCVar" target="self" cvar="RadiatedRegenAmount" operation="set" value="4"/>
			<triggered_effect trigger="onOtherDamagedSelf" action="AddBuff" target="self" buff="buffRadiatedRegen"/>
		</effect_group>
	</entity_class>
</append>
<!-- END IceBurg_Baby_Animals by IceBurg, Modified by Shouden Kalferas -->


<!-- #################################### -->
<!-- START JaxTeller718_ZombieSightRange by JaxTeller718 -->
<!-- Website: https://ravenhearst.enjin.com/ -->
<!-- Download URL: https://github.com/JaxTeller718/A19ModletsJax/trunk/JaxTeller718_ZombieSightRange -->
	<set xpath="/entity_classes/entity_class[starts-with(@name, 'zombie')]/property[@name='SightRange']/@value">60</set>
	<remove xpath="/entity_classes/entity_class[@name='zombieTemplateMale']/property[@name='AITarget-4']"/>
	<insertAfter xpath="entity_classes/entity_class[@name='zombieTemplateMale']/property[@name='AITarget-3']" >
		<property name="AITarget-4" value="SetNearestEntityAsTarget" data="class=EntityPlayer,60,30,EntityNPC,0,0"/>
	</insertAfter>
<!-- END JaxTeller718_ZombieSightRange by JaxTeller718 -->


<!-- #################################### -->
<!-- START Khelldon - Bigger Buck and Doe by Khelldon -->
<!-- Download URL: https://github.com/doughphunghus/7d2dModlets -->
<append xpath="/entity_classes/entity_class[@name='animalStag']">
	<property name="SizeScale" value="1.5"/>
</append>
<append xpath="/entity_classes/entity_class[@name='animalDoe']">
	<property name="SizeScale" value="1.25"/>
</append>
<!-- END Khelldon - Bigger Buck and Doe by Khelldon -->


<!-- #################################### -->
<!-- START MeanCloud's Increased Animals by Mean.Cloud, Doughphungus, Modified by Shouden Kalferas -->
<!-- Website: http://mean.cloud/ -->
<!-- Download URL: https://github.com/XelaNull/7dtd-FixedModlets.git -->
  <insertAfter xpath="/entity_classes/entity_class[@name='animalDoe']" >
    <entity_class name="animalMoose" extends="animalTemplateTimid">
      <property name="Tags" value="entity,animal,deer,perkAT2,perkAT3,perkAT4,perkAT5"/>
      <property name="MapIcon" value="ui_game_symbol_tracking_deer"/>
      <property name="TrackerIcon" value="ui_game_symbol_tracking_deer"/>
      <property name="AvatarController" value="AvatarAnimalController"/>
      <property name="ModelType" value="Standard"/>
      <property name="Prefab" value="/Entities/Animals/Deer/animalDeerStagRagdoll"/>
      <property name="Mesh" value=""/>
      <property name="Parent" value="Animals"/>
      <property name="HasDeathAnim" value="true"/>
      <property name="HasRagdoll" value="true"/>
      <property name="RootMotion" value="true"/>
      <property name="RotateToGround" value="true"/>
      <property name="IsEntityAnimal" value="true"/>
      <property name="IsEnemyEntity" value="false"/>
      <property name="Faction" value="animals"/>
      <property name="PhysicsBody" value="Doe"/>
      <property name="Mass" value="180"/>
      <property name="Weight" value="110"/>
      <property name="SurfaceCategory" value="organic"/>
      <property name="ParticleOnDeath" value="blood_death"/>
      <property name="SoundHurt" value="Animals/stagpain"/>
      <property name="SoundDeath" value="Animals/stagdeath"/>
      <property name="MaxTurnSpeed" value="220"/>
      <property name="MoveSpeedPanic" value="1.6"/>
      <property name="ExperienceGain" value="327"/>
      <property name="TimeStayAfterDeath" value="300"/>
      <drop event="Harvest" name="foodRawMeat" count="0" tool_category="Butcher"/> 
      <drop event="Harvest" name="foodRawMeat" tag="butcherHarvest" count="30"/> 
      <drop event="Harvest" name="resourceLeather" tag="butcherHarvest" count="9"/>
      <drop event="Harvest" name="resourceAnimalFat" tag="butcherHarvest" count="3"/>
      <drop event="Harvest" name="resourceBone" tag="butcherHarvest" count="25"/>
      <drop event="Harvest" name="resourceBone" tag="allToolsHarvest" count="7"/>
      <drop event="Harvest" name="foodRawMeat" count="1" tag="WasteTreasuresCompleteHarvest"/>
      <drop event="Harvest" name="resourceLeather" count="1" tag="WasteTreasuresCompleteHarvest"/>
      <drop event="Harvest" name="resourceBone" count="1" tag="WasteTreasuresCompleteHarvest"/>
      <effect_group name="Base Effects">
        <passive_effect name="HealthMax" operation="base_set" value="150"/>
        <passive_effect name="HealthMax" operation="perc_add" value="0"/> 
      </effect_group>
    </entity_class>
  </insertAfter>
  <insertAfter xpath="/entity_classes/entity_class[@name='animalMoose']" >
    <entity_class name="animalDeer" extends="animalStag">
      <property name="Prefab" value="/Entities/Animals/Deer/animalDeerDoeRagdoll"/>
      <property name="Mass" value="120"/>
      <property name="SizeScale" value="1.4"/>
      <drop event="Harvest" name="foodRawMeat" count="0" tool_category="Butcher"/>
      <drop event="Harvest" name="foodRawMeat" tag="butcherHarvest" count="20"/> 
      <drop event="Harvest" name="resourceLeather" tag="butcherHarvest" count="6"/>
      <drop event="Harvest" name="resourceAnimalFat" tag="butcherHarvest" count="2"/>
      <drop event="Harvest" name="resourceBone" tag="butcherHarvest" count="15"/>
      <drop event="Harvest" name="resourceBone" tag="allToolsHarvest" count="5"/>
      <drop event="Harvest" name="foodRawMeat" count="1" tag="WasteTreasuresCompleteHarvest"/>
      <drop event="Harvest" name="resourceLeather" count="1" tag="WasteTreasuresCompleteHarvest"/>
      <drop event="Harvest" name="resourceBone" count="1" tag="WasteTreasuresCompleteHarvest"/>
      <effect_group name="Base Effects">
        <passive_effect name="HealthMax" operation="base_set" value="75"/>
        <passive_effect name="HealthMax" operation="perc_add" value="0"/> 
      </effect_group>
    </entity_class>
  </insertAfter>
  <insertAfter xpath="/entity_classes/entity_class[@name='animalRabbit']" >
    <entity_class name="animalHare" extends="animalTemplateTimid">
      <property name="Tags" value="entity,animal"/>
      <property name="Class" value="EntityAnimalRabbit"/>
      <property name="Prefab" value="/Entities/Animals/Rabbit/RABBIT"/>
      <property name="Mesh" value=""/>
      <property name="Parent" value="Animals"/>
      <property name="Faction" value="animals"/>
      <property name="PhysicsBody" value="rabbit"/>
      <property name="Mass" value="35"/>
      <property name="Weight" value="25"/>
      <property name="SizeScale" value="1.3"/>
      <property name="SoundHurt" value="Animals/rabbitpain"/>
      <property name="SoundDeath" value="Animals/rabbitdeath"/>
      <property name="SwimOffset" value="2"/>
      <property name="HasRagdoll" value="false"/>
      <property name="MoveSpeedPanic" value="1.5"/>
      <property name="ExperienceGain" value="173"/>
      <property name="DeadBodyHitPoints" value="175"/>
      <drop event="Harvest" name="foodRawMeat" count="0" tool_category="Butcher"/>
      <drop event="Harvest" name="foodRawMeat" tag="butcherHarvest" count="10"/> 
      <drop event="Harvest" name="resourceLeather" tag="butcherHarvest" count="2"/>
      <effect_group name="Base Effects">
        <passive_effect name="HealthMax" operation="base_set" value="10"/>
        <passive_effect name="HealthMax" operation="perc_add" value="0"/> 
      </effect_group>
    </entity_class>
  </insertAfter>
  <insertAfter xpath="/entity_classes/entity_class[@name='animalChicken']" >
    <entity_class name="animalHen" extends="animalTemplateTimid">
      <property name="Tags" value="entity,animal"/>
      <property name="Mesh" value="Animals/CHICKEN/chickenPrefab"/>
      <property name="Prefab" value="NPC"/>
      <property name="Class" value="EntityAnimalRabbit"/>
      <property name="Parent" value="Animals"/>
      <property name="Faction" value="animals"/>
      <property name="PhysicsBody" value="chicken"/>
      <property name="Mass" value="45"/>
      <property name="Weight" value="30"/>
      <property name="SizeScale" value="1.2"/>
      <property name="SoundHurt" value="Animals/Chicken/chickenpain"/>
      <property name="SoundDeath" value="Animals/Chicken/chickendeath"/>
      <property name="SwimOffset" value="2"/>
      <property name="HasRagdoll" value="false"/>
      <property name="HasDeathAnim" value="false"/>
      <property name="MoveSpeedPanic" value="1"/>
      <property name="ExperienceGain" value="173"/>
      <property name="DeadBodyHitPoints" value="175"/>
      <drop event="Harvest" name="foodRawMeat" count="0" tool_category="Butcher"/>
      <drop event="Harvest" name="foodRawMeat" tag="butcherHarvest" count="10"/> 
      <drop event="Harvest" name="resourceFeather" tag="butcherHarvest" count="23"/>
      <effect_group name="Base Effects">
        <passive_effect name="HealthMax" operation="base_set" value="10"/>
        <passive_effect name="HealthMax" operation="perc_add" value="0"/> 
      </effect_group>
    </entity_class>
  </insertAfter>
  <insertAfter xpath="/entity_classes/entity_class[@name='animalHen']" >
    <entity_class name="animalPig" extends="animalTemplateTimid">
      <property name="Tags" value="entity,animal"/>
      <property name="IsEnemyEntity" value="false"/>
      <property name="AvatarController" value="AvatarAnimalController"/>
      <property name="ModelType" value="Standard"/>
      <property name="HasRagdoll" value="true"/>
      <property name="PhysicsBody" value="boar"/>
      <property name="Mass" value="200"/>
      <property name="Parent" value="Animals"/>
      <property name="Faction" value="animals"/>
      <property name="Mesh" value="Animals/Boar/AnimalBoarStandardRagdoll"/>
      <property name="HasDeathAnim" value="true"/>
      <property name="RootMotion" value="true"/>
      <property name="RagdollOnDeathChance" value=".5"/>
      <property class="MechanimAttackTriggers">
        <property name="state0" value="AttackTrigger"/>
      </property>
      <property class="MechanimAttackStates">
        <property name="state0" value="Attack"/>
        <property name="state1" value="AttackStandingStill"/>
      </property>
      <property class="MechanimPainTriggers">
        <property name="state0" value="PainTrigger"/>
      </property>
      <property class="MechanimPainStates">
        <property name="state0" value="Pain"/>
      </property>
      <property class="MechanimDeathTriggers">
        <property name="state0" value="DeathTrigger"/>
      </property>
      <property class="MechanimDeathStates">
        <property name="state0" value="Death"/>
      </property>
      <property name="SoundRandom" value="Animals/Boar/boarroam"/>
      <property name="SoundAlert" value="Animals/Boar/boaralert"/>
      <property name="SoundHurt" value="Animals/Boar/boarpain"/>
      <property name="SoundDeath" value="Animals/Boar/boardeath"/>
      <property name="SoundAttack" value="Animals/Boar/boarattack"/>
      <property name="SoundSense" value="Animals/Boar/boarsense"/>
      <property name="SoundGiveUp" value="Animals/Boar/boargiveup"/>
      <property name="MoveSpeed" value="0.2"/>
      <property name="MoveSpeedAggro" value="1.3, 1.3"/>
      <property name="MoveSpeedPanic" value="2.0"/>
      <drop event="Harvest" name="foodRawMeat" count="0" tool_category="Butcher"/>
      <drop event="Harvest" name="foodRawMeat" tag="butcherHarvest" count="30"/> 
      <drop event="Harvest" name="resourceLeather" tag="butcherHarvest" count="7"/>
      <drop event="Harvest" name="resourceAnimalFat" count="6" tag="butcherHarvest"/>
      <drop event="Harvest" name="resourceBone" tag="butcherHarvest" count="3"/>
      <drop event="Harvest" name="resourceBone" tag="allToolsHarvest" count="1"/>
      <effect_group name="Base Effects">
        <passive_effect name="HealthMax" operation="base_set" value="150"/>
        <passive_effect name="HealthMax" operation="perc_add" value="0"/> 
      </effect_group>
    </entity_class>
  </insertAfter>
<!-- END MeanCloud's Increased Animals by Mean.Cloud, Doughphungus, Modified by Shouden Kalferas -->


<!-- #################################### -->
<!-- START Mutations by stample, stamplesmods@gmail.com -->
<!-- Download URL: https://github.com/stamplesmods/7d2dmodlets -->
	<append xpath="/entity_classes">
	<entity_class name="animalMutantCoyote" extends="animalCoyote">
		<property name="Mass" value="120"/>
		<property name="SizeScale" value="1.5"/>
		<property name="ExperienceGain" value="1000"/>
		<property name="DeadBodyHitPoints" value="200"/>
		<property name="HasRagdoll" value="false"/>
		<property name="HandItem" value="meleeHandAnimalMutantCoyote"/>
		<effect_group name="Base Effects">
			<triggered_effect trigger="onSelfFirstSpawn" action="AddBuff" target="self" buff="buffMutantCoyoteFireAura"/>
			<passive_effect name="HealthMax" operation="base_set" value="1000"/>
			<passive_effect name="HealthMax" operation="perc_add" value="0"/>
		</effect_group>
	</entity_class>
	<entity_class name="animalMutantBear" extends="animalBear">
		<property name="Mass" value="800"/>
		<property name="SizeScale" value="1.5"/>
		<property name="ExperienceGain" value="3000"/>
		<property name="DeadBodyHitPoints" value="400"/>
		<property name="HasRagdoll" value="false"/>
		<effect_group name="Base Effects">
			<triggered_effect trigger="onSelfFirstSpawn" action="AddBuff" target="self" buff="buffMutantBearDeco"/>
			<passive_effect name="HealthMax" operation="base_set" value="2400"/>
			<passive_effect name="HealthMax" operation="perc_add" value="0"/>
		</effect_group>
	</entity_class>
	<entity_class name="animalMutantCat" extends="animalMountainLion">
		<property name="Mass" value="200"/>
		<property name="SizeScale" value="1.5"/>
		<property name="ExperienceGain" value="2000"/>
		<property name="DeadBodyHitPoints" value="400"/>
		<property name="HasRagdoll" value="false"/>
		<effect_group name="Base Effects">
			<triggered_effect trigger="onSelfFirstSpawn" action="AddBuff" target="self" buff="buffMutantCatDeco"/>
			<passive_effect name="HealthMax" operation="base_set" value="2000"/>
			<passive_effect name="HealthMax" operation="perc_add" value="0"/>
		</effect_group>
	</entity_class>
	<entity_class name="animalMutantBoar" extends="animalBoar">
		<property name="Mass" value="200"/>
		<property name="SizeScale" value="2"/>
		<property name="ExperienceGain" value="2000"/>
		<property name="DeadBodyHitPoints" value="400"/>
		<property name="HasRagdoll" value="false"/>
		<property name="ReplaceMaterial0" value="entities/animals/vulture/materials/vulture_v2"/>
		<effect_group name="Base Effects">
			<passive_effect name="HealthMax" operation="base_set" value="2500"/>
			<passive_effect name="HealthMax" operation="perc_add" value="0"/>
		</effect_group>
	</entity_class>
	<entity_class name="animalMutantWolf" extends="animalDireWolf">
		<property name="Mass" value="175"/>
		<property name="SizeScale" value="2"/>
		<property name="ExperienceGain" value="2000"/>
		<property name="DeadBodyHitPoints" value="400"/>
		<property name="HasRagdoll" value="false"/>
		<property name="ReplaceMaterial1" value="#Entities/Zombies?Zombies/Materials/rad_eye.mat"/>
		<property name="ReplaceMaterial0" value="materials/waterinbucket"/>
		<property name="HandItem" value="meleeHandAnimalMutantWolf"/>
		<effect_group name="Base Effects">
			<passive_effect name="HealthMax" operation="base_set" value="2000"/>
			<passive_effect name="HealthMax" operation="perc_add" value="0"/>
		</effect_group>
	</entity_class>
	</append>
<!-- END Mutations by stample, stamplesmods@gmail.com -->


<!-- #################################### -->
<!-- START Riles-Fixes by Riles -->
<!-- Download URL: https://docs.google.com/uc?export=download&id=1q1MdS4kRRu94S22KXcDqfiiZbXW4ZTZs -->
		<set xpath="/entity_classes/entity_class[starts-with(@name,'animal')]/property[@name='TimeStayAfterDeath']/@value">1200</set> 
		<set xpath="/entity_classes/entity_class[starts-with(@name,'EntityLootContainer')]/property[@name='TimeStayAfterDeath']/@value">36000</set>
<!-- END Riles-Fixes by Riles -->


<!-- #################################### -->
<!-- START StamplesDefenseQuests by stample, stamplesmods@gmail.com -->
<!-- Download URL: https://github.com/stamplesmods/7d2dmodlets -->
	<append xpath="/entity_classes">
	<entity_class name="zombieMummyT1" extends="zombieWightFeral">
		<property name="Tags" value="entity,zombie,walker"/>
		<property name="SizeScale" value="1.20"/>
		<property name="ExperienceGain" value="2000"/>
		<property name="DeadBodyHitPoints" value="1000"/>
		<property name="ReplaceMaterial0" value="entities/animals/vulture/materials/vulture_v2"/>
		<property name="MoveSpeedAggro" value="0.2, 1.1"/> 
		<effect_group name="Base Effects">
			<passive_effect name="HealthMax" operation="base_set" value="400"/>
			<passive_effect name="HealthMax" operation="perc_add" value="0"/>
		</effect_group>
	</entity_class>
	<entity_class name="zombieMummyT2" extends="zombieMummyT1">
		<property name="Tags" value="entity,zombie,walker"/>
		<property name="ExperienceGain" value="2500"/>
		<property name="MoveSpeedAggro" value="0.2, 1.1"/> 
		<effect_group name="Base Effects">
			<passive_effect name="HealthMax" operation="base_set" value="800"/>
			<passive_effect name="HealthMax" operation="perc_add" value="0"/>
		</effect_group>
	</entity_class>
	<entity_class name="zombieMummyT3" extends="zombieMummyT1">
		<property name="Tags" value="entity,zombie,walker,feral"/>
		<property name="ExperienceGain" value="3000"/>
		<property name="MoveSpeedAggro" value=".5, 1.35"/> 
		<effect_group name="Base Effects">
			<passive_effect name="HealthMax" operation="base_set" value="1000"/>
			<passive_effect name="HealthMax" operation="perc_add" value="0"/>
		</effect_group>
	</entity_class>
	<entity_class name="zombieMummyT4" extends="zombieMummyT1">
		<property name="Tags" value="entity,zombie,walker,feral"/>
		<property name="ExperienceGain" value="3500"/>
		<property name="MoveSpeedAggro" value=".5, 1.35"/> 
		<effect_group name="Base Effects">
			<passive_effect name="HealthMax" operation="base_set" value="1200"/>
			<passive_effect name="HealthMax" operation="perc_add" value="0"/>
		</effect_group>
	</entity_class>
	<entity_class name="zombieMummyT5" extends="zombieMummyT1">
		<property name="Tags" value="entity,zombie,walker,feral,radiated"/>
		<property name="ExperienceGain" value="4000"/>
		<property name="MoveSpeedAggro" value=".5, 1.35"/> 
		<property name="ReplaceMaterial1" value="#Entities/Zombies?Zombies/Materials/rad_eye.mat"/>
		<effect_group name="Base Effects">
			<passive_effect name="HealthMax" operation="base_set" value="1500"/>
			<passive_effect name="HealthMax" operation="perc_add" value="0"/>
			<triggered_effect trigger="onOtherDamagedSelf" action="ModifyCVar" target="self" cvar="RadiatedRegenAmount" operation="set" value="8.1"/>
			<triggered_effect trigger="onOtherDamagedSelf" action="AddBuff" target="self" buff="buffRadiatedRegen"/>
		</effect_group>
	</entity_class>
	</append>
<!-- END StamplesDefenseQuests by stample, stamplesmods@gmail.com -->


<!-- #################################### -->
<!-- START StamplesScreamerBanshee by stample -->
<!-- Download URL: https://github.com/stamplesmods/7d2dmodlets -->
	<append xpath="/entity_classes">
<entity_class name="zombieStamplesScreamerBanshee" extends="zombieScreamer">
		<property name="Tags" value="entity,zombie,hostile,feral"/>
		<property name="ReplaceMaterial0" value="particleeffects/models/materials/p_glass"/> 
		<property name="ReplaceMaterial1" value="#Entities/Zombies?Zombies/Materials/feral_eye.mat"/>
		<property name="Class" value="EntityVulture"/>
		<property name="MoveSpeed" value=".7"/>
		<property name="MoveSpeedAggro" value="2, 2"/>
		<property name="MaxTurnSpeed" value="150"/>
		<property name="SightRange" value="70"/>
		<property name="IsAnimalEntity" value="false"/>
		<property name="AIGroupCircle" value="1"/>
		<property name="AINoiseSeekDist" value="3"/>
		<property name="AIPathCostScale" value=".15, .4"/>
		<property name="AITask-1" value="BreakBlock"/>
		<property name="AITask-2" value="ApproachAndAttackTarget" data="class=EntityNPC,0,EntityPlayer,0"/>
		<property name="AITask-3" value="ApproachSpot"/>
		<property name="AITask-4" value="Look"/>
		<property name="AITask-5" value="Wander"/>
		<property name="AITarget-1" value="SetAsTargetIfHurt"/>
		<property name="AITarget-2" value="BlockIf" data="condition=alert e 0"/>
		<property name="AITarget-3" value="BlockingTargetTask"/>
		<property name="AITarget-4" value="SetNearestEntityAsTarget" data="class=EntityPlayer,70,70,EntityNPC,70,70"/>
		<property name="HandItem" value="meleeHandZombie01"/>
	<effect_group name="Base Effects">
		<triggered_effect trigger="onSelfFirstSpawn" action="AddBuff" target="self" buff="buffBansheeGlow"/>
		<passive_effect name="HealthMax" operation="base_set" value="75"/>
		<passive_effect name="HealthMax" operation="perc_set" value="1"/> 
	</effect_group>
</entity_class>
	</append>
<!-- END StamplesScreamerBanshee by stample -->


<!-- #################################### -->
<!-- START White River Tools of Citizenship - Amelia Earhart's Gyrocopter by ShoudenKalferas and Aeyvi-Daro -->
<!-- Website: https://7daystodie.com/forums/showthread.php?111233-White-River-Tools-Of-Citizenship -->
<!-- Download URL: https://github.com/XelaNull/7DTD-WhiteRiver_ToC.git -->
	<append xpath="/entity_classes">
		<entity_class name="vehicleAmeliaGyrocopter">
			<property name="Tags" value="vehicle,vehicleAmelia"/>
			<property name="Class" value="EntityVGyroCopter"/>
			<property name="Parent" value="Cars"/>
			<property name="Prefab" value="#Entities/Vehicles?gyrocopter_Prefab.prefab"/>
			<property name="ModelType" value="Standard"/>
			<property name="SurfaceCategory" value="metal"/>
			<property name="IgnoreTrigger" value="true"/>
			<property name="LootListAlive" value="80"/>
			<property name="IsEnemyEntity" value="false"/>
			<property name="Explosion.ParticleIndex" value="6"/>
			<property name="Explosion.RadiusBlocks" value="3"/>
			<property name="Explosion.RadiusEntities" value="3"/>
			<property name="Explosion.BlockDamage" value="30"/>
			<property name="Explosion.EntityDamage" value="30"/>
			<property name="RotateToGround" value="true"/>
			<property name="Faction" value="none"/>
			<property name="MapIcon" value="ui_game_symbol_gyrocopter"/>
			<property name="NavObject" value="gyrocopter" />
		</entity_class>
	</append>
	<append xpath="/entity_classes/entity_class[@name='playerMale']">
		<effect_group>
			<triggered_effect trigger="onOtherDamagedSelf" action="ModifyStats" stat="Stamina" operation="subtract" value="20">
				<requirement name="EntityTagCompare" target="other" tags="ToCWendigo"/>
			</triggered_effect>
		</effect_group>
	</append>
	<append xpath="/entity_classes">
		<entity_class name="ToCWendigo_Zombie_Template" extends="zombieTemplateMale">
			<property name="EntityType" value="Zombie" />
			<property name="Prefab" value="NPC" />
			<property name="Class" value="EntityZombie" />
			<property name="Parent" value="Enemies" />
			<property name="IsEnemyEntity" value="true" />
			<property name="HandItem" value="meleeHandZombie01" />
			<property name="SoundAlert" value="Enemies/Base_Zombie_Male/zombiemalealert" />
			<property name="SoundSense" value="Enemies/Base_Zombie_Male/zombiemalesense" />
			<property name="SoundHurt" value="Enemies/Base_Zombie_Male/zombiemalepain" />
			<property name="SoundDeath" value="Enemies/Base_Zombie_Male/zombiemaledeath" />
			<property name="SoundAttack" value="Enemies/Base_Zombie_Male/zombiemaleattack" />
			<property name="DismemberMultiplierHead" value=".4"/><property name="DismemberMultiplierArms" value=".4"/><property name="DismemberMultiplierLegs" value=".4"/>
			<property name="PainResistPerHit" value=".5"/>
			<property name="AttackTimeoutDay" value="1.5" />
			<property name="AttackTimeoutNight" value="1.1" />
			<property name="WalkType" value="7" />
			<property name="ModelType" value="ZombieUMA" />
			<property name="RootMotion" value="true" />
			<property name="HasRagdoll" value="true" />
			<property name="PhysicsBody" value="zombieUMA" />
			<property name="HasDeathAnim" value="false" />
			<property name="TimeStayAfterDeath" value="30" />
		</entity_class>
		<entity_class name="zombieToCWendigo" extends="ToCWendigo_Zombie_Template">
			<property name="Archetype" value="ToCWendigo" />
			<property name="Tags" value="entity,zombie,walker,boss,wendigo,umazombie,ToCWendigo" />
			<property name="ExperienceGain" value="8000"/>
			<property name="LootDropEntityClass" value="EntityLootContainerBoss"/>
			<property name="LootDropProb" value="1"/>
			<property name="HandItem" value="meleeHandWendigo"/>
			<property name="MoveSpeed" value="0.5"/>
			<property name="WalkType" value="2"/>
			<property name="MoveSpeedAggro" value="1, 1.5"/>
			<property name="CanClimbVertical" value="true"/>
			<property name="JumpMaxDistance" value="14, 18"/>
			<property name="SoundRandom" value="Enemies/Spider_Zombie/spiderroam"/>
			<property name="SoundAlert" value="Enemies/Spider_Zombie/spideralert"/>
			<property name="SoundAttack" value="Enemies/Spider_Zombie/spiderattack"/>
			<property name="SoundDeath" value="Enemies/Spider_Zombie/spiderdeath"/>
			<property name="SoundHurt" value="Enemies/Spider_Zombie/spiderpain"/>
			<property name="SoundSense" value="Enemies/Spider_Zombie/spidersense"/>
			<effect_group name="Base Effects">
				<passive_effect name="HealthMax" operation="base_set" value="7000"/>
				<passive_effect name="PhysicalDamageResist" operation="base_set" value="50"/>
				<triggered_effect trigger="onSelfFirstSpawn" action="AddBuff" target="self" buff="ToCWendigoDeco"/>
				<triggered_effect trigger="onSelfFirstSpawn" action="ModifyCVar" target="self" cvar="EntityBoss" operation="set" value="1"/>
				<triggered_effect trigger="onOtherDamagedSelf" action="ModifyCVar" target="self" cvar="RadiatedRegenAmount" operation="set" value="9"/>
				<triggered_effect trigger="onOtherDamagedSelf" action="AddBuff" target="self" buff="buffRadiatedRegen"/>
			</effect_group>
		</entity_class>
	</append>
<!-- END White River Tools of Citizenship - Amelia Earhart's Gyrocopter by ShoudenKalferas and Aeyvi-Daro -->


<!-- #################################### -->
<!-- START White River Tools of Citizenship - Kuva's Red and Blue Armor by Shouden and Aeyvi Kalferas -->
<!-- Website: https://7daystodie.com/forums/showthread.php?111233-White-River-Tools-Of-Citizenship -->
<!-- Download URL: https://github.com/XelaNull/7DTD-WhiteRiver_ToC.git -->
  <insertAfter xpath="/entity_classes/entity_class[@name='zombieDarlene']">
    <entity_class name="zombieKuvaAssistant" extends="zombieDarlene">
      <property name="TintMaterial0" value="92,92,255"/>
      <property name="TintMaterial1" value="92,92,255"/>
      <property name="TintMaterial2" value="92,92,255"/>
    </entity_class>
  </insertAfter>  
<!-- END White River Tools of Citizenship - Kuva's Red and Blue Armor by Shouden and Aeyvi Kalferas -->


<!-- #################################### -->
<!-- START White River Tools of Citizenship - Spirit of Vengeance by ShoudenKalferas, based on Snufkin's Vehicles and Zombies, with help from arramus and Slawa -->
<!-- Website: https://github.com/XelaNull/XelaNull-7dtd-Modlets -->
<!-- Download URL: https://github.com/XelaNull/7DTD-WhiteRiver_ToC.git -->
	<append xpath="/entity_classes/entity_class[@name='vehicleMotorcycle']/property[@name='Tags']/@value">,motorcycle</append>
	<append xpath="/entity_classes">
		<entity_class name="vehicle_spirit_hell_beast">
			<property name="Tags" value="vehicle, vehicle_spirit_hell_beast"/>
			<property name="Class" value="EntityMotorcycle"/>
			<property name="Parent" value="Cars"/>
			<property name="Prefab" value="#Entities/Vehicles?motorcycle_Prefab.prefab"/>
			<property name="ModelType" value="Standard"/>
			<property name="SurfaceCategory" value="metal"/>
			<property name="IgnoreTrigger" value="true"/>
			<property name="LootListAlive" value="831"/>
			<property name="IsEnemyEntity" value="false"/>
			<property name="Explosion.ParticleIndex" value="6"/>
			<property name="Explosion.RadiusBlocks" value="4"/>
			<property name="Explosion.RadiusEntities" value="4"/>
			<property name="Explosion.BlockDamage" value="50"/>
			<property name="Explosion.EntityDamage" value="50"/>
			<property name="RotateToGround" value="true"/>
			<property name="Faction" value="none"/>
			<property name="MapIcon" value="ui_game_symbol_motorcycle"/>
		</entity_class>
	</append>
	<append xpath="/entity_classes/entity_class[@name='playerMale']">
		<effect_group>
			<triggered_effect trigger="onOtherDamagedSelf" action="AddBuff" target="self" buff="buffInjuryKnockdown01">
				<requirement name="RandomRoll" seed_type="Random" min_max="0,100" operation="LTE" value="50"/>
				<requirement name="NotHasBuff" target="self" buff="buffInjuryKnockdown01Cooldown"/>
				<requirement name="EntityTagCompare" target="other" tags="undertaker"/>
			</triggered_effect>
			<triggered_effect trigger="onOtherDamagedSelf" action="ModifyStats" stat="Stamina" operation="subtract" value="22">
				<requirement name="EntityTagCompare" target="other" tags="wendigo"/>
			</triggered_effect>
		</effect_group>
	</append>
	<append xpath="/entity_classes">
		<entity_class name="Spirit_Zombie_Template" extends="zombieTemplateMale">
			<property name="EntityType" value="Zombie" />
			<property name="Prefab" value="NPC" />
			<property name="Class" value="EntityZombie" />
			<property name="Parent" value="Enemies" />
			<property name="IsEnemyEntity" value="true" />
			<property name="HandItem" value="meleeHandZombie01" />
			<property name="SoundAlert" value="Enemies/Base_Zombie_Male/zombiemalealert" />
			<property name="SoundSense" value="Enemies/Base_Zombie_Male/zombiemalesense" />
			<property name="SoundHurt" value="Enemies/Base_Zombie_Male/zombiemalepain" />
			<property name="SoundDeath" value="Enemies/Base_Zombie_Male/zombiemaledeath" />
			<property name="SoundAttack" value="Enemies/Base_Zombie_Male/zombiemaleattack" />
			<property name="DismemberMultiplierHead" value=".4"/><property name="DismemberMultiplierArms" value=".4"/><property name="DismemberMultiplierLegs" value=".4"/>
			<property name="PainResistPerHit" value=".5"/>
			<property name="AttackTimeoutDay" value="1.5" />
			<property name="AttackTimeoutNight" value=".9" />
			<property name="WalkType" value="7" />
			<property name="ModelType" value="ZombieUMA" />
			<property name="RootMotion" value="true" />
			<property name="HasRagdoll" value="true" />
			<property name="PhysicsBody" value="zombieUMA" />
			<property name="HasDeathAnim" value="false" />
			<property name="TimeStayAfterDeath" value="90" />
		</entity_class>
		<entity_class name="ZombieSpiritJuggernaut" extends="Spirit_Zombie_Template">
			<property name="Archetype" value="SpiritJuggernaut" />
			<property name="LootDropEntityClass" value="EntityLootContainerBoss"/>
			<property name="Tags" value="entity,zombie,walker,boss,umazombie,SpiritJuggernaut" />
			<property name="HandItem" value="meleeHandSpiritJuggernaut"/>
			<property name="RightHandJointName" value="LeftShoulder"/>
			<property name="AvatarController" value="AvatarZombie01Controller"/>
			<property name="RootMotion" value="true"/>
			<property name="LootDropProb" value="1"/>
			<property name="ExperienceGain" value="25000"/>
			<property name="WalkType" value="2"/>
			<property name="AITask-1" value="RangedAttackTarget" data="itemType=1;cooldown=3;duration=4;minRange=3;maxRange=300"/>
			<property name="AITask-2" value="Leap"/>
			<property name="AITask-3" value="ApproachAndAttackTarget" data="class=EntityEnemyAnimal,0,EntityPlayer"/>
			<property name="AITask-4" value="BreakBlock"/>
			<property name="AITask-5" value="ApproachSpot"/>
			<property name="AITask-6" value="Look"/>
			<property name="AITask-7" value="Wander"/>
			<property name="AITask-8" value=""/>
			<property name="SoundRandom" value="demolitionzroam"/>
			<property name="SoundAlert" value="demolitionzalert"/>
			<property name="SoundAttack" value="demolitionzattack"/>
			<property name="SoundHurt" value="demolitionzpain"/>
			<property name="SoundDeath" value="demolitionzdeath"/>
			<property name="SoundSense" value="demolitionzsense"/>
			<property name="SoundFootstepModifier" value="bear_footstep"/>
			<property name="SurfaceCategory" value="metal"/>
			<property name="DismemberMultiplierHead" value="0"/>
			<property name="DismemberMultiplierArms" value="0"/>
			<property name="DismemberMultiplierLegs" value="0"/>
			<property name="LegCrippleScale" value="0"/>
			<property name="LegCrawlerThreshold" value="0"/>
			<property name="KnockdownProneDamageThreshold" value="1"/>
			<property name="KnockdownProneStunDuration" value="0"/>
			<property name="KnockdownProneRefillRate" value="1"/>
			<property name="KnockdownKneelDamageThreshold" value="1"/>
			<property name="KnockdownKneelStunDuration" value="0"/>
			<property name="KnockdownKneelRefillRate" value="1"/>
			<property name="LegsExplosionDamageMultiplier" value="0"/>
			<property name="ArmsExplosionDamageMultiplier" value="0"/>
			<property name="HeadExplosionDamageMultiplier" value="0"/>
			<property name="ChestExplosionDamageMultiplier" value="0"/>
			<property name="PainResistPerHit" value="4"/>
			<property name="MoveSpeed" value="0.7"/>
			<property name="MoveSpeedAggro" value="0.9, 1.55"/>
			<property name="MoveSpeedPanic" value="1.5"/>
			<property name="SwimSpeed" value="1.3"/>
			<property name="SwimStrokeRate" value="1.5,1.7"/>
			<property name="CanClimbVertical" value="true"/>
			<property name="JumpMaxDistance" value="7, 9"/>
			<effect_group name="Base Effects">
				<passive_effect name="HealthMax" operation="base_set" value="20000"/>
				<passive_effect name="PhysicalDamageResist" operation="base_set" value="60"/>
				<triggered_effect trigger="onSelfFirstSpawn" action="AddBuff" target="self" buff="SpiritJuggernautDeco"/>
				<triggered_effect trigger="onSelfFirstSpawn" action="AddBuff" target="self" buff="buffSpiritJuggernaut"/>
				<triggered_effect trigger="onSelfExplosionDamagedOther" action="AddBuff" target="other" buff="buffSpiritJuggernautSpeedDelay"/>
				<triggered_effect trigger="onSelfFirstSpawn" action="ModifyCVar" target="self" cvar="EntityBoss" operation="set" value="1"/>
				<triggered_effect trigger="onOtherDamagedSelf" action="ModifyCVar" target="self" cvar="RadiatedRegenAmount" operation="set" value="18"/>
				<triggered_effect trigger="onOtherDamagedSelf" action="AddBuff" target="self" buff="buffRadiatedRegen"/>
			</effect_group>
		</entity_class>
	</append>
<!-- END White River Tools of Citizenship - Spirit of Vengeance by ShoudenKalferas, based on Snufkin's Vehicles and Zombies, with help from arramus and Slawa -->


<!-- #################################### -->
<!-- START Xal_SetZombiesAttackAnimals by Xaliber, Fixed By ShoudenKalferas -->
<!-- Website: https://7daystodie.com/forums/showthread.php?136821-Zombies-Hunt-Too-Allow-Zombies-to-Attack-Animals -->
<!-- Download URL: https://github.com/XelaNull/7dtd-FixedModlets.git -->
	<set xpath="/entity_classes/entity_class[@name='animalBoar']/@extends">
		animalTemplateTimid
	</set>
	<set xpath="/entity_classes/entity_class[@name='animalBoar']">
		<property name="Tags" value="entity,animal,hostile,boar,perkAT03,perkAT04,perkAT05"/>
		<property name="MapIcon" value="ui_game_symbol_tracking_pig"/>
		<property name="TrackerIcon" value="ui_game_symbol_tracking_pig"/>
		<property name="IsEnemyEntity" value="false"/>
		<property name="AvatarController" value="AvatarAnimalController"/>
		<property name="ModelType" value="Standard"/>
		<property name="HasRagdoll" value="true"/>
		<property name="PhysicsBody" value="boar"/>
		<property name="Mass" value="200"/>
		<property name="Mesh" value="Animals/Boar/AnimalBoarStandardRagdoll"/>
		<property name="HasDeathAnim" value="true"/>
		<property name="RootMotion" value="true"/>
		<property name="RagdollOnDeathChance" value=".5"/>
		<property name="AIPathCostScale" value=".4, .6"/>
		<property name="AITask-1" value="Swim"/>
		<property name="AITask-2" value="BreakBlock"/>
		<property name="AITask-3" value="ApproachAndAttackTarget" data="class=EntityNPC,20,EntityPlayer,20,EntityZombie,20,EntityEnemyAnimal,20"/>
		<property name="AITask-4" value="ApproachSpot"/>
		<property name="AITask-5" value="Look"/>
		<property name="AITask-6" value="Wander"/>
		<property name="AITarget-1" value="SetAsTargetIfHurt" data="class=EntityNPC,EntityPlayer,EntityZombie,EntityEnemyAnimal"/>
		<property name="AITarget-2" value="BlockingTargetTask"/>
		<property name="AITarget-3" value=""/>
		<property name="SoundRandom" value="Animals/Boar/boarroam"/>
		<property name="SoundAlert" value="Animals/Boar/boaralert"/>
		<property name="SoundHurt" value="Animals/Boar/boarpain"/>
		<property name="SoundDeath" value="Animals/Boar/boardeath"/>
		<property name="SoundAttack" value="Animals/Boar/boarattack"/>
		<property name="SoundSense" value="Animals/Boar/boarsense"/>
		<property name="SoundGiveUp" value="Animals/Boar/boargiveup"/>
		<property name="MoveSpeed" value="0.2"/>
		<property name="MoveSpeedAggro" value="1.3, 1.3"/>
		<property name="MoveSpeedPanic" value="1.6"/>
		<property name="HandItem" value="meleeHandAnimalWolf"/>
		<drop event="Harvest" name="foodRawMeat" count="0" tool_category="Butcher"/>
		<drop event="Harvest" name="foodRawMeat" tag="butcherHarvest" count="30"/> 
		<drop event="Harvest" name="resourceLeather" tag="butcherHarvest" count="7"/>
		<drop event="Harvest" name="resourceAnimalFat" count="4" tag="butcherHarvest"/>
		<drop event="Harvest" name="resourceBone" tag="butcherHarvest" count="15"/>
		<drop event="Harvest" name="resourceBone" tag="allToolsHarvest" count="5"/>
		<drop event="Harvest" name="foodRawMeat" count="1" tag="WasteTreasuresCompleteHarvest"/>
		<drop event="Harvest" name="resourceLeather" count="1" tag="WasteTreasuresCompleteHarvest"/>
		<drop event="Harvest" name="resourceBone" count="1" tag="WasteTreasuresCompleteHarvest"/>
		<effect_group name="Base Effects">
			<passive_effect name="HealthMax" operation="base_set" value="250"/>
			<passive_effect name="HealthMax" operation="perc_add" value="0"/> 
		</effect_group>
	</set>
	<set xpath="/entity_classes/entity_class[starts-with(@name, 'zombie') and not(contains(@name, 'FatCop') or contains(@name, 'Demolition'))]/property[@value='ApproachAndAttackTarget']/@data">
		class=EntityNPC,0,EntityEnemyAnimal,0,EntityAnimalStag,0,EntityPlayer,0
	</set>	
	<set xpath="/entity_classes/entity_class[starts-with(@name, 'zombie')]/property[@value='SetNearestEntityAsTarget']/@data">
		class=EntityPlayer,0,0,EntityNPC,0,0,EntityAnimalStag,0,0
	</set>	
	<set xpath="/entity_classes/entity_class[@name='animalZombieDog']/property[@value='ApproachAndAttackTarget']/@data">
		class=EntityPlayer,20,EntityNPC,20,EntityAnimalStag,10,EntityAnimalRabbit,10
	</set>	
	<set xpath="/entity_classes/entity_class[@name='animalZombieDog']/property[@value='SetAsTargetIfHurt']/@data">
		class=EntityNPC,EntityPlayer,EntityEnemyAnimal
	</set>	
	<set xpath="/entity_classes/entity_class[@name='animalZombieDog']/property[@value='SetNearestEntityAsTarget']/@data">
		class=EntityPlayer,20,0,EntityNPC,10,0,EntityAnimalStag,10,0,EntityAnimalRabbit,5,0
	</set>	
<!-- END Xal_SetZombiesAttackAnimals by Xaliber, Fixed By ShoudenKalferas -->


<!-- #################################### -->
<!-- START ZLoot_Increase by ShoudenKalferas, Based on Donovan's Longer Loot Bags and Mega Loot Bags -->
<!-- Website: git@github.com:XelaNull/7DTD-ZombieLootbag_Increase.git -->
<!-- Download URL: https://github.com/XelaNull/7DTD-ZombieLootbag_Increase.git -->
  <set xpath="/entity_classes/entity_class[@name='DroppedLootContainer']/property[@name='TimeStayAfterDeath']/@value">900</set>
  <set xpath="/entity_classes/entity_class[starts-with(@name, 'EntityLootContainer')]/property[@name='TimeStayAfterDeath']/@value">900</set>
  <set xpath="/entity_classes/entity_class[starts-with(@name, 'zombieTemplate')]/property[@name='LootDropProb']/@value">0.16</set>
  <set xpath="/entity_classes/entity_class[contains(@name, 'Feral')]/property[@name='LootDropProb']/@value">0.17</set>
  <set xpath="/entity_classes/entity_class[contains(@name, 'Radiated')]/property[@name='LootDropProb']/@value">0.17</set>
  <set xpath="/entity_classes/entity_class[@name='zombieWightFeral']/property[@name='LootDropProb']/@value">0.18</set>
  <set xpath="/entity_classes/entity_class[@name='zombieWightRadiated']/property[@name='LootDropProb']/@value">0.18</set>
<!-- END ZLoot_Increase by ShoudenKalferas, Based on Donovan's Longer Loot Bags and Mega Loot Bags -->


</configs>
