<configs>
<!-- #################################### -->
<!-- START Riles-DecoBlock by Riles -->
<!-- Download URL: https://docs.google.com/uc?export=download&id=1473BzsoAItbO7hwumOwuJuegZVXKlZU8 -->
	<append xpath="/materials">
		<material id="DecoMaterial">
			<property name="damage_category" value="cloth"/>
			<property name="surface_category" value="cloth"/>
			<property name="Hardness" type="float" value="1"/>
			<property name="stepsound" value="stone"/>
			<property name="stability_glue" value="50"/>
			<property name="Mass" type="int" value="10"/>
			<property name="MaxDamage" value="25"/>
			<property name="Experience" value="1"/>
			<property name="explosionresistance" value="50"/>
		</material>
	</append>
<!-- END Riles-DecoBlock by Riles -->


<!-- #################################### -->
<!-- START STAINLESS STEEL RETURNS by Claymore, Fixed By ShoudenKalferas -->
<!-- Download URL: https://github.com/XelaNull/7dtd-FixedModlets.git -->
<set xpath="/materials/material[@id='MstainlessSteel']/property[@name='explosionresistance']/@value">5.25</set>
<!-- END STAINLESS STEEL RETURNS by Claymore, Fixed By ShoudenKalferas -->


</configs>
