<configs>
<!-- #################################### -->
<!-- START 60Slot_Bag_30Reserve by ShoudenKalferas, Based on Khaine's 60BBM -->
<!-- Website: https://github.com/XelaNull/7dtd-Modlets.git -->
<!-- Download URL: https://github.com/XelaNull/7DTD-Bag_Bellows_Headshot.git -->
	<set xpath="/progression/perks/perk[@name='perkPackMule']/effect_group/passive_effect[@name='CarryCapacity'][@value='3,6,10,14,18']/@value">4,8,12,16,20</set>
<!-- END 60Slot_Bag_30Reserve by ShoudenKalferas, Based on Khaine's 60BBM -->


<!-- #################################### -->
<!-- START Return of the Jail Door by DelStryker -->
<!-- Download URL: https://github.com/DelStryker/Delmod.git -->
		<append xpath="/progression/perks/perk[@name='perkAdvancedEngineering']/effect_group/passive_effect[@level='4,5']/@tags">,jailBars, Jail Door, Jail Door Powered</append>
<!-- END Return of the Jail Door by DelStryker -->


<!-- #################################### -->
<!-- START Doughs Buff Pipe Bombs by Doughphunghus -->
<!-- Website: https://github.com/doughphunghus -->
<!-- Download URL: https://github.com/doughphunghus/7D2D-Doughs-Mods-a19 -->
  <append xpath="/progression/perks/perk[@name='perkDemolitionsExpert']">
    <effect_group>
      <passive_effect name="RecipeTagUnlocked" operation="base_set" level="1,5" value="1" tags="doughsThrownAmmoPipeBombSteel,doughsThrownAmmoPipeBombPlastic,doughsThrownAmmoPipeBombBrass"/>
      <passive_effect name="RecipeTagUnlocked" operation="base_set" level="1,5" value="1" tags="doughsResourceSteelPipeBombParts,doughsResourceBrassPipeBombParts,doughsResourcePlasticPipeBombParts"/>
    </effect_group>
  </append>
<!-- END Doughs Buff Pipe Bombs by Doughphunghus -->


<!-- #################################### -->
<!-- START Doughs - Food - Sous Chef Of The Apocalypse by Doughphunghus -->
<!-- Website: https://github.com/doughphunghus -->
<!-- Download URL: https://github.com/doughphunghus/7D2D-Doughs-Mods-a19 -->
  <append xpath="/progression/perks">
    <perk name="perkDoughsSousChef" parent="skillStrengthGeneral" name_key="perkDoughsSousChefName" desc_key="perkDoughsSousChefDesc" icon="ui_game_symbol_spatula">
  		<level_requirements level="1"><requirement name="ProgressionLevel" progression_name="attStrength" operation="GTE" value="1" desc_key="reqStrengthLevel01"/></level_requirements>
  		<level_requirements level="2"><requirement name="ProgressionLevel" progression_name="attStrength" operation="GTE" value="3" desc_key="reqStrengthLevel03"/></level_requirements>
  		<level_requirements level="3"><requirement name="ProgressionLevel" progression_name="attStrength" operation="GTE" value="5" desc_key="reqStrengthLevel05"/></level_requirements>
  		<level_requirements level="4"><requirement name="ProgressionLevel" progression_name="attStrength" operation="GTE" value="7" desc_key="reqStrengthLevel07"/></level_requirements>
  		<level_requirements level="5"><requirement name="ProgressionLevel" progression_name="attStrength" operation="GTE" value="10" desc_key="reqStrengthLevel10"/></level_requirements>
  		<effect_group>
  			<passive_effect name="CraftingTier" operation="base_set" level="0,5" value="0,5" tags="perkDoughsSousChef"/>
  			<passive_effect name="CraftingTime" operation="perc_add" level="1,5" value="-.1,-.5" tags="perkDoughsSousChef"/>
  			<passive_effect name="RecipeTagUnlocked" operation="base_set" level="1,5" value="1"
  				tags="doughsFoodButteredToast,doughsFoodSauteedMushrooms,doughsFoodHardTack,doughsFoodBeefJerky,doughsFoodPineSeedToasted,doughsFoodAcornSeedToasted,doughsFoodPumpkinSeedToasted,doughsFoodPopCorn"/>
        <passive_effect name="RecipeTagUnlocked" operation="base_set" level="2,5" value="1"
  				tags="doughsFoodPemmican,doughsFoodBoiledSweetBread,doughsFoodSaltyExtract,doughsFoodSweetExtract,doughsFoodCookingOil,doughsFoodCreamOfTartar,doughsFoodBoneMarrow,doughsFoodFlour"/>
        <passive_effect name="RecipeTagUnlocked" operation="base_set" level="3,5" value="1"
  				tags="doughsDrinkMilk,doughsDrinkCream,doughsDrinkSweetNutMilk,doughsFoodIceCream,doughsFoodRedWineBlueberrySorbet,doughsFoodTurkishDelight,doughsFoodSweetBreadCuisine"/>
        <passive_effect name="RecipeTagUnlocked" operation="base_set" level="4,5" value="1"
  				tags="doughsFoodMilkCurds,doughsFoodButter,doughsFoodButterOfTheGods,doughsFoodBreadBatter,doughsFoodBread,doughsFoodCheese,doughsFoodSteakAndPotatoCuisine"/>
        <passive_effect name="RecipeTagUnlocked" operation="base_set" level="5,5" value="1"
  				tags="doughsFoodEggSouffle,doughsFoodSweetCornBlueberryMuffin,doughsFoodPotatoesDauphinoise,doughsFoodCroqueMonsieur,doughsFoodBoeufBourguignon"/>
  			<effect_description level="1" desc_key="perkDoughsSousChefRank1Desc" long_desc_key="perkDoughsSousChefRank1LongDesc"/>
  			<effect_description level="2" desc_key="perkDoughsSousChefRank2Desc" long_desc_key="perkDoughsSousChefRank2LongDesc"/>
  			<effect_description level="3" desc_key="perkDoughsSousChefRank3Desc" long_desc_key="perkDoughsSousChefRank3LongDesc"/>
  			<effect_description level="4" desc_key="perkDoughsSousChefRank4Desc" long_desc_key="perkDoughsSousChefRank4LongDesc"/>
  			<effect_description level="5" desc_key="perkDoughsSousChefRank5Desc" long_desc_key="perkDoughsSousChefRank5LongDesc"/>
  		</effect_group>
  	</perk>
  </append>
<!-- END Doughs - Food - Sous Chef Of The Apocalypse by Doughphunghus -->


<!-- #################################### -->
<!-- START GhillieSuitAsMods by stample, stamplesmods@gmail.com -->
<!-- Download URL: https://github.com/stamplesmods/7d2dmodlets -->
<append xpath="/progression/perks/perk[@name='perkSniperComplete']/effect_group">
	<passive_effect name="RecipeTagUnlocked" operation="base_set" level="1" value="1" tags="Ghillie Hood Mod,Ghillie Jacket Mod,Ghillie Pants Mod"/>
</append>
<!-- END GhillieSuitAsMods by stample, stamplesmods@gmail.com -->


<!-- #################################### -->
<!-- START Home_Depot by OrbitalBliss, Fixed by ShoudenKalferas -->
<!-- Website: https://github.com/OrbitalBliss/HOME_DEPOT_7D2D_MOD -->
<!-- Download URL: https://github.com/XelaNull/7dtd-FixedModlets.git -->
	<append xpath="/progression/perks/perk[@name='perkLivingOffTheLand']/effect_group">
		<passive_effect name="RecipeTagUnlocked" operation="base_set" value="1" level="3,5" tags="plantedSnowberry1"/>
	</append>
	<append xpath="/progression/perks/perk[@name='perkPhysician']/effect_group">
		<passive_effect name="RecipeTagUnlocked" operation="base_set" value="1" level="3,5" tags="medicalBloodDrawKit"/>
	</append>
	<append xpath="/progression/perks/perk[@name='perkGreaseMonkey']/effect_group">
		<passive_effect name="RecipeTagUnlocked" operation="base_set" value="1" level="1,5" tags="vehicleBicyclePlaceable"/>
		<passive_effect name="RecipeTagUnlocked" operation="base_set" value="1" level="2,5" tags="vehicleMinibikePlaceable"/>
		<passive_effect name="RecipeTagUnlocked" operation="base_set" value="1" level="3,5" tags="vehicleMotorcyclePlaceable"/>
		<passive_effect name="RecipeTagUnlocked" operation="base_set" value="1" level="4,5" tags="vehicle4x4TruckPlaceable"/>
		<passive_effect name="RecipeTagUnlocked" operation="base_set" value="1" level="5" tags="vehicleGyrocopterPlaceable"/>
	</append>
	<append xpath="/progression/perks/perk[@name='perkAdvancedEngineering']/effect_group">
		<passive_effect name="RecipeTagUnlocked" operation="base_set" value="1" level="1,5" tags="Home Woodstove,Home Gas Grill Open,Home Gas Grill Closed,Home Charcoal Grill Open,Home Charcoal Grill Closed"/>
		<passive_effect name="RecipeTagUnlocked" operation="base_set" value="1" level="1,5" tags="roadRailing,roadRailingPole,roadRailingEnd,roadRailingEnd2,chainLink,chainLinkFenceBottomPole,chainLinkFenceTop,chainLinkFenceTopPole,chainLinkPole,chainLinkCornerTop,chainLinkCornerBottom,chainLinkFenceTopPole2"/>
	</append>
	<append xpath="/progression/perks/perk[@name='perkAdvancedEngineering']/effect_group">
		<passive_effect name="RecipeTagUnlocked" operation="base_set" value="1" level="1,5" tags="Home Ceiling Light, Home Ceiling Light 2,Home Ceiling Light 2 Brass,Home Ceiling Light 4,Home Ceiling Light 5,Home Ceiling Light 5 Brass,Home Ceiling Light 7,Home Wall Light,Home Sconce Light,Home Porch Light,Home Porch Light 4,Home Porch Light 4 Brass,Home Desk Lamp,Home Table Lamp,Home End Table w/ Lamp,Home Industrial Light"/>
		<passive_effect name="RecipeTagUnlocked" operation="base_set" value="1" level="2,5" tags="Home Electric Oven,Home Utility Sink,Home Wall Sink,Home Cabinet Sink,Home Granite Sink,Home Fountain,Home Ceiling Fan Light,Home Street Light,Home Street Light Classic,Home Industrial Light 2,Home Industrial Light 2 Red,Home Open Sign,Home Exit Sign"/>
		<passive_effect name="RecipeTagUnlocked" operation="base_set" value="1" level="3,5" tags="Home Microwave Oven,Home Work Light,Home Wireless Relay Block,Home Wireless Switch Fusebox,Home Wireless Switch Electrical Box,Home Electrical Pole Top Relay"/>
	</append>
	<append xpath="/progression/perks/perk[@name='perkAdvancedEngineering']/effect_group">
		<passive_effect name="RecipeTagUnlocked" operation="base_set" value="1" level="3,5" tags="Home Filtered Water Cooler"/>
	</append>
<!-- END Home_Depot by OrbitalBliss, Fixed by ShoudenKalferas -->


<!-- #################################### -->
<!-- START JaxTeller718_SlowerProgression by JaxTeller718 -->
<!-- Website: https://ravenhearst.enjin.com/ -->
<!-- Download URL: https://github.com/JaxTeller718/A19ModletsJax/trunk/JaxTeller718_SlowerProgression -->
	<set xpath="/progression/level[@max_level='300']/@exp_to_level">12545</set>
<!-- END JaxTeller718_SlowerProgression by JaxTeller718 -->


<!-- #################################### -->
<!-- START Mutations by stample, stamplesmods@gmail.com -->
<!-- Download URL: https://github.com/stamplesmods/7d2dmodlets -->
<insertAfter xpath="/progression/attributes/attribute[@name='attIntellect']" > 
	<attribute name="attMutations" name_key="attMutations" desc_key="attMutationsDesc" icon="ui_game_symbol_chemistry" min_level="1" max_level="6" base_skill_point_cost="0">
		<level_requirements level="1"><requirement name="PlayerLevel" operation="GTE" value="1" desc_key="0"/></level_requirements>
		<level_requirements level="2"><requirement name="PlayerLevel" operation="GTE" value="1" desc_key="0"/></level_requirements>
		<level_requirements level="3"><requirement name="PlayerLevel" operation="GTE" value="1" desc_key="0"/></level_requirements>
		<level_requirements level="4"><requirement name="PlayerLevel" operation="GTE" value="1" desc_key="0"/></level_requirements>
		<level_requirements level="5"><requirement name="PlayerLevel" operation="GTE" value="1" desc_key="0"/></level_requirements>
		<level_requirements level="6"><requirement name="PlayerLevel" operation="GTE" value="1" desc_key="0"/></level_requirements>
		<effect_group>
			<passive_effect name="BarteringBuying" operation="base_add" level="2,3,4,5,6" value="-0.05,-0.1,-0.2,-0.35,-0.50"/>
			<passive_effect name="BarteringSelling" operation="base_add" level="2,3,4,5,6" value="-0.05,-0.1,-0.2,-0.35,-0.50"/>
			<effect_description level="1"  desc_key="attMutationsRank01Desc" long_desc_key="attMutationsRank01LongDesc"/>
			<effect_description level="2"  desc_key="attMutationsRank02Desc" long_desc_key="attMutationsRank02LongDesc"/>
			<effect_description level="3"  desc_key="attMutationsRank03Desc" long_desc_key="attMutationsRank03LongDesc"/>
			<effect_description level="4"  desc_key="attMutationsRank04Desc" long_desc_key="attMutationsRank04LongDesc"/>
			<effect_description level="5"  desc_key="attMutationsRank05Desc" long_desc_key="attMutationsRank05LongDesc"/>
			<effect_description level="6"  desc_key="attMutationsRank06Desc" long_desc_key="attMutationsRank06LongDesc"/>
		</effect_group>
	</attribute>
</insertAfter>
<insertAfter xpath="/progression/skills/skill[@name='skillIntellectCraftsmanship']" > 
	<skill name="skillFaunaMutations" parent="attMutations" name_key="skillFaunaMutationsName" desc_key="skillFaunaMutationsDesc" long_desc_key="skillFaunaMutationsLongDesc" icon="ui_game_symbol_animal_tracker"><effect_group/></skill>
</insertAfter>
<insertAfter xpath="/progression/perks/perk[@name='perkTurrets']" > 
	<perk name="perkPyrokinesis" parent="skillFaunaMutations" max_level="1" name_key="perkPyrokinesisName" desc_key="perkPyrokinesisDesc" icon="ui_game_symbol_fire" base_skill_point_cost="0">
		<level_requirements level="1">
			<requirement name="ProgressionLevel" progression_name="attIntellect" operation="GTE" value="10" desc_key="reqIntellectLevel10"/>
		</level_requirements>
		<effect_group name="PyrofocusRecipe" tiered="false">
			<passive_effect name="RecipeTagUnlocked" operation="base_set" level="1" value="1" tags="meleePyrofocus"/>
		</effect_group>
		<effect_group name="pyro abilities" tiered="false">
			<requirement name="ItemHasTags" tags="perkPyrokinesis"/>
			<requirement name="ProgressionLevel" progression_name="perkPyrokinesis" operation="GTE" value="1"/>
			<passive_effect name="MaxRange" operation="base_set" level="1" value="10"/>
			<effect_description level="1" desc_key="perkPyrokinesisRank1Desc" long_desc_key="perkPyrokinesisRank1LongDesc"/>
		</effect_group>
		<effect_group name="pyroKnockdown" tiered="false">
			<triggered_effect trigger="onSelfAttackedOther" action="Ragdoll" target="other" duration="3" force="400">
				<requirement name="ItemHasTags" tags="perkPyrokinesis"/>
				<requirement name="ProgressionLevel" progression_name="perkPyrokinesis" operation="GTE" value="1"/>
				<requirement name="RandomRoll" seed_type="Random" min_max="0,100" operation="LTE" value="100"/>
			</triggered_effect>
			<triggered_effect trigger="onSelfAttackedOther" action="Ragdoll" target="other" duration="3" force="400">
				<requirement name="ItemHasTags" tags="perkPyrokinesis"/>
				<requirement name="ProgressionLevel" progression_name="perkPyrokinesis" operation="GTE" value="1"/>
				<requirement name="RandomRoll" seed_type="Random" min_max="0,100" operation="LTE" value="100"/>
			</triggered_effect>
		</effect_group>
		<effect_group name="new Pyro Fire" tiered="false">
			<requirement name="ItemHasTags" tags="perkPyrokinesis"/>
			<requirement name="ProgressionLevel" progression_name="perkPyrokinesis" operation="GTE" value="1"/>
			<requirement name="CVarCompare" cvar="_underwater" operation="LT" value=".93"/>
			<requirement name="RandomRoll" seed_type="Random" min_max="0,100" operation="LTE" value="100"/>
			<triggered_effect trigger="onSelfAttackedOther" action="AddBuff" target="other" buff="buffBurningMolotov"/> 
			<triggered_effect trigger="onSelfAttackedOther" action="ModifyCVar" target="other" cvar="$buffBurningMolotovDuration" operation="set" value="10"></triggered_effect>
		</effect_group>
		<effect_group name="always refresh existing Pyro Fire" tiered="false">
			<requirement name="ItemHasTags" tags="perkPyrokinesis"/>
			<requirement name="ProgressionLevel" progression_name="perkPyrokinesis" operation="GTE" value="1"/>
			<requirement name="CVarCompare" cvar="_underwater" operation="LT" value=".93"/>
			<requirement name="HasBuff" target="other" buff="buffBurningMolotov"/>
			<triggered_effect trigger="onSelfAttackedOther" action="AddBuff" target="other" buff="buffBurningMolotov"/> 
			<triggered_effect trigger="onSelfAttackedOther" action="ModifyCVar" target="other" cvar="$buffBurningMolotovDuration" operation="set" value="10"></triggered_effect>
		</effect_group>
	</perk>
</insertAfter>
<insertAfter xpath="/progression/perks/perk[@name='perkDeepCuts']" > 
	<perk name="perkUnnaturalSpeed" parent="skillFaunaMutations" max_level="1" name_key="perkUnnaturalSpeedName" desc_key="perkUnnaturalSpeedDesc" icon="ui_game_symbol_agility" base_skill_point_cost="0">
		<level_requirements level="1">
			<requirement name="ProgressionLevel" progression_name="attAgility" operation="GTE" value="10" desc_key="reqAgilityLevel10"/>
		</level_requirements>
		<effect_group>
			<requirement name="ItemHasTags" tags="bowDrawPenalty"/> 
				<passive_effect name="RoundsPerMinute" operation="perc_add" level="1" value="1.5"/>
		</effect_group>
		<effect_group>
			<requirement name="ItemHasTags" tags="perkArchery"/> 
				<passive_effect name="WeaponHandling" operation="perc_add" level="1" value="1.5"/>
				<passive_effect name="SpreadDegreesVertical" operation="perc_add" level="1" value="-0.6"/>
				<passive_effect name="SpreadDegreesHorizontal" operation="perc_add" level="1" value="-0.6"/>
				<passive_effect name="SpreadMultiplierAiming" operation="perc_add" level="1" value="-0.4"/>
				<passive_effect name="SpreadMultiplierCrouching" operation="perc_add" level="1" value="-0.4"/>
				<passive_effect name="SpreadMultiplierWalking" operation="perc_add" level="1" value="-0.3"/>
				<passive_effect name="SpreadMultiplierRunning" operation="perc_add" level="1" value="-0.3"/>
		</effect_group>
		<effect_group>
			<requirement name="ItemHasTags" tags="perkGunslinger"/> 
				<passive_effect name="ReloadSpeedMultiplier" operation="perc_add" level="1" value="0.50"/>
				<passive_effect name="SpreadDegreesVertical" operation="perc_add" level="1" value="-0.3"/>
				<passive_effect name="SpreadDegreesHorizontal" operation="perc_add" level="1" value="-0.3"/>
				<passive_effect name="SpreadMultiplierAiming" operation="perc_add" level="1" value="-0.4"/>
				<passive_effect name="SpreadMultiplierCrouching" operation="perc_add" level="1" value="-0.4"/>
				<passive_effect name="SpreadMultiplierWalking" operation="perc_add" level="1" value="-0.3"/>
				<passive_effect name="SpreadMultiplierRunning" operation="perc_add" level="1" value="-0.3"/>
		</effect_group>
		<effect_group>
			<requirement name="ItemHasTags" tags="perkDeepCuts"/> 
			<passive_effect name="DismemberChance" operation="base_add" level="1" value=".3"/>
		</effect_group>
		<effect_group> 
			<passive_effect name="JumpStrength" operation="perc_add" level="1" value=".75"/> 
			<passive_effect name="WalkSpeed" operation="perc_add" level="1" value="0.1"/>
			<passive_effect name="RunSpeed" operation="perc_add" level="1" value="0.1"/>
			<effect_description level="1" desc_key="perkUnnaturalSpeedRank1Desc" long_desc_key="perkUnnaturalSpeedRank1LongDesc"/>/>
		</effect_group>
	</perk>
</insertAfter>
<insertAfter xpath="/progression/perks/perk[@name='perkSkullCrusher']" > 
	<perk name="perkBerserker" parent="skillFaunaMutations" max_level="1" name_key="perkBerserkerName" desc_key="perkBerserkerDesc" icon="ui_game_symbol_muscle" base_skill_point_cost="0">
		<level_requirements level="1">
			<requirement name="ProgressionLevel" progression_name="attStrength" operation="GTE" value="10" desc_key="reqStrengthLevel10"/>
		</level_requirements>
		<effect_group> 
			<requirement name="ItemHasTags" tags="melee,shotgun"/>
			<passive_effect name="StaminaLoss" operation="perc_add" level="1" value="-0.15"/>
			<passive_effect name="StaminaLoss" operation="perc_add" level="1" value="-0.15" tags="secondary"/>
			<triggered_effect trigger="onSelfKilledOther" action="AddBuff" buff="buffBerserker">
				<requirement name="ProgressionLevel" progression_name="perkBerserker" operation="GTE" value="1"/>
			</triggered_effect>
		</effect_group>
		<effect_group> 
			<requirement name="ItemHasTags" tags="sledge,perkMiner69r"/>
			<passive_effect name="BlockDamage" operation="perc_add" level="1" value="1"/>
			<effect_description level="1" desc_key="perkBerserkerRank1Desc" long_desc_key="perkBerserkerRank1LongDesc"/>
		</effect_group>
	</perk>
</insertAfter>
<insertAfter xpath="/progression/perks/perk[@name='perkJavelinMaster']" > 
	<perk name="perkZanshin" parent="skillFaunaMutations" max_level="1" name_key="perkZanshinName" desc_key="perkZanshinDesc" icon="ui_game_symbol_stealth" base_skill_point_cost="0">
		<level_requirements level="1">
			<requirement name="ProgressionLevel" progression_name="attPerception" operation="GTE" value="10" desc_key="reqPerceptionLevel10"/>
		</level_requirements>
		<effect_group>
			<passive_effect name="TargetArmor" operation="perc_add" level="1" value="-.45">
				<requirement name="ItemHasTags" tags="perkGunslinger,perkBoomstick,perkDeadEye,perkMachineGunner"/>
			</passive_effect>
		</effect_group>
		<effect_group> 
			<passive_effect name="BlockDamage" operation="base_add" value="1000" tags="door">
				<requirement name="ItemHasTags" tags="perkDeadEye"/>
			</passive_effect>
			<passive_effect name="BlockDamage" operation="base_add" value="10000" tags="safes">
				<requirement name="ItemHasTags" tags="perkDeadEye"/>
			</passive_effect>
		</effect_group>
		<effect_group>
			<requirement name="ItemHasTags" tags="perkDeadEye"/>
				<passive_effect name="WeaponHandling" operation="perc_add" level="1" value="0.20"/>
				<passive_effect name="ReloadSpeedMultiplier" operation="perc_add" level="1" value="0.5"/>
			<effect_description level="1" desc_key="perkZanshinRank1Desc" long_desc_key="perkZanshinRank1LongDesc"/>
		</effect_group>
	</perk>
</insertAfter>
<insertAfter xpath="/progression/perks/perk[@name='perkMachineGunner']" > 
	<perk name="perkNaturalArmor" parent="skillFaunaMutations" max_level="1" name_key="perkNaturalArmorName" desc_key="perkNaturalArmorNameDesc" icon="ui_game_symbol_armor_iron" base_skill_point_cost="0">
		<level_requirements level="1">
			<requirement name="ProgressionLevel" progression_name="attFortitude" operation="GTE" value="10" desc_key="reqFortitudeLevel10"/>
		</level_requirements>
		<effect_group tiered="false">
			<passive_effect name="HealthLoss" operation="perc_subtract" level="1" value=".10"/>
			<passive_effect name="BuffResistance" operation="base_add" level="1" value="0.30" tags="buffInjuryBleeding"/>
			<effect_description level="1" desc_key="perkNaturalArmorRank1Desc" long_desc_key="perkNaturalArmorRank1LongDesc"/>
		</effect_group>
		<effect_group> 
			<requirement name="ItemHasTags" tags="perkMachineGunner"/>
				<passive_effect name="KickDegreesVerticalMin" operation="perc_add" level="1" value="-.03"/>
				<passive_effect name="KickDegreesVerticalMax" operation="perc_add" level="1" value="-.10"/>
				<passive_effect name="KickDegreesHorizontalMin" operation="perc_add" level="1" value="-.03"/>
				<passive_effect name="KickDegreesHorizontalMax" operation="perc_add" level="1" value="-.10"/>
				<passive_effect name="IncrementalSpreadMultiplier" operation="perc_add" level="1" value="-.20"/>
		</effect_group>
	</perk>
</insertAfter>
<!-- END Mutations by stample, stamplesmods@gmail.com -->


<!-- #################################### -->
<!-- START Riles-Fixes by Riles -->
<!-- Download URL: https://docs.google.com/uc?export=download&id=1q1MdS4kRRu94S22KXcDqfiiZbXW4ZTZs -->
<append xpath="/progression/perks/perk[@name='perkGreaseMonkey']/effect_group/passive_effect[@level='1,5']/@tags">,resourceTire</append>
<append xpath="/progression/perks/perk[@name='perkArtOfMiningPallets']/effect_group/passive_effect[@name='RecipeTagUnlocked']/@tags">,resourceClayLumpBundle</append>
<!-- END Riles-Fixes by Riles -->


<!-- #################################### -->
<!-- START Salvaged Electronics - Solar Bank by ShoudenKalferas -->
<!-- Website: https://github.com/XelaNull/7DTD-SalvagedElectronics.git -->
<!-- Download URL: https://github.com/XelaNull/7DTD-SalvagedElectronics.git -->
<remove xpath="/progression/perks/perk[@name='perkAdvancedEngineering']/effect_group/passive_effect[@name='RecipeTagUnlocked' and @level='4,5']" />
<append xpath="/progression/perks/perk[@name='perkAdvancedEngineering']/effect_group/passive_effect">
  <passive_effect name="RecipeTagUnlocked" operation="base_set" level="4,5" value="1" tags="batterybank,shotgunTurret,meleeToolRepairT3Nailgun,garageDoorMetal_v1Powered,garageDoorIndustrial_Powered,metalReinforcedWoodDrawBridgePowered,vaultHatch_v3_Powered,vaultDoor03_Powered,solarCell,solarbank"/>
</append>
<!-- END Salvaged Electronics - Solar Bank by ShoudenKalferas -->


<!-- #################################### -->
<!-- START STAINLESS STEEL RETURNS by Claymore, Fixed By ShoudenKalferas -->
<!-- Download URL: https://github.com/XelaNull/7dtd-FixedModlets.git -->
<append xpath="/progression/perks/perk[@name='perkLivingOffTheLand']/effect_group">
  <passive_effect name="RecipeTagUnlocked" operation="base_set" level="4,5" value="1" tags="seedSnowBerry"/>
</append>
<!-- END STAINLESS STEEL RETURNS by Claymore, Fixed By ShoudenKalferas -->


<!-- #################################### -->
<!-- START White River Tools of Citizenship - Kuva's Red and Blue Armor by Shouden and Aeyvi Kalferas -->
<!-- Website: https://7daystodie.com/forums/showthread.php?111233-White-River-Tools-Of-Citizenship -->
<!-- Download URL: https://github.com/XelaNull/7DTD-WhiteRiver_ToC.git -->
  <append xpath="/progression/perks/perk[@name='perkLightArmor']/effect_group/passive_effect[@name='RecipeTagUnlocked']/@tags">,item_toc_kuvablue_hood_name,item_toc_kuvablue_chest_name,item_toc_kuvablue_gloves_name,item_toc_kuvablue_pants_name,item_toc_kuvablue_boots_name</append>
<!-- END White River Tools of Citizenship - Kuva's Red and Blue Armor by Shouden and Aeyvi Kalferas -->


<!-- #################################### -->
<!-- START more recieps by wolfbain5 -->
<!-- Download URL: https://github.com/wolfbain5/7dtd-a19/raw/master/more%20recipes.rar -->
<append xpath="//perk[@name='perkMasterChef']//passive_effect[@name='RecipeTagUnlocked'][@operation='base_set'][@level='2,5']/@tags">,foodMixedberryPie</append>
<append xpath="//perk[@name='perkMasterChef']//passive_effect[@name='RecipeTagUnlocked'][@operation='base_set'][@level='3,5']/@tags">,drinkMixedberrySmoothie</append>
<append xpath="//perk[@name='perkMasterChef']//passive_effect[@name='RecipeTagUnlocked'][@operation='base_set'][@level='4,5']/@tags">,foodChickenPotPie</append>
<!-- END more recieps by wolfbain5 -->


</configs>
