<configs>
<!-- #################################### -->
<!-- START Doughs Buff Pipe Bombs by Doughphunghus -->
<!-- Website: https://github.com/doughphunghus -->
<!-- Download URL: https://github.com/doughphunghus/7D2D-Doughs-Mods-a19 -->
  <append xpath="/traders/trader_item_groups/trader_item_group[@name='ammo']">
    <item name="doughsThrownAmmoPipeBombSteel" count="1,4"/>
    <item name="doughsThrownAmmoPipeBombBrass" count="1,8"/>
    <item name="doughsThrownAmmoPipeBombPlastic" count="1,12"/>
  </append>
  <append xpath="/traders/trader_item_groups/trader_item_group[@name='ammoSupplies']">
    <item name="doughsResourceSteelPipeBombParts" count="1,2"/>
    <item name="doughsResourceBrassPipeBombParts" count="1,4"/>
    <item name="doughsResourcePlasticPipeBombParts" count="1,6"/>
  </append>
<!-- END Doughs Buff Pipe Bombs by Doughphunghus -->


<!-- #################################### -->
<!-- START Doughs - Food - Sous Chef Of The Apocalypse by Doughphunghus -->
<!-- Website: https://github.com/doughphunghus -->
<!-- Download URL: https://github.com/doughphunghus/7D2D-Doughs-Mods-a19 -->
  <append xpath="/traders/trader_item_groups/trader_item_group[@name='foodCandy']">
    <item name="doughsFoodTurkishDelight" count="1,4" prob="0.05"/>
  </append>
  <append xpath="/traders/trader_item_groups/trader_item_group[@name='foodSupplies']">
    <item name="doughsFoodButter" count="1,4" prob="0.08"/>
    <item name="doughsFoodFlour" count="1,4" prob="0.1"/>
    <item name="doughsFoodSaltyExtract" count="1,10" prob="0.08"/>
    <item name="doughsFoodCreamOfTartar" count="1,10" prob="0.1"/>
    <item name="doughsFoodSweetExtract" count="1,10" prob="0.08"/>
    <item name="doughsFoodCookingOil" count="1,4" prob="0.1"/>
    <item name="doughsFoodBouillonCube" count="1,4" prob="0.1"/>
  </append>
  <append xpath="/traders/trader_item_groups/trader_item_group[@name='preparedFood']">
    <item name="doughsFoodHardTack" count="1,10" prob="0.05"/>
    <item name="doughsFoodBeefJerky" count="1,10" prob="0.15"/>
    <item name="doughsFoodBread" count="1,4" prob="0.08"/>
    <item name="doughsFoodCheese" count="1,2" prob="0.1"/>
  </append>
  <append xpath="/traders/trader_item_groups/trader_item_group[@name='preparedDrink']">
    <item name="doughsDrinkBottomShelfRedWine" count="1,4" prob="0.1"/>
    <item name="doughsDrinkMilk" count="1,2" prob="0.08"/>
    <item name="doughsDrinkCream" count="1,2" prob="0.05"/>
  </append>
<!-- END Doughs - Food - Sous Chef Of The Apocalypse by Doughphunghus -->


<!-- #################################### -->
<!-- START Doughs Nerf Flashlights and Lanterns by Doughphunghus -->
<!-- Website: https://github.com/doughphunghus -->
<!-- Download URL: https://github.com/doughphunghus/7D2D-Doughs-Mods-a19 -->
  <remove xpath="/traders/trader_item_groups/trader_item_group[@name='traderGeneral']/item[@name='meleeToolFlashlight02']" />
  <remove xpath="/traders/trader_item_groups/trader_item_group[@name='modGunT1']/item[@name='modGunFlashlight']" />
  <append xpath="/traders/trader_item_groups/trader_item_group[@name='generalResources']">
    <item name="doughsCellC" count="1,2" prob="0.02"/>
    <item name="doughsMeleeToolEmptyFlashlight" count="1,2" prob="0.05"/>
  </append>
  <append xpath="/traders/trader_item_groups/trader_item_group[@name='traderElectrical']">
    <item name="doughsCellC" count="1,2" prob="0.01"/>
    <item name="doughsResourceSmallBulb" count="1" prob="0.01"/>
  </append>
<!-- END Doughs Nerf Flashlights and Lanterns by Doughphunghus -->


<!-- #################################### -->
<!-- START DrPrepper by stample, stamplesmods@gmail.com -->
<!-- Download URL: https://github.com/stamplesmods/7d2dmodlets -->
<insertAfter xpath="/traders/trader_item_groups/trader_item_group[@name='preparedDrink']/item[@name='drinkJarBoiledWater']">
	<item name="Dr. Prepper" count="1,5"/>
</insertAfter>
<!-- END DrPrepper by stample, stamplesmods@gmail.com -->


<!-- #################################### -->
<!-- START Armor With Mods by Okami -->
<!-- Download URL: https://github.com/Okamich/FallOFBabylon-A19 -->
        <append xpath="/traders/trader_item_groups/trader_item_group[@name='bandanaAll']">
			<item name="apparelBandana" mods="waterPurifier,rare,misc,modArmorHelmetLight,resistance,thermal,temperature,movement,carryweight,stealth,falldamage,ammo" mod_chance=".5"/>
        </append>
		<append xpath="/traders/trader_item_groups/trader_item_group[@name='suitAll']">
			<item name="apparelSuitPants" mods="waterPurifier,rare,misc,modArmorHelmetLight,resistance,thermal,temperature,movement,carryweight,stealth,falldamage,ammo" mod_chance=".5"/>
			<item name="apparelSuitJacket" mods="waterPurifier,rare,misc,modArmorHelmetLight,resistance,thermal,temperature,movement,carryweight,stealth,falldamage,ammo" mod_chance=".5"/>
			<item name="apparelSuitDressShoes" mods="waterPurifier,rare,misc,modArmorHelmetLight,resistance,thermal,temperature,movement,carryweight,stealth,falldamage,ammo" mod_chance=".5"/>
		</append>
		<append xpath="/traders/trader_item_groups/trader_item_group[@name='pantsAll']">
			<item name="apparelDenimPants" mods="waterPurifier,rare,misc,modArmorHelmetLight,resistance,thermal,temperature,movement,carryweight,stealth,falldamage,ammo" mod_chance=".5"/>
			<item name="apparelArmyPants" mods="waterPurifier,rare,misc,modArmorHelmetLight,resistance,thermal,temperature,movement,carryweight,stealth,falldamage,ammo" mod_chance=".5"/>
		</append>
		<append xpath="/traders/trader_item_groups/trader_item_group[@name='skirtsAll']">
			<item name="apparelSkirt" mods="waterPurifier,rare,misc,modArmorHelmetLight,resistance,thermal,temperature,movement,carryweight,stealth,falldamage,ammo" mod_chance=".5"/>
		</append>
		<append xpath="/traders/trader_item_groups/trader_item_group[@name='apparelDenimShortsPantsAll']">
			<item name="apparelDenimShortsPants" mods="waterPurifier,rare,misc,modArmorHelmetLight,resistance,thermal,temperature,movement,carryweight,stealth,falldamage,ammo" mod_chance=".5"/>
		</append>
		<append xpath="/traders/trader_item_groups/trader_item_group[@name='pufferCoatAll']">
			<item name="apparelCoatPufferCoat" mods="waterPurifier,rare,misc,modArmorHelmetLight,resistance,thermal,temperature,movement,carryweight,stealth,falldamage,ammo" mod_chance=".5"/>
		</append>
		<append xpath="/traders/trader_item_groups/trader_item_group[@name='shirtLongAll']">
			<item name="apparelLongShirt" mods="waterPurifier,rare,misc,modArmorHelmetLight,resistance,thermal,temperature,movement,carryweight,stealth,falldamage,ammo" mod_chance=".5"/>
			<item name="apparelArmyShirt" mods="waterPurifier,rare,misc,modArmorHelmetLight,resistance,thermal,temperature,movement,carryweight,stealth,falldamage,ammo" mod_chance=".5"/>
		</append>
		<append xpath="/traders/trader_item_groups/trader_item_group[@name='skullCapAll']">
			<item name="apparelSkullCap" mods="waterPurifier,rare,misc,modArmorHelmetLight,resistance,thermal,temperature,movement,carryweight,stealth,falldamage,ammo" mod_chance=".5"/>
		</append>
		<append xpath="/traders/trader_item_groups/trader_item_group[@name='ballCapAll']">
			<item name="apparelBallCap" mods="waterPurifier,rare,misc,modArmorHelmetLight,resistance,thermal,temperature,movement,carryweight,stealth,falldamage,ammo" mod_chance=".5"/>
		</append>
		<append xpath="/traders/trader_item_groups/trader_item_group[@name='pressboyCapAll']">
			<item name="apparelPressboyCap" mods="waterPurifier,rare,misc,modArmorHelmetLight,resistance,thermal,temperature,movement,carryweight,stealth,falldamage,ammo" mod_chance=".5"/>
		</append>
		<append xpath="/traders/trader_item_groups/trader_item_group[@name='sweatshirtAll']">
			<item name="apparelSweatshirt" mods="waterPurifier,rare,misc,modArmorHelmetLight,resistance,thermal,temperature,movement,carryweight,stealth,falldamage,ammo" mod_chance=".5"/>
		</append>
		<append xpath="/traders/trader_item_groups/trader_item_group[@name='apparelHoodySweatshirtAll']">
			<item name="apparelHoodySweatshirt" mods="waterPurifier,rare,misc,modArmorHelmetLight,resistance,thermal,temperature,movement,carryweight,stealth,falldamage,ammo" mod_chance=".5"/>
		</append>
		<append xpath="/traders/trader_item_groups/trader_item_group[@name='tankTopAll']">
			<item name="apparelTankTop" mods="waterPurifier,rare,misc,modArmorHelmetLight,resistance,thermal,temperature,movement,carryweight,stealth,falldamage,ammo" mod_chance=".5"/>
		</append>
		<append xpath="/traders/trader_item_groups/trader_item_group[@name='cowboyHatAll']">
			<item name="apparelCowboyHat" mods="waterPurifier,rare,misc,modArmorHelmetLight,resistance,thermal,temperature,movement,carryweight,stealth,falldamage,ammo" mod_chance=".5"/>
		</append>
		<append xpath="/traders/trader_item_groups/trader_item_group[@name='overallsAll']">
			<item name="apparelOveralls" mods="waterPurifier,rare,misc,modArmorHelmetLight,resistance,thermal,temperature,movement,carryweight,stealth,falldamage,ammo" mod_chance=".5"/>
		</append>
		<append xpath="/traders/trader_item_groups/trader_item_group[@name='hazmatGear']">
			<item name="apparelHazmatBoots" mods="waterPurifier,rare,misc,modArmorHelmetLight,resistance,thermal,temperature,movement,carryweight,stealth,falldamage,ammo" mod_chance=".5"/>
			<item name="apparelHazmatPants" mods="waterPurifier,rare,misc,modArmorHelmetLight,resistance,thermal,temperature,movement,carryweight,stealth,falldamage,ammo" mod_chance=".5"/>
			<item name="apparelHazmatJacket" mods="waterPurifier,rare,misc,modArmorHelmetLight,resistance,thermal,temperature,movement,carryweight,stealth,falldamage,ammo" mod_chance=".5"/>
			<item name="apparelHazmatGloves" mods="waterPurifier,rare,misc,modArmorHelmetLight,resistance,thermal,temperature,movement,carryweight,stealth,falldamage,ammo" mod_chance=".5"/>
			<item name="apparelHazmatMask" mods="waterPurifier,rare,misc,modArmorHelmetLight,resistance,thermal,temperature,movement,carryweight,stealth,falldamage,ammo" mod_chance=".5"/>
			<item name="resourceMilitaryFiber" count="1,6" prob="2"/>
		</append>
		<append xpath="/traders/trader_item_groups/trader_item_group[@name='hats']">
			<item name="armorClothHat" mods="waterPurifier,rare,misc,modArmorHelmetLight,resistance,thermal,temperature,movement,carryweight,stealth,falldamage,ammo" mod_chance=".5" quality="1,6"/>
			<item name="armorFootballHelmet" mods="waterPurifier,rare,misc,modArmorHelmetLight,resistance,thermal,temperature,movement,carryweight,stealth,falldamage,ammo" mod_chance=".5" quality="1,6"/>
		</append>
		<append xpath="/traders/trader_item_groups/trader_item_group[@name='clothes']">
			<item name="apparelCowboyBoots" mods="waterPurifier,rare,misc,modArmorHelmetLight,resistance,thermal,temperature,movement,carryweight,stealth,falldamage,ammo" mod_chance=".5" quality="1,6"/>
			<item name="apparelTShirtPlain" mods="waterPurifier,rare,misc,modArmorHelmetLight,resistance,thermal,temperature,movement,carryweight,stealth,falldamage,ammo" mod_chance=".5" quality="1,6"/>
			<item name="apparelWornBoots" mods="waterPurifier,rare,misc,modArmorHelmetLight,resistance,thermal,temperature,movement,carryweight,stealth,falldamage,ammo" mod_chance=".5" quality="1,6"/>
			<item name="apparelShades" mods="waterPurifier,rare,misc,modArmorHelmetLight,resistance,thermal,temperature,movement,carryweight,stealth,falldamage,ammo" mod_chance=".5" quality="1,6"/>
			<item name="apparelNerdGlasses" mods="waterPurifier,rare,misc,modArmorHelmetLight,resistance,thermal,temperature,movement,carryweight,stealth,falldamage,ammo" mod_chance=".5" quality="1,6"/>
			<item name="apparelSkiGoggles" mods="waterPurifier,rare,misc,modArmorHelmetLight,resistance,thermal,temperature,movement,carryweight,stealth,falldamage,ammo" mod_chance=".5" quality="1,6"/>
			<item name="apparelAviatorGoggles" mods="waterPurifier,rare,misc,modArmorHelmetLight,resistance,thermal,temperature,movement,carryweight,stealth,falldamage,ammo" mod_chance=".5" quality="1,6"/>
			<item name="armorFootballHelmet" mods="waterPurifier,rare,misc,modArmorHelmetLight,resistance,thermal,temperature,movement,carryweight,stealth,falldamage,ammo" mod_chance=".5" quality="1,6"/>
			<item name="apparelCoatLeatherDuster" mods="waterPurifier,rare,misc,modArmorHelmetLight,resistance,thermal,temperature,movement,carryweight,stealth,falldamage,ammo" mod_chance=".5" quality="1,6"/>
			<item name="apparelFacialPiercings" mods="waterPurifier,rare,misc,modArmorHelmetLight,resistance,thermal,temperature,movement,carryweight,stealth,falldamage,ammo" mod_chance=".5" quality="1,6"/>
			<item name="apparelGothBoots" mods="waterPurifier,rare,misc,modArmorHelmetLight,resistance,thermal,temperature,movement,carryweight,stealth,falldamage,ammo" mod_chance=".5" quality="1,6"/>
			<item name="apparelGothPants" mods="waterPurifier,rare,misc,modArmorHelmetLight,resistance,thermal,temperature,movement,carryweight,stealth,falldamage,ammo" mod_chance=".5" quality="1,6"/>
		</append>
		<append xpath="/traders/trader_item_groups/trader_item_group[@name='warmClothes']">
			<item name="apparelCoatLeatherDuster" mods="waterPurifier,rare,misc,modArmorHelmetLight,resistance,thermal,temperature,movement,carryweight,stealth,falldamage,ammo" mod_chance=".5" quality="1,6"/>
		</append>
		<append xpath="/traders/trader_item_groups/trader_item_group[@name='groupArmorLightT0']">
			<item name="armorClothHat" mods="waterPurifier,rare,misc,modArmorHelmetLight,resistance,thermal,temperature,movement,carryweight,stealth,falldamage,ammo" mod_chance=".5" quality="1,6"/>
			<item name="armorClothPants" mods="waterPurifier,rare,misc,modArmorHelmetLight,resistance,thermal,temperature,movement,carryweight,stealth,falldamage,ammo" mod_chance=".5" quality="1,6"/>
			<item name="armorClothJacket" mods="waterPurifier,rare,misc,modArmorHelmetLight,resistance,thermal,temperature,movement,carryweight,stealth,falldamage,ammo" mod_chance=".5" quality="1,6"/>
			<item name="armorClothBoots" mods="waterPurifier,rare,misc,modArmorHelmetLight,resistance,thermal,temperature,movement,carryweight,stealth,falldamage,ammo" mod_chance=".5" quality="1,6"/>
			<item name="armorClothGloves" mods="waterPurifier,rare,misc,modArmorHelmetLight,resistance,thermal,temperature,movement,carryweight,stealth,falldamage,ammo" mod_chance=".5" quality="1,6"/>
		</append>
		<append xpath="/traders/trader_item_groups/trader_item_group[@name='groupArmorLightT1']">
			<item name="armorLeatherBoots" mods="waterPurifier,rare,misc,modArmorHelmetLight,resistance,thermal,temperature,movement,carryweight,stealth,falldamage,ammo" mod_chance=".5" quality="1,6"/>
			<item name="armorLeatherPants" mods="waterPurifier,rare,misc,modArmorHelmetLight,resistance,thermal,temperature,movement,carryweight,stealth,falldamage,ammo" mod_chance=".5" quality="1,6"/>
			<item name="armorLeatherChest" mods="waterPurifier,rare,misc,modArmorHelmetLight,resistance,thermal,temperature,movement,carryweight,stealth,falldamage,ammo" mod_chance=".5" quality="1,6"/>
			<item name="armorLeatherGloves" mods="waterPurifier,rare,misc,modArmorHelmetLight,resistance,thermal,temperature,movement,carryweight,stealth,falldamage,ammo" mod_chance=".5" quality="1,6"/>
			<item name="armorLeatherHood" mods="waterPurifier,rare,misc,modArmorHelmetLight,resistance,thermal,temperature,movement,carryweight,stealth,falldamage,ammo" mod_chance=".5" quality="1,6"/>
			<item name="armorMiningHelmet" mods="waterPurifier,rare,misc,modArmorHelmetLight,resistance,thermal,temperature,movement,carryweight,stealth,falldamage,ammo" mod_chance=".5" quality="1,6"/>
		</append>
		<append xpath="/traders/trader_item_groups/trader_item_group[@name='groupArmorLightT2']">
			<item name="armorMilitaryGloves" mods="waterPurifier,rare,misc,modArmorHelmetLight,resistance,thermal,temperature,movement,carryweight,stealth,falldamage,ammo" mod_chance=".5" quality="1,6"/>
			<item name="armorMilitaryHelmet" mods="waterPurifier,rare,misc,modArmorHelmetLight,resistance,thermal,temperature,movement,carryweight,stealth,falldamage,ammo" mod_chance=".5" quality="1,6"/>
			<item name="armorMilitaryBoots" mods="waterPurifier,rare,misc,modArmorHelmetLight,resistance,thermal,temperature,movement,carryweight,stealth,falldamage,ammo" mod_chance=".5" quality="1,6"/>
			<item name="armorMilitaryLegs" mods="waterPurifier,rare,misc,modArmorHelmetLight,resistance,thermal,temperature,movement,carryweight,stealth,falldamage,ammo" mod_chance=".5" quality="1,6"/>
			<item name="armorMilitaryVest" mods="waterPurifier,rare,misc,modArmorHelmetLight,resistance,thermal,temperature,movement,carryweight,stealth,falldamage,ammo" mod_chance=".5" quality="1,6"/>
		</append>
		<append xpath="/traders/trader_item_groups/trader_item_group[@name='groupArmorHeavyT0']">
			<item name="armorScrapBoots" mods="waterPurifier,rare,misc,modArmorHelmetLight,resistance,thermal,temperature,movement,carryweight,stealth,falldamage,ammo" mod_chance=".5" quality="1,6"/>
			<item name="armorScrapLegs" mods="waterPurifier,rare,misc,modArmorHelmetLight,resistance,thermal,temperature,movement,carryweight,stealth,falldamage,ammo" mod_chance=".5" quality="1,6"/>
			<item name="armorScrapGloves" mods="waterPurifier,rare,misc,modArmorHelmetLight,resistance,thermal,temperature,movement,carryweight,stealth,falldamage,ammo" mod_chance=".5" quality="1,6"/>
			<item name="armorScrapChest" mods="waterPurifier,rare,misc,modArmorHelmetLight,resistance,thermal,temperature,movement,carryweight,stealth,falldamage,ammo" mod_chance=".5" quality="1,6"/>
			<item name="armorScrapHelmet" mods="waterPurifier,rare,misc,modArmorHelmetLight,resistance,thermal,temperature,movement,carryweight,stealth,falldamage,ammo" mod_chance=".5" quality="1,6"/>
		</append>
		<append xpath="/traders/trader_item_groups/trader_item_group[@name='groupArmorHeavyT1']">
			<item name="armorIronGloves" mods="waterPurifier,rare,misc,modArmorHelmetLight,resistance,thermal,temperature,movement,carryweight,stealth,falldamage,ammo" mod_chance=".5" quality="1,6"/>
			<item name="armorIronHelmet" mods="waterPurifier,rare,misc,modArmorHelmetLight,resistance,thermal,temperature,movement,carryweight,stealth,falldamage,ammo" mod_chance=".5" quality="1,6"/>
			<item name="armorIronBoots" mods="waterPurifier,rare,misc,modArmorHelmetLight,resistance,thermal,temperature,movement,carryweight,stealth,falldamage,ammo" mod_chance=".5" quality="1,6"/>
			<item name="armorIronLegs" mods="waterPurifier,rare,misc,modArmorHelmetLight,resistance,thermal,temperature,movement,carryweight,stealth,falldamage,ammo" mod_chance=".5" quality="1,6"/>
			<item name="armorIronChest" mods="waterPurifier,rare,misc,modArmorHelmetLight,resistance,thermal,temperature,movement,carryweight,stealth,falldamage,ammo" mod_chance=".5" quality="1,6"/>
		</append>
		<append xpath="/traders/trader_item_groups/trader_item_group[@name='groupArmorHeavyT2']">
			<item name="armorSteelBoots" mods="waterPurifier,rare,misc,modArmorHelmetLight,resistance,thermal,temperature,movement,carryweight,stealth,falldamage,ammo" mod_chance=".5" quality="1,6"/>
			<item name="armorSteelLegs" mods="waterPurifier,rare,misc,modArmorHelmetLight,resistance,thermal,temperature,movement,carryweight,stealth,falldamage,ammo" mod_chance=".5" quality="1,6"/>
			<item name="armorSteelChest" mods="waterPurifier,rare,misc,modArmorHelmetLight,resistance,thermal,temperature,movement,carryweight,stealth,falldamage,ammo" mod_chance=".5" quality="1,6"/>
			<item name="armorSteelGloves" mods="waterPurifier,rare,misc,modArmorHelmetLight,resistance,thermal,temperature,movement,carryweight,stealth,falldamage,ammo" mod_chance=".5" quality="1,6"/>
			<item name="armorSwatHelmet" mods="waterPurifier,rare,misc,modArmorHelmetLight,resistance,thermal,temperature,movement,carryweight,stealth,falldamage,ammo" mod_chance=".5" quality="1,6"/>
			<item name="armorMiningHelmet" mods="waterPurifier,rare,misc,modArmorHelmetLight,resistance,thermal,temperature,movement,carryweight,stealth,falldamage,ammo" mod_chance=".5" quality="1,6"/>
		</append>
<!-- END Armor With Mods by Okami -->


<!-- #################################### -->
<!-- START Traders by Okami -->
<!-- Download URL: https://github.com/Okamich/FallOFBabylon-A19 -->
		<append xpath="/traders/trader_item_groups/trader_item_group[@name='weaponsMeleeT0-1']">
			<item name="meleeWpnBladeT1HuntingKnife" mods="damage,durability,health,shaft,fire,specialDamage,knockback" mod_chance=".5" quality="1,6"/>
			<item name="meleeWpnClubT1BaseballBat" mods="damage,durability,health,shaft,fire,specialDamage,knockback" mod_chance=".5" quality="1,6"/>
			<item name="meleeWpnSpearT1IronSpear" mods="damage,durability,health,shaft,fire,specialDamage,knockback" mod_chance=".5" quality="1,6"/>
			<item name="meleeWpnSledgeT1IronSledgehammer" mods="damage,durability,health,shaft,fire,specialDamage,knockback" mod_chance=".5" quality="1,6"/>
			<item name="meleeWpnKnucklesT1IronKnuckles" mods="damage,durability,health,shaft,fire,specialDamage,knockback" mod_chance=".5" quality="1,6"/>
			<item name="meleeWpnBatonT2StunBaton" mods="damage,durability,health,shaft,fire,specialDamage,knockback" mod_chance=".5" quality="1,6"/>
		</append>
		<append xpath="/traders/trader_item_groups/trader_item_group[@name='weaponsMeleeT2']">
			<item name="meleeWpnBladeT3Machete" mods="damage,durability,health,shaft,fire,specialDamage,knockback" mod_chance=".5" quality="1,6"/>
			<item name="meleeWpnClubT3SteelClub" mods="damage,durability,health,shaft,fire,specialDamage,knockback" mod_chance=".5" prob="0.7" quality="1,6"/>
			<item name="meleeWpnSpearT3SteelSpear" mods="damage,durability,health,shaft,fire,specialDamage,knockback" mod_chance=".5" quality="1,6"/>
			<item name="meleeWpnSledgeT3SteelSledgehammer" mods="damage,durability,health,shaft,fire,specialDamage,knockback" mod_chance=".5" quality="1,6"/>
			<item name="meleeWpnKnucklesT3SteelKnuckles" mods="damage,durability,health,shaft,fire,specialDamage,knockback" mod_chance=".5" quality="1,6"/>
		</append>
		<append xpath="/traders/trader_item_groups/trader_item_group[@name='weaponsGunsT1']">
			<item name="gunHandgunT1Pistol" mods="barrelAttachments,sideAttachments,smallTopAttachments,scope,trigger,magazine,grips,accuracy,crippling" mod_chance=".5" quality="1,6"/>
			<item name="gunShotgunT1DoubleBarrel" mods="barrelAttachments,sideAttachments,smallTopAttachments,scope,trigger,magazine,grips,accuracy,crippling" mod_chance=".5" quality="1,6"/>
			<item name="gunMGT1AK47" mods="barrelAttachments,sideAttachments,smallTopAttachments,scope,trigger,magazine,grips,accuracy,crippling" mod_chance=".5" quality="1,6"/>
			<item name="gunRifleT1HuntingRifle" mods="barrelAttachments,sideAttachments,smallTopAttachments,scope,trigger,magazine,grips,accuracy,crippling" mod_chance=".5" quality="1,6"/>
			<item name="gunBowT1WoodenBow" mods="barrelAttachments,sideAttachments,smallTopAttachments,scope,trigger,velocity" mod_chance=".5" prob="0.7" quality="1,6"/>
			<item name="gunBowT1IronCrossbow" mods="barrelAttachments,sideAttachments,smallTopAttachments,scope,trigger,velocity" mod_chance=".5" prob="0.7" quality="1,6"/>
			<item name="gunBotT1JunkSledge" mods="barrelAttachments,sideAttachments,smallTopAttachments,scope,trigger,magazine,grips,accuracy,crippling" mod_chance=".5" prob="0.7" quality="1,6"/>
		</append>
		<append xpath="/traders/trader_item_groups/trader_item_group[@name='weaponsGunsT2']">
			<item name="gunShotgunT2PumpShotgun" mods="barrelAttachments,sideAttachments,smallTopAttachments,scope,trigger,magazine,grips,accuracy,crippling" mod_chance=".5" quality="1,6"/>
			<item name="gunMGT2TacticalAR" mods="barrelAttachments,sideAttachments,smallTopAttachments,scope,trigger,magazine,grips,accuracy,crippling" mod_chance=".5" quality="1,6"/>
			<item name="gunRifleT2MarksmanRifle" mods="barrelAttachments,sideAttachments,smallTopAttachments,scope,trigger,magazine,grips,accuracy,crippling" mod_chance=".5" quality="1,6"/>
			<item name="gunHandgunT2Magnum44" mods="barrelAttachments,sideAttachments,smallTopAttachments,scope,trigger,magazine,grips,accuracy,crippling" mod_chance=".5" prob="0.7" quality="1,6"/>
			<item name="gunBowT3CompoundBow" mods="barrelAttachments,sideAttachments,smallTopAttachments,scope,trigger,velocity" mod_chance=".5" prob="0.7" quality="1,6"/>
			<item name="gunBowT3CompoundCrossbow" mods="barrelAttachments,sideAttachments,smallTopAttachments,scope,trigger,velocity" mod_chance=".5" prob="0.7" quality="1,6"/>
		</append>
		<append xpath="/traders/trader_item_groups/trader_item_group[@name='weaponsGunsT3']">
			<item name="gunHandgunT3SMG5" mods="barrelAttachments,sideAttachments,smallTopAttachments,scope,trigger,magazine,grips,accuracy,crippling" mod_chance=".5" prob="0.7" quality="1,6"/>
			<item name="gunMGT3M60" mods="barrelAttachments,sideAttachments,smallTopAttachments,scope,trigger,magazine,grips,accuracy,crippling" mod_chance=".5" quality="1,6"/>
			<item name="gunHandgunT2Magnum44" mods="barrelAttachments,sideAttachments,smallTopAttachments,scope,trigger,magazine,grips,accuracy,crippling" mod_chance=".5" prob="0.7" quality="1,6"/>
			<item name="gunHandgunT3DesertVulture" mods="barrelAttachments,sideAttachments,smallTopAttachments,scope,trigger,magazine,grips,accuracy,crippling" mod_chance=".5" prob="0.7" quality="1,6"/>
			<item name="gunShotgunT3AutoShotgun" mods="barrelAttachments,sideAttachments,smallTopAttachments,scope,trigger,magazine,grips,accuracy,crippling" mod_chance=".5" prob="0.7" quality="1,6"/>
			<item name="gunRifleT3SniperRifle" mods="barrelAttachments,sideAttachments,smallTopAttachments,scope,trigger,magazine,grips,accuracy,crippling" mod_chance=".5" prob="0.7" quality="1,6"/>
			<item name="gunExplosivesT3RocketLauncher" mods="barrelAttachments,sideAttachments,smallTopAttachments,scope,trigger,magazine,grips,accuracy,crippling" mod_chance=".5" quality="1,6"/>
		</append>
		<append xpath="/traders/trader_item_groups/trader_item_group[@name='weaponsGunsT3QL5']">
			<item name="gunHandgunT3SMG5" mods="barrelAttachments,sideAttachments,smallTopAttachments,scope,trigger,magazine,grips,accuracy,crippling" mod_chance=".5" prob="0.7" quality="2,5"/>
			<item name="gunMGT3M60" mods="barrelAttachments,sideAttachments,smallTopAttachments,scope,trigger,magazine,grips,accuracy,crippling" mod_chance=".5" quality="2,5"/>
			<item name="gunHandgunT2Magnum44" mods="barrelAttachments,sideAttachments,smallTopAttachments,scope,trigger,magazine,grips,accuracy,crippling" mod_chance=".5" prob="0.7" quality="2,5"/>
			<item name="gunHandgunT3DesertVulture" mods="barrelAttachments,sideAttachments,smallTopAttachments,scope,trigger,magazine,grips,accuracy,crippling" mod_chance=".5" prob="0.7" quality="2,5"/>
			<item name="gunShotgunT3AutoShotgun" mods="barrelAttachments,sideAttachments,smallTopAttachments,scope,trigger,magazine,grips,accuracy,crippling" mod_chance=".5" prob="0.7" quality="2,5"/>
			<item name="gunRifleT3SniperRifle" mods="barrelAttachments,sideAttachments,smallTopAttachments,scope,trigger,magazine,grips,accuracy,crippling" mod_chance=".5" prob="0.7" quality="2,5"/>
			<item name="gunExplosivesT3RocketLauncher" mods="barrelAttachments,sideAttachments,smallTopAttachments,scope,trigger,magazine,grips,accuracy,crippling" mod_chance=".5" quality="2,5"/>
		</append>
		<append xpath="/traders/trader_item_groups/trader_item_group[@name='rareTools']">
			<item name="meleeToolAxeT3Chainsaw" mods="fuel,durability,damage,durability,health,fire,damageWood" mod_chance=".5" quality="1,6"/>
			<item name="meleeToolPickT3Auger" mods="fuel,durability,damage,durability,health,fire,damageDirt,damageStone,damageIron," mod_chance=".5" quality="1,6"/>
			<item name="meleeToolPickT2SteelPickaxe" mods="damage,durability,health,damageDirt,damageStone,damageIron" mod_chance=".5" prob="0.7" quality="1,6"/>
			<item name="meleeToolAxeT2SteelAxe" mods="damage,durability,health,fire,damageDirt,damageStone,damageIron,damageWood" mod_chance=".5" prob="0.7" quality="1,6"/>
			<item name="meleeToolShovelT2SteelShovel" mods="damage,durability,health,damageDirt" mod_chance=".5" prob="0.7" quality="1,6"/>
			<item name="meleeWpnSledgeT3SteelSledgehammer" mods="damage,durability,health,fire,damageDirt,damageStone,damageIron,damageWood" mod_chance=".5" quality="1,6"/>
		</append>
		<append xpath="/traders/trader_item_groups/trader_item_group[@name='tools']">
			<item name="meleeToolPickT1IronPickaxe" mods="damage,durability,health,damageDirt,damageStone,damageIron" mod_chance=".5" quality="1,6"/>
			<item name="meleeToolShovelT1IronShovel" mods="damage,durability,health,damageDirt" mod_chance=".5" quality="1,6"/>
			<item name="meleeToolAxeT1IronFireaxe" mods="damage,durability,health,fire,damageDirt,damageStone,damageIron,damageWood" mod_chance=".5" quality="1,6"/>
			<item name="meleeWpnSledgeT1IronSledgehammer" mods="damage,durability,health,fire,damageDirt,damageStone,damageIron,damageWood" mod_chance=".5" quality="1,6"/>
		</append>
<!-- END Traders by Okami -->


<!-- #################################### -->
<!-- START H7SB Storage by Eihwaz -->
<!-- Website: www.eihwaz.de -->
<!-- Download URL: https://gitlab.com/EihwazDE/7D2D -->
<remove xpath="/traders/trader_item_groups/trader_item_group[@name='decorativeBlocks']/item[@name='cntMunitionsBox']" />
<remove xpath="/traders/trader_item_groups/trader_item_group[@name='decorativeBlocks']/item[@name='cntCashRegister']" />
<remove xpath="/traders/trader_item_groups/trader_item_group[@name='decorativeBlocks']/item[@name='cntCoolerClosed']" />
<remove xpath="/traders/trader_item_groups/trader_item_group[@name='decorativeBlocks']/item[@name='cntWaterCoolerFull']" />
<remove xpath="/traders/trader_item_groups/trader_item_group[@name='decorativeBlocks']/item[@name='cntCabinetOldSink']" />
<remove xpath="/traders/trader_item_groups/trader_item_group[@name='decorativeBlocks']/item[@name='cntGraniteSink']" />
<remove xpath="/traders/trader_item_groups/trader_item_group[@name='decorativeBlocks']/item[@name='cntLockersShortClosed']" />
<!-- END H7SB Storage by Eihwaz -->


<!-- #################################### -->
<!-- START Home_Depot by OrbitalBliss, Fixed by ShoudenKalferas -->
<!-- Website: https://github.com/OrbitalBliss/HOME_DEPOT_7D2D_MOD -->
<!-- Download URL: https://github.com/XelaNull/7dtd-FixedModlets.git -->
	<append xpath="/traders/trader_item_groups/trader_item_group[@name='decorativeBlinds']">
		<item name="commercialBlindsTop" count="4,15"/>
		<item name="commercialBlindsBottom" count="4,15"/>
	</append>
	<insertAfter xpath="/traders/trader_item_groups/trader_item_group[@name='decorativeBlinds']">
		<trader_item_group name="decorativePipes" count="all">
			<item name="metalPipeStraight" count="4,8"/>
			<item name="metalPipeValve" count="2,3"/>
			<item name="metalPipeCorner" count="2,4"/>
			<item name="metalPipeJoint" count="2,4"/>
			<item name="metalPipeCap" count="1,2"/>
			<item name="metalPipeFlange" count="1,2"/>
		</trader_item_group>
		<trader_item_group name="decorativeDucts" count="all">
			<item name="ductSoft" count="6,10"/>
			<item name="ductSoftCorner" count="3,5"/>
			<item name="ductSoftCorner2" count="3,5"/>
			<item name="ductControlPanel" count="3,5"/>
			<item name="ductControlPanelCorner" count="2,3"/>
		</trader_item_group>
		<trader_item_group name="decorativeLargeTV" count="all">
			<item name="tv_large_1" count="1"/>
			<item name="tv_large_2" count="1"/>
		</trader_item_group>
		<trader_item_group name="decorativeLockers" count="1,2">
			<item name="cntLockersShortClosed"/>
			<item name="cntLockersTallClosed"/>
			<item name="cntLockersTallDoubleClosed"/>
			<item name="cntLockersTallMixClosed"/>
			<item name="cntLockersTallMixLinkClosed"/>
		</trader_item_group>
		<trader_item_group name="decorativePaintings" count="1,2">
			<item name="paintingBen"/>
			<item name="paintingLorien"/>
			<item name="paintingDerek"/>
			<item name="paintingNoah"/>
			<item name="paintingDuke"/>
			<item name="paintingKen"/>
		</trader_item_group>
		<trader_item_group name="decorativeControlPanels" count="1,3">
			<item name="controlPanelBase01"/>
			<item name="controlPanelBase02"/>
			<item name="controlPanelBase03"/>
			<item name="controlPanelBase04"/>
			<item name="controlPanelBase05"/>
			<item name="controlPanelBase06"/>
			<item name="controlPanelBase07"/>
			<item name="controlPanelBase08"/>
			<item name="controlPanelTop01"/>
			<item name="controlPanelTop02"/>
			<item name="controlPanelTop03"/>
			<item name="controlPanelTop04"/>
			<item name="controlPanelTop05"/>
			<item name="controlPanelTop06"/>
			<item name="controlPanelTop07"/>
			<item name="controlPanelCorner"/>
		</trader_item_group>
	</insertAfter>
	<append xpath="/traders/trader_item_groups/trader_item_group[@name='decorativeBlocks']">
		<item group="decorativePipes"/>
		<item group="decorativeDucts"/>
		<item group="decorativeLargeTV"/>
		<item group="decorativeLockers"/>
		<item group="decorativePaintings"/>
		<item group="decorativeControlPanels"/>
		<item name="cntWallOven"/>
		<item name="utilitySink"/>
		<item name="wallHungSink"/>
		<item name="cntMicrowaveOvenVer1Closed"/>
		<item name="cntRetroFridgeVer1Closed"/>
		<item name="cntFridgeStainlessSteel"/>
		<item name="cntStoveOldVer1Closed"/>
		<item name="cntWashingMachine"/>
		<item name="cntTrashCompactor"/>
		<item name="mirror"/>
		<item name="showerHead"/>
		<item name="cntBathTubEmpty"/>
		<item name="cntToilet01"/>
		<item name="cntToilet02"/>
		<item name="cntToilet03"/>
		<item name="cntMedicineCabinetFaucetClosed"/>
		<item name="cntMedicineCabinetClosed"/>
		<item name="cntPillCaseClosed"/>
		<item name="radiatorHouse01"/>
		<item name="tv"/>
		<item name="schoolDesk"/>
		<item name="leatherCouchSofa2"/>
		<item name="barracksChair"/>
		<item name="cntCharcoalGrillClosed"/>
		<item name="cntCharcoalGrillOpen"/>
		<item name="cntGasGrillClosed"/>
		<item name="cntGasGrillOpen"/>
		<item name="birdBathPlanter"/>
		<item name="gurneyBed"/>
		<item name="hospitalBed"/>
		<item name="cntFileCabinetShortClosed"/>
		<item name="cntFileCabinetTallClosed"/>
		<item name="heatVent"/>
		<item name="heatVentIndustrial"/>
		<item name="cntLaundryBasketVer1Empty"/>
		<item name="cntFancyGarbageCan"/>
		<item name="cntDumpster"/>
		<item name="cntWaterCoolerBottle"/>
		<item name="cntCoolerOpen"/>
		<item name="satelliteDish"/>
		<item name="satelliteDishSmall"/>
		<item name="graveStone03"/>
		<item name="decoMetalSlide"/>
		<item name="decoSwingSet"/>
		<item name="decoStationaryBike"/>
		<item name="decoTreadmill"/>
		<item name="decoWeightBar"/>
		<item name="decoBenchPress"/>
		<item name="cntDuffle01"/>
		<item name="cntWeaponsBagSmall"/>
		<item name="cntWeaponsBagLarge"/>
		<item name="cntPurse01"/>
		<item name="cntSuitcase"/>
		<item name="cntLuggageMediumClosed"/>
		<item name="cntLuggageBigClosed"/>
		<item name="cntBackpack01"/>
		<item name="cntBackpack03"/>
		<item name="airConditionVentFan"/>
		<item name="airConditionVentFanDouble"/>
		<item name="signRoadStop"/>
		<item name="signRoadStop4way"/>
		<item name="signRoadSlow"/>
		<item name="signRoadPrivate"/>
		<item name="signRoadWork"/>
	</append>
	<remove xpath="//item[contains(@name, 'Placeable')]"/> 
	<append xpath="/traders/trader_item_groups/trader_item_group[@name='traderGeneral']">
		<item name="vehicleBicyclePlaceable" count="1" prob="0.3" quality="1"/>
	</append>
	<append xpath="/traders/trader_item_groups/trader_item_group[@name='stashOnlyItemsLow']">
		<item name="vehicleBicyclePlaceable" prob="0.35"/>
		<item name="vehicleMinibikePlaceable" prob="0.15"/>
	</append>
	<append xpath="/traders/trader_item_groups/trader_item_group[@name='stashOnlyItemsHigh']">
		<item name="vehicleMinibikePlaceable" prob="0.2"/>
		<item name="vehicleMotorcyclePlaceable" prob="0.15"/>
		<item name="vehicle4x4TruckPlaceable" prob="0.07"/>
		<item name="vehicleGyrocopterPlaceable" prob="0.02"/>
	</append>
	<remove xpath="/traders/trader_item_groups/trader_item_group[@name='decorativeBlocks']/item[@name='mattressFlat']"/>
	<set xpath="/traders/trader_info[@id='1']/trader_items[@count='all']/item[@group='decorativeBlocks']/@count">5,14</set>
<!-- END Home_Depot by OrbitalBliss, Fixed by ShoudenKalferas -->


<!-- #################################### -->
<!-- START Mutations by stample, stamplesmods@gmail.com -->
<!-- Download URL: https://github.com/stamplesmods/7d2dmodlets -->
<append xpath="/traders/trader_item_groups">
		<trader_item_group name='rumorQuests'>
			<item name="qc_challenge_mutantBear" count="1"/>
			<item name="qc_challenge_mutantBoar" count="1"/>
			<item name="qc_challenge_mutantDireWolf" count="1"/>
			<item name="qc_challenge_mutantCat" count="1"/>
			<item name="qc_challenge_mutantCoyote" count="1"/>
		</trader_item_group>
</append>
<append xpath="/traders/trader_info[@id='1']/tier_items[@level='1,499']">
	<item group="rumorQuests" count="1"/>
</append>
<append xpath="/traders/trader_info[@id='1']/tier_items[@level='3000,3999']">
	<item group="rumorQuests" count="1"/>
</append>
<append xpath="/traders/trader_info[@id='1']/tier_items[@level='4000,4999']">
	<item group="rumorQuests" count="1,2"/>
</append>
<append xpath="/traders/trader_info[@id='1']/tier_items[@level='5000,-1']">
	<item group="rumorQuests" count="2,3"/>
</append>
<append xpath="/traders/trader_info[@id='2']/tier_items[@level='1,499']">
	<item group="rumorQuests" count="1"/>
</append>
<append xpath="/traders/trader_info[@id='2']/tier_items[@level='3000,3999']">
	<item group="rumorQuests" count="1"/>
</append>
<append xpath="/traders/trader_info[@id='2']/tier_items[@level='4000,4999']">
	<item group="rumorQuests" count="1,2"/>
</append>
<append xpath="/traders/trader_info[@id='2']/tier_items[@level='5000,-1']">
	<item group="rumorQuests" count="2,3"/>
</append>
<append xpath="/traders/trader_info[@id='6']/tier_items[@level='1,499']">
	<item group="rumorQuests" count="1"/>
</append>
<append xpath="/traders/trader_info[@id='6']/tier_items[@level='3000,3999']">
	<item group="rumorQuests" count="1"/>
</append>
<append xpath="/traders/trader_info[@id='6']/tier_items[@level='4000,4999']">
	<item group="rumorQuests" count="1,2"/>
</append>
<append xpath="/traders/trader_info[@id='6']/tier_items[@level='5000,-1']">
	<item group="rumorQuests" count="2,3"/>
</append>
<append xpath="/traders/trader_info[@id='7']/tier_items[@level='1,499']">
	<item group="rumorQuests" count="1,2"/>
</append>
<append xpath="/traders/trader_info[@id='7']/tier_items[@level='3000,3999']">
	<item group="rumorQuests" count="1,2"/>
</append>
<append xpath="/traders/trader_info[@id='7']/tier_items[@level='4000,4999']">
	<item group="rumorQuests" count="1,3"/>
</append>
<append xpath="/traders/trader_info[@id='7']/tier_items[@level='5000,-1']">
	<item group="rumorQuests" count="2,4"/>
</append>
<append xpath="/traders/trader_info[@id='8']/tier_items[@level='1,499']">
	<item group="rumorQuests" count="1"/>
</append>
<append xpath="/traders/trader_info[@id='8']/tier_items[@level='3000,3999']">
	<item group="rumorQuests" count="1"/>
</append>
<append xpath="/traders/trader_info[@id='8']/tier_items[@level='4000,4999']">
	<item group="rumorQuests" count="1,2"/>
</append>
<append xpath="/traders/trader_info[@id='8']/tier_items[@level='5000,-1']">
	<item group="rumorQuests" count="2,3"/>
</append>
<!-- END Mutations by stample, stamplesmods@gmail.com -->


<!-- #################################### -->
<!-- START STAINLESS STEEL RETURNS by Claymore, Fixed By ShoudenKalferas -->
<!-- Download URL: https://github.com/XelaNull/7dtd-FixedModlets.git -->
<append xpath="/traders/trader_item_groups/trader_item_group[@name='constructionSupplies']">
<item name="resourceSteelPolish" count="15,75" prob="2"/>
</append>
<!-- END STAINLESS STEEL RETURNS by Claymore, Fixed By ShoudenKalferas -->


<!-- #################################### -->
<!-- START Trader_Refresh_1Day by ShoudenKalferas -->
<!-- Website: https://github.com/XelaNull/7dtd-Modlets.git -->
<!-- Download URL: https://github.com/XelaNull/7DTD-Magazine_Plants_Trader.git -->
  	<set xpath="/traders/trader_info[@id='1']/@reset_interval">1</set>
    <set xpath="/traders/trader_info[@id='6']/@reset_interval">1</set>
    <set xpath="/traders/trader_info[@id='2']/@reset_interval">1</set>
    <set xpath="/traders/trader_info[@id='7']/@reset_interval">1</set>
    <set xpath="/traders/trader_info[@id='8']/@reset_interval">1</set>
<!-- END Trader_Refresh_1Day by ShoudenKalferas -->


<!-- #################################### -->
<!-- START wtk34_water_filter by wtk34 -->
<!-- Download URL: https://github.com/wtk34Mods/wtk34_water_filter -->
<append xpath="//trader_item_groups">
	<trader_item_group name="wtk34_water_filter" count="1">
		<item name="resourceActivatedCharcoal" count="2,6"/>
		<item name="waterFilterSchematic" count="1,2"/>
	</trader_item_group>
</append>
<append xpath="//trader_info[@id='1']/trader_items">
	<item group="wtk34_water_filter" count="1,2"/>
</append>
<append xpath="//trader_info[@id='7']/trader_items">
	<item group="wtk34_water_filter" count="1,2"/>
</append>
<append xpath="//trader_info[@id='2']/trader_items">
	<item group="wtk34_water_filter" count="1,2"/>
</append>
<append xpath="//trader_info[@id='8']/trader_items">
	<item group="wtk34_water_filter" count="1,2"/>
</append>
<append xpath="//trader_info[@id='6']/trader_items">
	<item group="wtk34_water_filter" count="1,2"/>
</append>
<!-- END wtk34_water_filter by wtk34 -->


<!-- #################################### -->
<!-- START Grenade Arrows by wtk34, Modified by Shouden Kalferas -->
<!-- Download URL: https://github.com/XelaNull/7dtd-FixedModlets.git -->
<append xpath="/traders/trader_item_groups">
    <trader_item_group name="ammoArrowGrenade">
        <item name="ammoArrowGrenade" count="15,60"/>
    </trader_item_group>
</append>
<append xpath="//trader_info[@id='1']/trader_items">
	<item group="ammoArrowGrenade" count="1,2"/>
</append>
<append xpath="//trader_info[@id='7']/trader_items">
	<item group="ammoArrowGrenade" count="1,2"/>
</append>
<append xpath="//trader_info[@id='2']/trader_items">
	<item group="ammoArrowGrenade" count="1,2"/>
</append>
<append xpath="//trader_info[@id='8']/trader_items">
	<item group="ammoArrowGrenade" count="1,2"/>
</append>
<append xpath="//trader_info[@id='6']/trader_items">
	<item group="ammoArrowGrenade" count="1,2"/>
</append>
<!-- END Grenade Arrows by wtk34, Modified by Shouden Kalferas -->


</configs>
