<configs>
<!-- #################################### -->
<!-- START DrPrepper by stample, stamplesmods@gmail.com -->
<!-- Download URL: https://github.com/stamplesmods/7d2dmodlets -->
<append xpath="/ui_display_info/item_display">
		<item_display_info display_type="DrPrepper" display_group="groupConsumables">
			<display_entry name="$waterAmountAdd" title_key="statWaterAmount"/>
			<display_entry name="dStaminaRegen" title_key="statStaminaRegen" display_type="Percent"/>
			<display_entry name="dRunSpeed" title_key="statRunSpeed" display_type="Percent" display_leading_plus="true"/>
			<display_entry name="dCarryCapacity" title_key="statCarryCapacity" display_leading_plus="true"/>
			<display_entry name="dDuration" title_key="statDuration" display_type="Time"/>
		</item_display_info>
</append>
<!-- END DrPrepper by stample, stamplesmods@gmail.com -->


<!-- #################################### -->
<!-- START Frobscottle by stample, stamplesmods@gmail.com -->
<!-- Download URL: https://github.com/stamplesmods/7d2dmodlets -->
<append xpath="/ui_display_info/item_display">
		<item_display_info display_type="Frobscottle" display_group="groupConsumables">
			<display_entry name="$waterAmountAdd" title_key="statWaterAmount"/>
			<display_entry name="Jump Stamina Loss" title_key="Jump Stamina Loss" display_type="Percent"/>
			<display_entry name="Jump Height" title_key="statJumpStrength" display_leading_plus="true"/>
			<display_entry name="dDuration" title_key="statDuration" display_type="Time"/>
		</item_display_info>
</append>
<!-- END Frobscottle by stample, stamplesmods@gmail.com -->


<!-- #################################### -->
<!-- START NakedGator by stample -->
<!-- Download URL: https://github.com/stamplesmods/7d2dmodlets -->
<append xpath="/ui_display_info/item_display">
		<item_display_info display_type="NakedGator" display_group="groupConsumables">
			<display_entry name="$waterAmountAdd" title_key="statWaterAmount"/>
			<display_entry name="dEfficientDigestion" title_key="statEfficientDigestion" display_type="Percent" display_leading_plus="true"/>
			<display_entry name="dRunSpeed" title_key="statRunSpeed" display_type="Percent" display_leading_plus="true"/>
			<display_entry name="dBuffString" title_key="Cause Bleeding (Melee)" display_type="Percent"/>
			<display_entry name="dDuration" title_key="statDuration" display_type="Time"/>
		</item_display_info>
</append>
<!-- END NakedGator by stample -->


<!-- #################################### -->
<!-- START White River Tools of Citizenship - Remington's Steel Ammo by Based on Khaine's Steel Ammo, Quested by ShoudenKalferas -->
<!-- Website: https://github.com/XelaNull/XelaNull-7dtd-Modlets -->
<!-- Download URL: https://github.com/XelaNull/7DTD-WhiteRiver_ToC.git -->
	<append xpath="/ui_display_info/item_display">
		<item_display_info display_type="ammoBulletSteel" display_group="groupAmmo">
			<display_entry name="EntityDamage" title_key="statEntityDamageRanged"/>
			<display_entry name="BlockDamage" title_key="statBlockDamage"/>
			<display_entry name="DegradationPerUse" title_key="statDegradationPerUse" display_type="Percent" negative_preferred="true"/>
		</item_display_info>
	</append>
<!-- END White River Tools of Citizenship - Remington's Steel Ammo by Based on Khaine's Steel Ammo, Quested by ShoudenKalferas -->


<!-- #################################### -->
<!-- START more recieps by wolfbain5 -->
<!-- Download URL: https://github.com/wolfbain5/7dtd-a19/raw/master/more%20recipes.rar -->
<set xpath="/ui_display_info/item_display/item_display_info[@display_type='drinkYuccaSmoothie']/display_entry[@name='dHypothermalResist']/@title_key">statHyperthermalResist</set>
<!-- END more recieps by wolfbain5 -->


</configs>
