<Doughs>
  <!--
  ########## Add items to traders##########
  -->
  <!--
  Remove items from traders
  -->
  <remove xpath="/traders/trader_item_groups/trader_item_group[@name='traderGeneral']/item[@name='meleeToolFlashlight02']" />
  <remove xpath="/traders/trader_item_groups/trader_item_group[@name='modGunT1']/item[@name='modGunFlashlight']" />

  <!--
  Add new items to traders
  Keep the volume of items really low to encourage crafting
  -->
  <append xpath="/traders/trader_item_groups/trader_item_group[@name='generalResources']">
    <item name="doughsCellC" count="1,2" prob="0.02"/>
    <item name="doughsMeleeToolEmptyFlashlight" count="1,2" prob="0.05"/>
  </append>

  <append xpath="/traders/trader_item_groups/trader_item_group[@name='traderElectrical']">
    <item name="doughsCellC" count="1,2" prob="0.01"/>
    <item name="doughsResourceSmallBulb" count="1" prob="0.01"/>
  </append>
</Doughs>
