<configs>

<insertAfter xpath="/quests/quest[@id='tier2_buried_supplies']" >

	<quest id="tier1_stamplesDefenseQuests">
		<property name="name_key" value="challenge_stamplesDefenseQuests_Name"/>
		<property name="subtitle_key" value="challenge_stamplesDefenseQuests_SubtitleKey"/>
		<property name="description_key" value="challenge_stamplesDefenseQuests_Desc"/>
		<property name="icon" value="ui_game_symbol_quest"/>
		<property name="repeatable" value="true"/>
		<property name="category_key" value="challenge"/>
		<property name="offer_key" value="challenge_stamplesDefenseQuests_Offer"/>
		<property name="difficulty" value="easy"/>
		<property name="difficulty_tier" value="1"/>
		<property name="login_rally_reset" value="true"/>
		
		<property name="completiontype" value="TurnIn"/>
		<property name="completion_key" value="challenge_stamplesDefenseQuests_Completion"/>

		<objective type="RandomPOIGoto">
			<property name="phase" value="1"/>
			<property name="biome_filter_type" value="ExcludeBiome" />
			<property name="biome_filter" value="wasteland" />
			<property name="nav_object" value="quest" />
		</objective>
		
		<objective type="RallyPoint">
			<property name="phase" value="2"/>
			<property name="nav_object" value="rally" />
		</objective>
		
		<action type="SpawnEnemy" id="zombieBoe,zombieFemaleFat,zombieJoe,zombieJanitor,zombieMoe,zombieArlene,zombieLab,zombieDarlene,zombieMarlene,zombieYo,zombieSteve,zombieBusinessMan" value="5-7" phase="3"/>
		<objective type="ZombieKill" value="4" phase="3"/>
		<objective type="POIStayWithin">
			<property name="phase" value="3"/>
			<property name="radius" value="25"/>
		</objective>
		
		<action type="SpawnEnemy" id="zombieBoe,zombieFemaleFat,zombieJoe,zombieJanitor,zombieMoe,zombieArlene,zombieLab,zombieUtilityWorker,zombieSkateboarder,zombieCheerleader,zombieOldTimer" value="5-7" phase="4"/>
		<objective type="ZombieKill" value="4" phase="4"/>
		<objective type="POIStayWithin">
			<property name="phase" value="4"/>
			<property name="radius" value="25"/>
		</objective>
		
		<action type="SpawnEnemy" id="zombieFatHawaiian" value="1" phase="5"/>
		<action type="SpawnEnemy" id="zombieFemaleFat" value="1" phase="5"/>
		<action type="SpawnEnemy" id="zombieBurnt,zombieNurse,zombieFatHawaiian,zombieMaleHazmat,zombieUtilityWorker,zombieSkateboarder,zombieCheerleader,zombieOldTimer,zombieFarmer,zombieStripper" value="4-6" phase="5"/>
		<objective type="ZombieKill" value="6" phase="5"/>
		<objective type="POIStayWithin">
			<property name="phase" value="5"/>
			<property name="radius" value="25"/>
		</objective>
		
		<action type="SpawnEnemy" id="zombieMummyT1" value="1" phase="6"/>
		<objective type="ZombieKill" id="zombieMummyT1" value="1" phase="6"/>
		<objective type="POIStayWithin">
			<property name="phase" value="6"/>
			<property name="radius" value="25"/>
		</objective>
		
		<objective type="InteractWithNPC">
			<property name="phase" value="7"/>
		</objective>
		
		<reward type="Item" id="casinoCoin" value="800"/>

	</quest>
	
	<quest id="tier2_stamplesDefenseQuests">
		<property name="name_key" value="challenge_stamplesDefenseQuests_Name"/>
		<property name="subtitle_key" value="challenge_stamplesDefenseQuests_SubtitleKey"/>
		<property name="description_key" value="challenge_stamplesDefenseQuests_Desc"/>
		<property name="icon" value="ui_game_symbol_quest"/>
		<property name="repeatable" value="true"/>
		<property name="category_key" value="challenge"/>
		<property name="offer_key" value="challenge_stamplesDefenseQuests_Offer"/>
		<property name="difficulty" value="easy"/>
		<property name="difficulty_tier" value="1"/>
		<property name="login_rally_reset" value="true"/>
		
		<property name="completiontype" value="TurnIn"/>
		<property name="completion_key" value="challenge_stamplesDefenseQuests_Completion"/>

		<objective type="RandomPOIGoto">
			<property name="phase" value="1"/>
			<property name="biome_filter_type" value="ExcludeBiome" />
			<property name="biome_filter" value="wasteland" />
			<property name="nav_object" value="quest" />
		</objective>
		
		<objective type="RallyPoint">
			<property name="phase" value="2"/>
			<property name="nav_object" value="rally" />
		</objective>
		
		<action type="SpawnEnemy" id="zombieBoe,zombieFemaleFat,zombieJoe,zombieJanitor,zombieMoe,zombieArlene,zombieLab,zombieDarlene,zombieMarlene,zombieYo,zombieSteve,zombieBusinessMan" value="5-7" phase="3"/>
		<objective type="ZombieKill" value="4" phase="3"/>
		<objective type="POIStayWithin">
			<property name="phase" value="3"/>
			<property name="radius" value="25"/>
		</objective>
		
		<action type="SpawnEnemy" id="zombieBurnt,zombieNurse,zombieFatHawaiian,zombieMaleHazmat,zombieUtilityWorker,zombieSkateboarder,zombieCheerleader,zombieOldTimer,zombieFarmer,zombieStripper" value="5-7" phase="4"/>
		<objective type="ZombieKill" value="4" phase="4"/>
		<objective type="POIStayWithin">
			<property name="phase" value="4"/>
			<property name="radius" value="25"/>
		</objective>
		
		<action type="SpawnEnemy" id="zombieBiker" value="1" phase="5"/>
		<action type="SpawnEnemy" id="zombieSoldier" value="1" phase="5"/>
		<action type="SpawnEnemy" id="zombieJoe,zombieJanitor,zombieMoe,zombieArlene,zombieLab,zombieDarlene,zombieBurnt,zombieNurse,zombieFatHawaiian" value="4-6" phase="5"/>
		<objective type="ZombieKill" value="6" phase="5"/>
		<objective type="POIStayWithin">
			<property name="phase" value="5"/>
			<property name="radius" value="25"/>
		</objective>
		
		<action type="SpawnEnemy" id="zombieMummyT2" value="1" phase="6"/>
		<objective type="ZombieKill" id="zombieMummyT2" value="1" phase="6"/>
		<objective type="POIStayWithin">
			<property name="phase" value="6"/>
			<property name="radius" value="25"/>
		</objective>
		
		<objective type="InteractWithNPC">
			<property name="phase" value="7"/>
		</objective>
		
		<reward type="Item" id="casinoCoin" value="1000"/>

	</quest>
	
	<quest id="tier3_stamplesDefenseQuests">
		<property name="name_key" value="challenge_stamplesDefenseQuests_Name"/>
		<property name="subtitle_key" value="challenge_stamplesDefenseQuests_SubtitleKey"/>
		<property name="description_key" value="challenge_stamplesDefenseQuests_Desc"/>
		<property name="icon" value="ui_game_symbol_quest"/>
		<property name="repeatable" value="true"/>
		<property name="category_key" value="challenge"/>
		<property name="offer_key" value="challenge_stamplesDefenseQuestsFerals_Offer"/>
		<property name="difficulty" value="medium"/>
		<property name="difficulty_tier" value="2"/>
		<property name="login_rally_reset" value="true"/>
		
		<property name="completiontype" value="TurnIn"/>
		<property name="completion_key" value="challenge_stamplesDefenseQuests_Completion"/>

		<objective type="RandomPOIGoto">
			<property name="phase" value="1"/>
			<property name="biome_filter_type" value="ExcludeBiome" />
			<property name="biome_filter" value="wasteland" />
			<property name="nav_object" value="quest" />
		</objective>
		
		<objective type="RallyPoint">
			<property name="phase" value="2"/>
			<property name="nav_object" value="rally" />
		</objective>
		
		<action type="SpawnEnemy" id="zombieBoe,zombieFemaleFat,zombieJoe,zombieJanitor,zombieMoe,zombieArlene,zombieLab,zombieDarlene,zombieMarlene,zombieYo,zombieSteve,zombieBusinessMan" value="4-6" phase="3"/>
		<action type="SpawnEnemy" id="zombieStripperFeral,zombieFarmerFeral,zombieOldTimerFeral,zombieCheerleaderFeral,zombieSkateboarderFeral,zombieUtilityWorkerFeral,zombieFatHawaiianFeral,zombieNurseFeral,zombieSnowFeral,zombieYoFeral,zombieBusinessManFeral,zombieMarleneFeral,zombieMoeFeral,zombieDarleneFeral,zombieSteveFeral,zombieLabFeral,zombieJoeFeral,zombieJanitorFeral,zombieBoeFeral,zombieFemaleFatFeral,zombieArleneFeral" value="2-3" phase="3"/>
		<objective type="ZombieKill" value="5" phase="3"/>
		<objective type="POIStayWithin">
			<property name="phase" value="3"/>
			<property name="radius" value="25"/>
		</objective>
		
		<action type="SpawnEnemy" id="zombieBurnt,zombieNurse,zombieFatHawaiian,zombieMaleHazmat,zombieUtilityWorker,zombieSkateboarder,zombieCheerleader,zombieOldTimer,zombieFarmer,zombieStripper" value="5-7" phase="4"/>
		<action type="SpawnEnemy" id="zombieStripperFeral,zombieFarmerFeral,zombieOldTimerFeral,zombieCheerleaderFeral,zombieSkateboarderFeral,zombieUtilityWorkerFeral,zombieFatHawaiianFeral,zombieNurseFeral,zombieSnowFeral,zombieYoFeral,zombieBusinessManFeral,zombieMarleneFeral,zombieMoeFeral,zombieDarleneFeral,zombieSteveFeral,zombieLabFeral,zombieJoeFeral,zombieJanitorFeral,zombieBoeFeral,zombieFemaleFatFeral,zombieArleneFeral" value="2-4" phase="4"/>
		<objective type="ZombieKill" value="6" phase="4"/>
		<objective type="POIStayWithin">
			<property name="phase" value="4"/>
			<property name="radius" value="25"/>
		</objective>
		
		<action type="SpawnEnemy" id="zombieSpider,zombieFatCop,zombieFatCopFeral,animalZombieDog" value="1" phase="5"/>
		<action type="SpawnEnemy" id="zombieBurnt,zombieNurse,zombieFatHawaiian,zombieMaleHazmat,zombieUtilityWorker,zombieSkateboarder,zombieCheerleader,zombieOldTimer,zombieFarmer,zombieStripper" value="2-3" phase="5"/>
		<action type="SpawnEnemy" id="zombieStripperFeral,zombieFarmerFeral,zombieOldTimerFeral,zombieCheerleaderFeral,zombieSkateboarderFeral,zombieUtilityWorkerFeral,zombieFatHawaiianFeral,zombieNurseFeral,zombieSnowFeral,zombieYoFeral,zombieBusinessManFeral,zombieMarleneFeral,zombieMoeFeral,zombieDarleneFeral,zombieSteveFeral,zombieLabFeral,zombieJoeFeral,zombieJanitorFeral,zombieBoeFeral,zombieFemaleFatFeral,zombieArleneFeral" value="2-3" phase="5"/>
		<objective type="ZombieKill" value="5" phase="5"/>
		<objective type="POIStayWithin">
			<property name="phase" value="5"/>
			<property name="radius" value="25"/>
		</objective>
		
		<action type="SpawnEnemy" id="zombieMummyT3" value="1" phase="6"/>
		<objective type="ZombieKill" id="zombieMummyT3" value="1" phase="6"/>
		<objective type="POIStayWithin">
			<property name="phase" value="6"/>
			<property name="radius" value="25"/>
		</objective>
		
		<objective type="InteractWithNPC">
			<property name="phase" value="7"/>
		</objective>
		
		<reward type="Item" id="casinoCoin" value="1500"/>

	</quest>
	
	<quest id="tier4_stamplesDefenseQuests">
		<property name="name_key" value="challenge_stamplesDefenseQuests_Name"/>
		<property name="subtitle_key" value="challenge_stamplesDefenseQuests_SubtitleKey"/>
		<property name="description_key" value="challenge_stamplesDefenseQuests_Desc"/>
		<property name="icon" value="ui_game_symbol_quest"/>
		<property name="repeatable" value="true"/>
		<property name="category_key" value="challenge"/>
		<property name="offer_key" value="challenge_stamplesDefenseQuestsFerals_Offer"/>
		<property name="difficulty" value="hard"/>
		<property name="difficulty_tier" value="2"/>
		<property name="login_rally_reset" value="true"/>
		
		<property name="completiontype" value="TurnIn"/>
		<property name="completion_key" value="challenge_stamplesDefenseQuests_Completion"/>

		<objective type="RandomPOIGoto">
			<property name="phase" value="1"/>
			<property name="nav_object" value="quest" />
		</objective>
		
		<objective type="RallyPoint">
			<property name="phase" value="2"/>
			<property name="nav_object" value="rally" />
		</objective>
		
		<action type="SpawnEnemy" id="zombieBoe,zombieFemaleFat,zombieJoe,zombieJanitor,zombieMoe,zombieArlene,zombieLab,zombieDarlene,zombieMarlene,zombieYo,zombieSteve,zombieBusinessMan" value="2-3" phase="3"/>
		<action type="SpawnEnemy" id="zombieStripperFeral,zombieFarmerFeral,zombieOldTimerFeral,zombieCheerleaderFeral,zombieSkateboarderFeral,zombieUtilityWorkerFeral,zombieFatHawaiianFeral,zombieNurseFeral,zombieSnowFeral,zombieYoFeral,zombieBusinessManFeral,zombieMarleneFeral,zombieMoeFeral,zombieDarleneFeral,zombieSteveFeral,zombieLabFeral,zombieJoeFeral,zombieJanitorFeral,zombieBoeFeral,zombieFemaleFatFeral,zombieArleneFeral" value="3-4" phase="3"/>
		<objective type="ZombieKill" value="5" phase="3"/>
		<objective type="POIStayWithin">
			<property name="phase" value="3"/>
			<property name="radius" value="25"/>
		</objective>
		
		<action type="SpawnEnemy" id="zombieBurnt,zombieNurse,zombieFatHawaiian,zombieMaleHazmat,zombieUtilityWorker,zombieSkateboarder,zombieCheerleader,zombieOldTimer,zombieFarmer,zombieStripper" value="3" phase="4"/>
		<action type="SpawnEnemy" id="zombieStripperFeral,zombieFarmerFeral,zombieOldTimerFeral,zombieCheerleaderFeral,zombieSkateboarderFeral,zombieUtilityWorkerFeral,zombieFatHawaiianFeral,zombieNurseFeral,zombieSnowFeral,zombieYoFeral,zombieBusinessManFeral,zombieMarleneFeral,zombieMoeFeral,zombieDarleneFeral,zombieSteveFeral,zombieLabFeral,zombieJoeFeral,zombieJanitorFeral,zombieBoeFeral,zombieFemaleFatFeral,zombieArleneFeral" value="3" phase="4"/>
		<objective type="ZombieKill" value="5" phase="4"/>
		<objective type="POIStayWithin">
			<property name="phase" value="4"/>
			<property name="radius" value="25"/>
		</objective>
		
		<action type="SpawnEnemy" id="zombieWightFeral,zombieBikerFeral,zombieSoldierFeral,zombieSpiderFeral,zombieFatCopFeral" value="2" phase="5"/>
		<action type="SpawnEnemy" id="zombieBurnt,zombieNurse,zombieFatHawaiian,zombieMaleHazmat,zombieUtilityWorker,zombieSkateboarder,zombieCheerleader,zombieOldTimer,zombieFarmer,zombieStripper" value="2-3" phase="5"/>
		<action type="SpawnEnemy" id="zombieStripperFeral,zombieFarmerFeral,zombieOldTimerFeral,zombieCheerleaderFeral,zombieSkateboarderFeral,zombieUtilityWorkerFeral,zombieFatHawaiianFeral,zombieNurseFeral,zombieSnowFeral,zombieYoFeral,zombieBusinessManFeral,zombieMarleneFeral,zombieMoeFeral,zombieDarleneFeral,zombieSteveFeral,zombieLabFeral,zombieJoeFeral,zombieJanitorFeral,zombieBoeFeral,zombieFemaleFatFeral,zombieArleneFeral" value="2" phase="5"/>
		<objective type="ZombieKill" value="6" phase="5"/>
		<objective type="POIStayWithin">
			<property name="phase" value="5"/>
			<property name="radius" value="25"/>
		</objective>
		
		<action type="SpawnEnemy" id="zombieMummyT4" value="1" phase="6"/>
		<objective type="ZombieKill" id="zombieMummyT4" value="1" phase="6"/>
		<objective type="POIStayWithin">
			<property name="phase" value="6"/>
			<property name="radius" value="25"/>
		</objective>
		
		<objective type="InteractWithNPC">
			<property name="phase" value="7"/>
		</objective>
		
		<reward type="Item" id="casinoCoin" value="3000"/>

	</quest>
	
	<quest id="tier5_stamplesDefenseQuests">
		<property name="name_key" value="challenge_stamplesDefenseQuests_Name"/>
		<property name="subtitle_key" value="challenge_stamplesDefenseQuests_SubtitleKey"/>
		<property name="description_key" value="challenge_stamplesDefenseQuests_Desc"/>
		<property name="icon" value="ui_game_symbol_quest"/>
		<property name="repeatable" value="true"/>
		<property name="category_key" value="challenge"/>
		<property name="offer_key" value="challenge_stamplesDefenseQuestsRads_Offer"/>
		<property name="difficulty" value="hard"/>
		<property name="difficulty_tier" value="2"/>
		<property name="login_rally_reset" value="true"/>
		
		<property name="completiontype" value="TurnIn"/>
		<property name="completion_key" value="challenge_stamplesDefenseQuests_Completion"/>

		<objective type="RandomPOIGoto">
			<property name="phase" value="1"/>
			<property name="nav_object" value="quest" />
		</objective>
		
		<objective type="RallyPoint">
			<property name="phase" value="2"/>
			<property name="nav_object" value="rally" />
		</objective>
		
		<action type="SpawnEnemy" id="zombieBoe,zombieFemaleFat,zombieJoe,zombieJanitor,zombieMoe,zombieArlene,zombieLab,zombieDarlene,zombieMarlene,zombieYo,zombieSteve,zombieBusinessMan" value="2-4" phase="3"/>
		<action type="SpawnEnemy" id="zombieStripperFeral,zombieFarmerFeral,zombieOldTimerFeral,zombieCheerleaderFeral,zombieSkateboarderFeral,zombieUtilityWorkerFeral,zombieFatHawaiianFeral,zombieNurseFeral,zombieSnowFeral,zombieYoFeral,zombieBusinessManFeral,zombieMarleneFeral,zombieMoeFeral,zombieDarleneFeral,zombieSteveFeral,zombieLabFeral,zombieJoeFeral,zombieJanitorFeral,zombieBoeFeral,zombieFemaleFatFeral,zombieArleneFeral" value="3" phase="3"/>
		<action type="SpawnEnemy" id="zombieOldTimerRadiated,zombieCheerleaderRadiated,zombieSkateboarderRadiated,zombieMarleneRadiated,zombieSteveRadiated,zombieYoRadiated,zombieDarleneRadiated,zombieLabRadiated,zombieArleneRadiated,zombieMoeRadiated,zombieJanitorRadiated,zombieFemaleFatRadiated,zombieJoeRadiated,zombieBoeRadiated" value="1" phase="3"/>
		<objective type="ZombieKill" value="6" phase="3"/>
		<objective type="POIStayWithin">
			<property name="phase" value="3"/>
			<property name="radius" value="25"/>
		</objective>
		
		<action type="SpawnEnemy" id="zombieBurnt,zombieNurse,zombieFatHawaiian,zombieMaleHazmat,zombieUtilityWorker,zombieSkateboarder,zombieCheerleader,zombieOldTimer,zombieFarmer,zombieStripper" value="2-4" phase="4"/>
		<action type="SpawnEnemy" id="zombieStripperFeral,zombieFarmerFeral,zombieOldTimerFeral,zombieCheerleaderFeral,zombieSkateboarderFeral,zombieUtilityWorkerFeral,zombieFatHawaiianFeral,zombieNurseFeral,zombieSnowFeral,zombieYoFeral,zombieBusinessManFeral,zombieMarleneFeral,zombieMoeFeral,zombieDarleneFeral,zombieSteveFeral,zombieLabFeral,zombieJoeFeral,zombieJanitorFeral,zombieBoeFeral,zombieFemaleFatFeral,zombieArleneFeral" value="2-3" phase="4"/>
		<action type="SpawnEnemy" id="zombieOldTimerRadiated,zombieCheerleaderRadiated,zombieSkateboarderRadiated,zombieMarleneRadiated,zombieSteveRadiated,zombieYoRadiated,zombieDarleneRadiated,zombieLabRadiated,zombieArleneRadiated,zombieMoeRadiated,zombieJanitorRadiated,zombieFemaleFatRadiated,zombieJoeRadiated,zombieBoeRadiated" value="2" phase="4"/>
		<objective type="ZombieKill" value="6" phase="4"/>
		<objective type="POIStayWithin">
			<property name="phase" value="4"/>
			<property name="radius" value="25"/>
		</objective>
		
		<action type="SpawnEnemy" id="zombieWightRadiated,zombieBikerRadiated,zombieFatCopRadiated,zombieSpiderRadiated,zombieSoldierRadiated,zombieDemolition" value="4" phase="5"/>
		<action type="SpawnEnemy" id="zombieBurnt,zombieNurse,zombieFatHawaiian,zombieMaleHazmat,zombieUtilityWorker,zombieSkateboarder,zombieCheerleader,zombieOldTimer,zombieFarmer,zombieStripper" value="1-3" phase="5"/>
		<action type="SpawnEnemy" id="zombieOldTimerRadiated,zombieCheerleaderRadiated,zombieSkateboarderRadiated,zombieMarleneRadiated,zombieSteveRadiated,zombieYoRadiated,zombieDarleneRadiated,zombieLabRadiated,zombieArleneRadiated,zombieMoeRadiated,zombieJanitorRadiated,zombieFemaleFatRadiated,zombieJoeRadiated,zombieBoeRadiated" value="4" phase="5"/>
		<objective type="ZombieKill" value="7" phase="5"/>
		<objective type="POIStayWithin">
			<property name="phase" value="5"/>
			<property name="radius" value="25"/>
		</objective>
		
		<action type="SpawnEnemy" id="zombieMummyT5" value="1" phase="6"/>
		<action type="SpawnEnemy" id="zombieWightRadiated,zombieBikerRadiated,zombieFatCopRadiated,zombieSpiderRadiated,zombieSoldierRadiated,zombieDemolition" value="3" phase="6"/>
		<objective type="ZombieKill" id="zombieMummyT5" value="1" phase="6"/>
		<objective type="POIStayWithin">
			<property name="phase" value="6"/>
			<property name="radius" value="25"/>
		</objective>
		
		<objective type="InteractWithNPC">
			<property name="phase" value="7"/>
		</objective>
		
		<reward type="Item" id="casinoCoin" value="4500"/>

	</quest>
	
	<quest id="tier1_stamplesDefenseQuestsParent">
		<property name="name_key" value="stamplesDefenseQuestsParent_Name"/>
		<property name="subtitle_key" value="stamplesDefenseQuestsParent_SubtitleKey"/>
		<property name="description_key" value="stamplesDefenseQuestsParent_Desc"/>
		<property name="icon" value="ui_game_symbol_quest"/>
		<property name="repeatable" value="true"/>
		<property name="category_key" value="quest"/>
		<property name="difficulty" value="easy"/>
		<property name="offer_key" value="stamplesDefenseQuestsParent_Offer"/>
		<property name="statement_key" value="stamplesDefenseQuestsParent_Statement"/>
		<property name="response_key" value="stamplesDefenseQuestsParent_Response"/>
		<property name="difficulty_tier" value="1"/>
		
		<property name="completion_key" value="stamplesDefenseQuestsParent_Completion"/>
		<property name="completiontype" value="TurnIn"/>

		<action type="TrackQuest"/>

		<objective type="Craft">
			<property name="phase" value="1"/>
			<property name="item" value="stamplesSurviveQuests_T1_Receiver"/>
			<property name="count" value="1"/>
		</objective>
		
		<objective type="ZombieKill" id="zombieMummyT1" value="1" phase="2"/>
		
		<objective type="ReturnToNPC">
			<property name="phase" value="3"/>
			<property name="nav_object" value="return_to_trader" />
		</objective>

		<objective type="InteractWithNPC">
			<property name="phase" value="3"/>
			<property name="nav_object" value="return_to_trader" />
		</objective>

		<reward type="Exp" value="3000"/>
		<reward type="Item" id="casinoCoin" value="800"/>

		<reward type="LootItem" id="groupQuestAmmo" ischosen="true" value="1"/>
		<reward type="LootItem" id="groupQuestSchematics" ischosen="true" value="1"/>
		<reward type="LootItem" id="groupQuestMods" ischosen="true" value="1"/>
		<reward type="LootItem" id="groupQuestAmmo,groupQuestSchematics,groupQuestMods" ischosen="true" value="1"/>
		<reward type="LootItem" id="groupQuestAmmo,groupQuestSchematics,groupQuestMods" ischosen="true" value="1"/>
	</quest>
	
	<quest id="tier2_stamplesDefenseQuestsParent">
		<property name="name_key" value="stamplesDefenseQuestsParent_Name"/>
		<property name="subtitle_key" value="stamplesDefenseQuestsParent_SubtitleKey"/>
		<property name="description_key" value="stamplesDefenseQuestsParent_Desc"/>
		<property name="icon" value="ui_game_symbol_quest"/>
		<property name="repeatable" value="true"/>
		<property name="category_key" value="quest"/>
		<property name="difficulty" value="easy"/>
		<property name="offer_key" value="stamplesDefenseQuestsParent_Offer"/>
		<property name="statement_key" value="stamplesDefenseQuestsParent_Statement"/>
		<property name="response_key" value="stamplesDefenseQuestsParent_Response"/>
		<property name="difficulty_tier" value="2"/>
		
		<property name="completion_key" value="stamplesDefenseQuestsParent_Completion"/>
		<property name="completiontype" value="TurnIn"/>

		<action type="TrackQuest"/>

		<objective type="Craft">
			<property name="phase" value="1"/>
			<property name="item" value="stamplesSurviveQuests_T2_Receiver"/>
			<property name="count" value="1"/>
		</objective>
		
		<objective type="ZombieKill" id="zombieMummyT2" value="1" phase="2"/>
		
		<objective type="ReturnToNPC">
			<property name="phase" value="3"/>
			<property name="nav_object" value="return_to_trader" />
		</objective>

		<objective type="InteractWithNPC">
			<property name="phase" value="3"/>
			<property name="nav_object" value="return_to_trader" />
		</objective>

		<reward type="Exp" value="4500"/>
		<reward type="Item" id="casinoCoin" value="1350"/>

		<reward type="LootItem" id="groupQuestWeapons" ischosen="true" isfixed="true" value="2"/>
		<reward type="LootItem" id="groupQuestArmor,groupQuestMedical" ischosen="true" isfixed="true" value="2"/>
		<reward type="LootItem" id="groupQuestAmmo" ischosen="true" value="2"/>
		<reward type="LootItem" id="groupQuestTools" ischosen="true" value="2"/>
		<reward type="LootItem" id="groupQuestSchematics" ischosen="true" value="2"/>
		<reward type="LootItem" id="groupQuestMods" ischosen="true" value="2"/>
	</quest>
	
	<quest id="tier3_stamplesDefenseQuestsParent">
		<property name="name_key" value="stamplesDefenseQuestsParent_Name"/>
		<property name="subtitle_key" value="stamplesDefenseQuestsParent_SubtitleKey"/>
		<property name="description_key" value="stamplesDefenseQuestsParent_Desc"/>
		<property name="icon" value="ui_game_symbol_quest"/>
		<property name="repeatable" value="true"/>
		<property name="category_key" value="quest"/>
		<property name="difficulty" value="medium"/>
		<property name="offer_key" value="stamplesDefenseQuestsParent_Offer"/>
		<property name="statement_key" value="stamplesDefenseQuestsParent_Statement"/>
		<property name="response_key" value="stamplesDefenseQuestsParent_Response"/>
		<property name="difficulty_tier" value="3"/>
		
		<property name="completion_key" value="stamplesDefenseQuestsParent_Completion"/>
		<property name="completiontype" value="TurnIn"/>

		<action type="TrackQuest"/>

		<objective type="Craft">
			<property name="phase" value="1"/>
			<property name="item" value="stamplesSurviveQuests_T3_Receiver"/>
			<property name="count" value="1"/>
		</objective>
		
		<objective type="ZombieKill" id="zombieMummyT3" value="1" phase="2"/>
		
		<objective type="ReturnToNPC">
			<property name="phase" value="3"/>
			<property name="nav_object" value="return_to_trader" />
		</objective>

		<objective type="InteractWithNPC">
			<property name="phase" value="3"/>
			<property name="nav_object" value="return_to_trader" />
		</objective>

		<reward type="Exp" value="6000"/>
		<reward type="Item" id="casinoCoin" value="1800"/>

		<reward type="LootItem" id="groupQuestWeapons" ischosen="true" isfixed="true" value="3"/>
		<reward type="LootItem" id="groupQuestArmor,groupQuestMedical" ischosen="true" isfixed="true" value="3"/>
		<reward type="LootItem" id="groupQuestAmmo" ischosen="true" value="3"/>
		<reward type="LootItem" id="groupQuestTools" ischosen="true" value="3"/>
		<reward type="LootItem" id="groupQuestSchematics" ischosen="true" value="3"/>
		<reward type="LootItem" id="groupQuestMods" ischosen="true" value="3"/>
	</quest>
	
	<quest id="tier4_stamplesDefenseQuestsParent">
		<property name="name_key" value="stamplesDefenseQuestsParent_Name"/>
		<property name="subtitle_key" value="stamplesDefenseQuestsParent_SubtitleKey"/>
		<property name="description_key" value="stamplesDefenseQuestsParent_Desc"/>
		<property name="icon" value="ui_game_symbol_quest"/>
		<property name="repeatable" value="true"/>
		<property name="category_key" value="quest"/>
		<property name="difficulty" value="medium"/>
		<property name="offer_key" value="stamplesDefenseQuestsParent_Offer"/>
		<property name="statement_key" value="stamplesDefenseQuestsParent_Statement"/>
		<property name="response_key" value="stamplesDefenseQuestsParent_Response"/>
		<property name="difficulty_tier" value="4"/>
		
		<property name="completion_key" value="stamplesDefenseQuestsParent_Completion"/>
		<property name="completiontype" value="TurnIn"/>

		<action type="TrackQuest"/>

		<objective type="Craft">
			<property name="phase" value="1"/>
			<property name="item" value="stamplesSurviveQuests_T4_Receiver"/>
			<property name="count" value="1"/>
		</objective>
		
		<objective type="ZombieKill" id="zombieMummyT4" value="1" phase="2"/>
		
		<objective type="ReturnToNPC">
			<property name="phase" value="3"/>
			<property name="nav_object" value="return_to_trader" />
		</objective>

		<objective type="InteractWithNPC">
			<property name="phase" value="3"/>
			<property name="nav_object" value="return_to_trader" />
		</objective>

		<reward type="Exp" value="7500"/>
		<reward type="Item" id="casinoCoin" value="2040"/>

		<reward type="LootItem" id="groupQuestWeapons" ischosen="true" isfixed="true" value="4"/>
		<reward type="LootItem" id="groupQuestArmor,groupQuestMedical" ischosen="true" isfixed="true" value="4"/>
		<reward type="LootItem" id="groupQuestAmmo" ischosen="true" value="4"/>
		<reward type="LootItem" id="groupQuestTools" ischosen="true" value="4"/>
		<reward type="LootItem" id="groupQuestSchematics" ischosen="true" value="4"/>
		<reward type="LootItem" id="groupQuestMods" ischosen="true" value="4"/>
	</quest>
	
	<quest id="tier5_stamplesDefenseQuestsParent">
		<property name="name_key" value="stamplesDefenseQuestsParent_Name"/>
		<property name="subtitle_key" value="stamplesDefenseQuestsParent_SubtitleKey"/>
		<property name="description_key" value="stamplesDefenseQuestsParent_Desc"/>
		<property name="icon" value="ui_game_symbol_quest"/>
		<property name="repeatable" value="true"/>
		<property name="category_key" value="quest"/>
		<property name="difficulty" value="hard"/>
		<property name="offer_key" value="stamplesDefenseQuestsParent_Offer"/>
		<property name="statement_key" value="stamplesDefenseQuestsParent_Statement"/>
		<property name="response_key" value="stamplesDefenseQuestsParent_Response"/>
		<property name="difficulty_tier" value="5"/>
		
		<property name="completion_key" value="stamplesDefenseQuestsParent_Completion"/>
		<property name="completiontype" value="TurnIn"/>

		<action type="TrackQuest"/>

		<objective type="Craft">
			<property name="phase" value="1"/>
			<property name="item" value="stamplesSurviveQuests_T5_Receiver"/>
			<property name="count" value="1"/>
		</objective>
		
		<objective type="ZombieKill" id="zombieMummyT5" value="1" phase="2"/>
		
		<objective type="ReturnToNPC">
			<property name="phase" value="3"/>
			<property name="nav_object" value="return_to_trader" />
		</objective>

		<objective type="InteractWithNPC">
			<property name="phase" value="3"/>
			<property name="nav_object" value="return_to_trader" />
		</objective>

		<reward type="Exp" value="15000"/>
		<reward type="Item" id="casinoCoin" value="4080"/>

		<reward type="LootItem" id="groupQuestWeapons" ischosen="true" isfixed="true" value="5"/>
		<reward type="LootItem" id="groupQuestArmor,groupQuestMedical" ischosen="true" isfixed="true" value="5"/>
		<reward type="LootItem" id="groupQuestAmmo" ischosen="true" value="5"/>
		<reward type="LootItem" id="groupQuestTools" ischosen="true" value="5"/>
		<reward type="LootItem" id="groupQuestSchematics" ischosen="true" value="5"/>
		<reward type="LootItem" id="groupQuestMods" ischosen="true" value="5"/>
	</quest>
	
	
</insertAfter>

<append xpath="/quests/quest_list[@id='trader_quests']">
	<quest id="tier1_stamplesDefenseQuestsParent"/>
	<quest id="tier2_stamplesDefenseQuestsParent"/>
	<quest id="tier3_stamplesDefenseQuestsParent"/>
	<quest id="tier4_stamplesDefenseQuestsParent"/>
	<quest id="tier5_stamplesDefenseQuestsParent"/>
</append>

</configs>