<configs>
<insertAfter xpath="/items/item[@name='resourceSteelPolish']">

<item name="bookPyrokinesis"> 
	<property name="Extends" value="schematicMaster"/>
	<property name="CustomIcon" value="drinkJarYuccaCocktail"/>
	<property name="DescriptionKey" value="bookPyrokinesisDesc"/>
	<property name="CustomIconTint" value="50,213,255"/> <!-- bright cyan -->
	<property name="Stacknumber" value="20"/>
	<property name="EconomicValue" value="500"/>
	<property name="Unlocks" value="perkPyrokinesis"/>
	<property name="SellableToTrader" value="false"/>
	<property class="Action0">
		<property name="Class" value="Eat"/>
		<property name="Delay" value="1.0"/>
		<property name="Use_time" value="..."/>
		<property name="Sound_start" value="player_drinking"/>
	</property>
		
	<effect_group tiered="false">  <!-- Bad way increment the attribute, but I don't know a better way when they aren't real skills like books -->
		<requirement name="ProgressionLevel" progression_name="perkPyrokinesis" operation="Equals" value="0"/> <!-- bail out if they already have this mutation so duplicates don't raise your level.  This must be above the effect group that adds the perk. requirement PerksUnlocked only works on skill books! -->
			<triggered_effect trigger="onSelfPrimaryActionEnd" action="SetProgressionLevel" progression_name="attMutations" level="6">
			<requirement name="ProgressionLevel" progression_name="attMutations" operation="Equals" value="5"/></triggered_effect>
			<triggered_effect trigger="onSelfPrimaryActionEnd" action="SetProgressionLevel" progression_name="attMutations" level="5">
			<requirement name="ProgressionLevel" progression_name="attMutations" operation="Equals" value="4"/></triggered_effect>
			<triggered_effect trigger="onSelfPrimaryActionEnd" action="SetProgressionLevel" progression_name="attMutations" level="4">
			<requirement name="ProgressionLevel" progression_name="attMutations" operation="Equals" value="3"/></triggered_effect>
			<triggered_effect trigger="onSelfPrimaryActionEnd" action="SetProgressionLevel" progression_name="attMutations" level="3">
			<requirement name="ProgressionLevel" progression_name="attMutations" operation="Equals" value="2"/></triggered_effect>
			<triggered_effect trigger="onSelfPrimaryActionEnd" action="SetProgressionLevel" progression_name="attMutations" level="2">
			<requirement name="ProgressionLevel" progression_name="attMutations" operation="Equals" value="1"/></triggered_effect>
	</effect_group>	

	<effect_group tiered="false">
		<triggered_effect trigger="onSelfPrimaryActionEnd" action="SetProgressionLevel" progression_name="perkPyrokinesis" level="-1"/> <!-- level="-1" sets a perk to max level -->
		<triggered_effect trigger="onSelfPrimaryActionEnd" action="GiveExp" exp="50"/>
		<triggered_effect trigger="onSelfPrimaryActionEnd" action="PlaySound" sound="player#death" play_in_head="true"/>
	</effect_group>
</item>

<item name="bookUnnaturalSpeed"> 
	<property name="Extends" value="schematicMaster"/>
	<property name="CustomIcon" value="resourcePaint"/>
	<property name="DescriptionKey" value="bookUnnaturalSpeedDesc"/>
	<property name="CustomIconTint" value="50,222,31"/> <!-- green -->
	<property name="Stacknumber" value="20"/>
	<property name="EconomicValue" value="500"/>
	<property name="Unlocks" value="perkUnnaturalSpeed"/>
	<property name="SellableToTrader" value="false"/>
	<property class="Action0">
		<property name="Class" value="Eat"/>
		<property name="Delay" value="1.0"/>
		<property name="Use_time" value="..."/>
		<property name="Sound_start" value="player_blooddraw"/>
	</property>
			
	<effect_group tiered="false">  <!-- Bad way increment the attribute, but I can't find a better way when they aren't real skills like books.  PerksUnlocked does not work -->
		<requirement name="ProgressionLevel" progression_name="perkUnnaturalSpeed" operation="Equals" value="0"/> <!-- bail out if they already have this mutation so duplicates don't raise your level.  This must be above the effect group that adds the perk. requirement PerksUnlocked only works on skill books! -->			<triggered_effect trigger="onSelfPrimaryActionEnd" action="SetProgressionLevel" progression_name="attMutations" level="6">
			<requirement name="ProgressionLevel" progression_name="attMutations" operation="Equals" value="5"/></triggered_effect>
			<triggered_effect trigger="onSelfPrimaryActionEnd" action="SetProgressionLevel" progression_name="attMutations" level="5">
			<requirement name="ProgressionLevel" progression_name="attMutations" operation="Equals" value="4"/></triggered_effect>
			<triggered_effect trigger="onSelfPrimaryActionEnd" action="SetProgressionLevel" progression_name="attMutations" level="4">
			<requirement name="ProgressionLevel" progression_name="attMutations" operation="Equals" value="3"/></triggered_effect>
			<triggered_effect trigger="onSelfPrimaryActionEnd" action="SetProgressionLevel" progression_name="attMutations" level="3">
			<requirement name="ProgressionLevel" progression_name="attMutations" operation="Equals" value="2"/></triggered_effect>
			<triggered_effect trigger="onSelfPrimaryActionEnd" action="SetProgressionLevel" progression_name="attMutations" level="2">
			<requirement name="ProgressionLevel" progression_name="attMutations" operation="Equals" value="1"/></triggered_effect>
	</effect_group>	
	
	<effect_group tiered="false">
		<triggered_effect trigger="onSelfPrimaryActionEnd" action="SetProgressionLevel" progression_name="perkUnnaturalSpeed" level="-1"/> <!-- level="-1" sets a perk to max level -->
		<triggered_effect trigger="onSelfPrimaryActionEnd" action="GiveExp" exp="50"/>
		<triggered_effect trigger="onSelfPrimaryActionEnd" action="PlaySound" sound="player#painsm" play_in_head="true"/>
	</effect_group>
</item>

<item name="bookBerserker"> 
	<property name="Extends" value="schematicMaster"/>
	<property name="CustomIcon" value="resourceTestosteroneExtract"/>
	<property name="DescriptionKey" value="bookBerserkerDesc"/>
	<property name="CustomIconTint" value="140,34,5"/> <!-- deep red -->
	<property name="Stacknumber" value="20"/>
	<property name="EconomicValue" value="500"/>
	<property name="Unlocks" value="perkBerserker"/>
	<property name="SellableToTrader" value="false"/>
	<property class="Action0">
		<property name="Class" value="Eat"/>
		<property name="Delay" value="1.0"/>
		<property name="Use_time" value="..."/>
		<property name="Sound_start" value="player_firstAidKit"/>
	</property>
			
	<effect_group tiered="false">  <!-- Bad way increment the attribute, but I don't know a better way when they aren't real skills like books -->
		<requirement name="ProgressionLevel" progression_name="perkBerserker" operation="Equals" value="0"/> <!-- bail out if they already have this mutation so duplicates don't raise your level.  This must be above the effect group that adds the perk. requirement PerksUnlocked only works on skill books! -->			
			<triggered_effect trigger="onSelfPrimaryActionEnd" action="SetProgressionLevel" progression_name="attMutations" level="6">
			<requirement name="ProgressionLevel" progression_name="attMutations" operation="Equals" value="5"/></triggered_effect>
			<triggered_effect trigger="onSelfPrimaryActionEnd" action="SetProgressionLevel" progression_name="attMutations" level="5">
			<requirement name="ProgressionLevel" progression_name="attMutations" operation="Equals" value="4"/></triggered_effect>
			<triggered_effect trigger="onSelfPrimaryActionEnd" action="SetProgressionLevel" progression_name="attMutations" level="4">
			<requirement name="ProgressionLevel" progression_name="attMutations" operation="Equals" value="3"/></triggered_effect>
			<triggered_effect trigger="onSelfPrimaryActionEnd" action="SetProgressionLevel" progression_name="attMutations" level="3">
			<requirement name="ProgressionLevel" progression_name="attMutations" operation="Equals" value="2"/></triggered_effect>
			<triggered_effect trigger="onSelfPrimaryActionEnd" action="SetProgressionLevel" progression_name="attMutations" level="2">
			<requirement name="ProgressionLevel" progression_name="attMutations" operation="Equals" value="1"/></triggered_effect>
	</effect_group>	

	<effect_group tiered="false">
		<triggered_effect trigger="onSelfPrimaryActionEnd" action="SetProgressionLevel" progression_name="perkBerserker" level="-1"/> <!-- level="-1" sets a perk to max level -->
		<triggered_effect trigger="onSelfPrimaryActionEnd" action="GiveExp" exp="50"/>
		<triggered_effect trigger="onSelfPrimaryActionEnd" action="PlaySound" sound="player#death" play_in_head="true"/>
	</effect_group>
</item>

<item name="bookZanshin"> 
	<property name="Extends" value="schematicMaster"/>
	<property name="CustomIcon" value="drugSteroids"/>
	<property name="DescriptionKey" value="bookZanshinDesc"/>
	<property name="CustomIconTint" value="239,236,43"/> <!-- yellow -->
	<property name="Stacknumber" value="20"/>
	<property name="EconomicValue" value="500"/>
	<property name="Unlocks" value="perkZanshin"/>
	<property name="SellableToTrader" value="false"/>
	<property class="Action0">
		<property name="Class" value="Eat"/>
		<property name="Delay" value="1.0"/>
		<property name="Use_time" value="..."/>
		<property name="Sound_start" value="player_firstAidKit"/>
	</property>
			
	<effect_group tiered="false">  <!-- Bad way increment the attribute, but I don't know a better way when they aren't real skills like books -->
		<requirement name="ProgressionLevel" progression_name="perkZanshin" operation="Equals" value="0"/> <!-- bail out if they already have this mutation so duplicates don't raise your level.  This must be above the effect group that adds the perk. requirement PerksUnlocked only works on skill books! -->			
			<triggered_effect trigger="onSelfPrimaryActionEnd" action="SetProgressionLevel" progression_name="attMutations" level="6">
			<requirement name="ProgressionLevel" progression_name="attMutations" operation="Equals" value="5"/></triggered_effect>
			<triggered_effect trigger="onSelfPrimaryActionEnd" action="SetProgressionLevel" progression_name="attMutations" level="5">
			<requirement name="ProgressionLevel" progression_name="attMutations" operation="Equals" value="4"/></triggered_effect>
			<triggered_effect trigger="onSelfPrimaryActionEnd" action="SetProgressionLevel" progression_name="attMutations" level="4">
			<requirement name="ProgressionLevel" progression_name="attMutations" operation="Equals" value="3"/></triggered_effect>
			<triggered_effect trigger="onSelfPrimaryActionEnd" action="SetProgressionLevel" progression_name="attMutations" level="3">
			<requirement name="ProgressionLevel" progression_name="attMutations" operation="Equals" value="2"/></triggered_effect>
			<triggered_effect trigger="onSelfPrimaryActionEnd" action="SetProgressionLevel" progression_name="attMutations" level="2">
			<requirement name="ProgressionLevel" progression_name="attMutations" operation="Equals" value="1"/></triggered_effect>
	</effect_group>	

	<effect_group tiered="false">
		<triggered_effect trigger="onSelfPrimaryActionEnd" action="SetProgressionLevel" progression_name="perkZanshin" level="-1"/> <!-- level="-1" sets a perk to max level -->
		<triggered_effect trigger="onSelfPrimaryActionEnd" action="GiveExp" exp="50"/>
		<triggered_effect trigger="onSelfPrimaryActionEnd" action="PlaySound" sound="player#death" play_in_head="true"/>
	</effect_group>
</item>

<item name="bookNaturalArmor"> 
	<property name="Extends" value="schematicMaster"/>
	<property name="CustomIcon" value="drugSteroids"/>
	<property name="DescriptionKey" value="bookNaturalArmorDesc"/>
	<property name="CustomIconTint" value="168,0,230"/> <!-- purple -->
	<property name="Stacknumber" value="20"/>
	<property name="EconomicValue" value="500"/>
	<property name="Unlocks" value="perkNaturalArmor"/>
	<property name="SellableToTrader" value="false"/>
	<property class="Action0">
		<property name="Class" value="Eat"/>
		<property name="Delay" value="1.0"/>
		<property name="Use_time" value="..."/>
		<property name="Sound_start" value="player_firstAidKit"/>
	</property>
	
	<effect_group tiered="false">  <!-- Bad way increment the attribute, but I don't know a better way when they aren't real skills like books -->
		<requirement name="ProgressionLevel" progression_name="perkNaturalArmor" operation="Equals" value="0"/> <!-- bail out if they already have this mutation so duplicates don't raise your level.  This must be above the effect group that adds the perk. requirement PerksUnlocked only works on skill books! -->
			<triggered_effect trigger="onSelfPrimaryActionEnd" action="SetProgressionLevel" progression_name="attMutations" level="6">
			<requirement name="ProgressionLevel" progression_name="attMutations" operation="Equals" value="5"/></triggered_effect>
			<triggered_effect trigger="onSelfPrimaryActionEnd" action="SetProgressionLevel" progression_name="attMutations" level="5">
			<requirement name="ProgressionLevel" progression_name="attMutations" operation="Equals" value="4"/></triggered_effect>
			<triggered_effect trigger="onSelfPrimaryActionEnd" action="SetProgressionLevel" progression_name="attMutations" level="4">
			<requirement name="ProgressionLevel" progression_name="attMutations" operation="Equals" value="3"/></triggered_effect>
			<triggered_effect trigger="onSelfPrimaryActionEnd" action="SetProgressionLevel" progression_name="attMutations" level="3">
			<requirement name="ProgressionLevel" progression_name="attMutations" operation="Equals" value="2"/></triggered_effect>
			<triggered_effect trigger="onSelfPrimaryActionEnd" action="SetProgressionLevel" progression_name="attMutations" level="2">
			<requirement name="ProgressionLevel" progression_name="attMutations" operation="Equals" value="1"/></triggered_effect>
	</effect_group>	
	
	<effect_group tiered="false"> <!-- Add the mutation perk -->
		<triggered_effect trigger="onSelfPrimaryActionEnd" action="SetProgressionLevel" progression_name="perkNaturalArmor" level="-1"/> <!-- level="-1" sets a perk to max level -->
		<triggered_effect trigger="onSelfPrimaryActionEnd" action="GiveExp" exp="50"/>
		<triggered_effect trigger="onSelfPrimaryActionEnd" action="PlaySound" sound="player#painlg" play_in_head="true"/>
	</effect_group>

</item>

<item name="MutantCoyoteParts"> <!-- quest item -->
	<property name="HoldType" value="31"/>
	<property name="CustomIcon" value="foodRawMeat"/>
	<property name="CustomIconTint" value="20,65,30"/>
	<property name="Meshfile" value="#Other/Items?Misc/parcelPrefab.prefab"/>
	<property name="DropMeshfile" value="#Other/Items?Misc/sack_droppedPrefab.prefab"/>
	<property name="Weight" value="1"/>
	<property name="Material" value="MfoodRawMeat"/>
	<property name="Stacknumber" value="1"/> <!-- STK resource -->
	<property name="EconomicValue" value="5"/>
	<property name="EconomicBundleSize" value="1"/>
	<property name="SellableToTrader" value="false"/>
</item>

<item name="MutantBearParts"> <!-- quest item -->
	<property name="HoldType" value="31"/>
	<property name="CustomIcon" value="foodRawMeat"/>
	<property name="CustomIconTint" value="20,65,30"/>
	<property name="Meshfile" value="#Other/Items?Misc/parcelPrefab.prefab"/>
	<property name="DropMeshfile" value="#Other/Items?Misc/sack_droppedPrefab.prefab"/>
	<property name="Weight" value="1"/>
	<property name="Material" value="MfoodRawMeat"/>
	<property name="Stacknumber" value="1"/> <!-- STK resource -->
	<property name="EconomicValue" value="5"/>
	<property name="EconomicBundleSize" value="1"/>
	<property name="SellableToTrader" value="false"/>
</item>

<item name="MutantCatParts"> <!-- quest item -->
	<property name="HoldType" value="31"/>
	<property name="CustomIcon" value="foodRawMeat"/>
	<property name="CustomIconTint" value="20,65,30"/>
	<property name="Meshfile" value="#Other/Items?Misc/parcelPrefab.prefab"/>
	<property name="DropMeshfile" value="#Other/Items?Misc/sack_droppedPrefab.prefab"/>
	<property name="Weight" value="1"/>
	<property name="Material" value="MfoodRawMeat"/>
	<property name="Stacknumber" value="1"/> <!-- STK resource -->
	<property name="EconomicValue" value="5"/>
	<property name="EconomicBundleSize" value="1"/>
	<property name="SellableToTrader" value="false"/>
</item>

<item name="MutantDireWolfParts"> <!-- quest item -->
	<property name="HoldType" value="31"/>
	<property name="CustomIcon" value="foodRawMeat"/>
	<property name="CustomIconTint" value="20,65,30"/>
	<property name="Meshfile" value="#Other/Items?Misc/parcelPrefab.prefab"/>
	<property name="DropMeshfile" value="#Other/Items?Misc/sack_droppedPrefab.prefab"/>
	<property name="Weight" value="1"/>
	<property name="Material" value="MfoodRawMeat"/>
	<property name="Stacknumber" value="1"/> <!-- STK resource -->
	<property name="EconomicValue" value="5"/>
	<property name="EconomicBundleSize" value="1"/>
	<property name="SellableToTrader" value="false"/>
</item>

<item name="MutantBoarParts"> <!-- quest item -->
	<property name="HoldType" value="31"/>
	<property name="CustomIcon" value="foodRawMeat"/>
	<property name="CustomIconTint" value="20,65,30"/>
	<property name="Meshfile" value="#Other/Items?Misc/parcelPrefab.prefab"/>
	<property name="DropMeshfile" value="#Other/Items?Misc/sack_droppedPrefab.prefab"/>
	<property name="Weight" value="1"/>
	<property name="Material" value="MfoodRawMeat"/>
	<property name="Stacknumber" value="1"/> <!-- STK resource -->
	<property name="EconomicValue" value="5"/>
	<property name="EconomicBundleSize" value="1"/>
	<property name="SellableToTrader" value="false"/>
</item>

<item name="resourceMutagen"> <!-- quest item -->
	<property name="HoldType" value="31"/>
	<property name="CustomIcon" value="cntBarrelAcidSingle00"/>
	<property name="Meshfile" value="#Other/Items?Misc/parcelPrefab.prefab"/>
	<property name="DropMeshfile" value="#Other/Items?Misc/sack_droppedPrefab.prefab"/>
	<property name="Weight" value="1"/>
	<property name="Material" value="MfoodRawMeat"/>
	<property name="Stacknumber" value="10"/> <!-- STK resource -->
	<property name="EconomicValue" value="5"/>
	<property name="EconomicBundleSize" value="1"/>
	<property name="SellableToTrader" value="false"/>
</item>

<item name="qc_challenge_mutantBear"> <!-- Rumor: Quest giver -->
	<property name="Extends" value="challengeQuestMaster"/>
	<property name="EconomicValue" value="10000"/>
	<property name="DescriptionKey" value="qc_MutantBountyGroupDesc"/>
	<property class="Action0">
		<property name="UseAnimation" value="false"/>
		<property name="QuestGiven" value="challenge_mutantBear_1of3"/>  <!--   challenge_mutantBear -->
	</property>
</item>

<item name="qc_challenge_mutantBoar"> <!-- Rumor: Quest giver -->
	<property name="Extends" value="challengeQuestMaster"/>
	<property name="EconomicValue" value="10000"/>
	<property name="DescriptionKey" value="qc_MutantBountyGroupDesc"/>
	<property class="Action0">
		<property name="UseAnimation" value="false"/>
		<property name="QuestGiven" value="challenge_mutantBoar_1of3"/>
	</property>
</item>

<item name="qc_challenge_mutantDireWolf"> <!-- Rumor: Quest giver -->
	<property name="Extends" value="challengeQuestMaster"/>
	<property name="EconomicValue" value="10000"/>
	<property name="DescriptionKey" value="qc_MutantBountyGroupDesc"/>
	<property class="Action0">
		<property name="UseAnimation" value="false"/>
		<property name="QuestGiven" value="challenge_mutantDireWolf_1of3"/>
	</property>
</item>

<item name="qc_challenge_mutantCat"> <!-- Rumor: Quest giver -->
	<property name="Extends" value="challengeQuestMaster"/>
	<property name="EconomicValue" value="10000"/>
	<property name="DescriptionKey" value="qc_MutantBountyGroupDesc"/>
	<property class="Action0">
		<property name="UseAnimation" value="false"/>
		<property name="QuestGiven" value="challenge_mutantCat_1of3"/>
	</property>
</item>

<item name="qc_challenge_mutantCoyote"> <!-- Rumor: Quest giver -->
	<property name="Extends" value="challengeQuestMaster"/>
	<property name="EconomicValue" value="10000"/>
	<property name="DescriptionKey" value="qc_MutantBountyGroupDesc"/>
	<property class="Action0">
		<property name="UseAnimation" value="false"/>
		<property name="QuestGiven" value="challenge_mutantCoyote_1of3"/>
	</property>
</item>

<item name="resourceUnpoweredHomingBeacon"> <!-- quest item -->
	<property name="HoldType" value="31"/>
	<property name="DescriptionKey" value="resourceUnpoweredHomingBeaconDesc"/>
	<property name="CustomIcon" value="controlPanelTop02"/>
	<property name="Meshfile" value="#Other/Items?Misc/parcelPrefab.prefab"/>
	<property name="DropMeshfile" value="#Other/Items?Misc/sack_droppedPrefab.prefab"/>
	<property name="Weight" value="1"/>
	<property name="Material" value="Mmetal"/>
	<property name="Stacknumber" value="1"/> <!-- STK resource -->
	<property name="EconomicValue" value="1"/>
	<property name="EconomicBundleSize" value="1"/>
	<property name="SellableToTrader" value="false"/>
</item>

<item name="qc_HomingBeacon"> <!-- Mutagen Quest giver -->
	<property name="Extends" value="challengeQuestMaster"/>
	<property name="DescriptionKey" value="qc_HomingBeaconDesc"/>
	<property name="CustomIcon" value="controlPanelTop02"/>
	<property name="Meshfile" value="#Other/Items?Misc/parcelPrefab.prefab"/>
	<property name="DropMeshfile" value="#Other/Items?Misc/sack_droppedPrefab.prefab"/>
	<property name="Stacknumber" value="1"/> <!-- STK resource -->
	<property name="Material" value="Mmetal"/>
	<property name="EconomicValue" value="1"/>
	<property name="EconomicBundleSize" value="1"/>
	<property name="SellableToTrader" value="false"/>
	<property class="Action0">
		<property name="UseAnimation" value="false"/>
		<property name="QuestGiven" value="mutagen_fetch_clear"/>
	</property>
</item>

<item name="meleePyrofocus">
	<property name="Tags" value="melee,grunting,light,attIntellect,perkPyrokinesis,longShaft"/>
	<property name="Material" value="MresourceRockSmall"/>
	<property name="Meshfile" value="#Other/Items?Crafting/rock_smallPrefab.prefab"/>
	<property name="CustomIcon" value="resourceClayLump"/> <property name="CustomIconTint" value="140,34,5"/>
	<property name="HoldType" value="13"/>
	<property name="RepairTools" value="MresourceRockSmall"/>
	<property name="DegradationBreaksAfter" value="false"/>
	<property name="SoundJammed" value="ItemNeedsRepair"/>
	<property name="SoundDestroy" value="metaldestroy1"/>
	<property name="DisplayType" value="melee"/>
	<property name="Canhold" value="true"/>
	<!-- <property name="FuelValue" value="0"/> -->
	<property name="EconomicValue" value="0"/>
	<property name="Group" value="Ammo/Weapons"/>
	<property name="ShowQuality" value="false"/>

	<property class="Action0">
		<property name="Class" value="DynamicMelee"/>
		<property name="Sphere" value=".15"/>   <!-- limit to 0.15, else the sphere cast can overlap the target already -->

		<property name="UseGrazingHits" value="true"/>
		<property name="GrazeStart" value=".35"/>
		<property name="GrazeEnd" value=".4"/>
		<property name="SwingDegrees" value="30"/>
		<property name="SwingAngle" value="90"/>
		
		<property name="Sound_start" value="torch_swoosh"/>
	</property>
	<property class="Action1"> 	
	
		<property name="Class" value="DynamicMelee"/>
		<property name="Sphere" value=".15"/> 

		<property name="UseGrazingHits" value="true"/>
		<property name="GrazeStart" value=".35"/>
		<property name="GrazeEnd" value=".4"/>
		<property name="SwingDegrees" value="30"/>
		<property name="SwingAngle" value="90"/>
		
	</property>
	<effect_group name="meleeWpnPyroFocus">
		<passive_effect name="EntityDamage" operation="base_set" value="10"/>
		<passive_effect name="BlockDamage" operation="base_set" value="10"/>
		<passive_effect name="AttacksPerMinute" operation="base_set" value="100"/>
		<passive_effect name="StaminaLoss" operation="base_set" value="50"/>
		<passive_effect name="DegradationMax" operation="base_set" value="300" tier="1"/>
		<passive_effect name="DegradationPerUse" operation="base_set" value="1"/>
		<passive_effect name="MaxRange" operation="base_set" value="2.0"/>
		<passive_effect name="BlockRange" operation="base_set" value="3"/>
	</effect_group>
</item>

<item name="meleeHandAnimalMutantWolf">
	<property name="Extends" value="meleeHandMaster"/>
	<property name="CreativeMode" value="None"/>
	<property name="HoldType" value="46"/>
	<property class="Action0">
		<property name="Delay" value="1.5"/> <!-- obsolete if rounds per minute exists -->
		<property name="Range" value="3.6"/>
		<property name="Sphere" value=".3"/>
		<property name="DamageEntity" value="20"/>
		<property name="DamageBlock" value="20"/>
	</property>
	<effect_group name="meleeHandAnimalMutantWolf" tiered="false">
		<passive_effect name="ModSlots" operation="base_set" value="0"/>
		<!--<passive_effect name="AttacksPerMinute" operation="base_set" value="40"/>  A16 1.5 -->
		<triggered_effect trigger="onSelfAttackedOther" action="AddBuff" target="other" fireOneBuff="true"
			buff="buffMutantWolfBite1,buffMutantWolfBite2,buffMutantWolfBite3,buffMutantWolfBite4"
			weights=".25,.25,.25,.25"/>
	</effect_group>
</item>

<item name="meleeHandAnimalMutantCoyote">
	<property name="Extends" value="meleeHandMaster"/>
	<property name="CreativeMode" value="None"/>
	<property name="HoldType" value="46"/>
	<property class="Action0">
		<property name="Delay" value="1.5"/> <!-- obsolete if rounds per minute exists -->
		<property name="Range" value="3.6"/>
		<property name="Sphere" value=".3"/>
		<property name="DamageEntity" value="10"/>
		<property name="DamageBlock" value="30"/>
	</property>
	<effect_group name="meleeHandAnimalMutantWolf" tiered="false">
		<passive_effect name="ModSlots" operation="base_set" value="0"/>
		<!--<passive_effect name="AttacksPerMinute" operation="base_set" value="40"/>  A16 1.5 -->
		<triggered_effect trigger="onSelfAttackedOther" action="AddBuff" target="other" buff="buffBurningElement"/>
	</effect_group>
</item>

</insertAfter>
</configs>


