<configs>
	<append xpath="/recipes">
		<recipe name="questitem_toc_declaration_name" count="1" craft_time = "1" craft_exp_gain="0" >
			<ingredient name="resourcePaper" count="1"/>
		</recipe>
		<recipe name="questitem_toc_veteranquest_name" count="1" craft_time = "120" craft_exp_gain="10000" >
			<ingredient name="questitem_toc_citizencard_name" count="1"/>
			<ingredient name="resourcePaper" count="1"/>
		</recipe>	
		<recipe name="questitem_toc_elitequest_name" count="1" craft_time="240" craft_exp_gain="12000" >
			<ingredient name="questitem_toc_veterancard_name" count="1"/>
			<ingredient name="resourcePaper" count="1"/>
		</recipe>		
		<recipe name="questitem_toc_randomelite_name" count="1" craft_time="600" craft_exp_gain="8000" >
			<ingredient name="questitem_toc_veterancard_name" count="4"/>
			<ingredient name="resourcePaper" count="1"/>
		</recipe>		
	</append>
</configs>