<configs>
	<append xpath="/items">

		<item name="questitem_toc_taza_name"> 
			<property name="DescriptionKey" value="questitem_toc_taza_description"/>						
			<property name="CustomIcon" value="challengeQuestMaster"/>
			<property name="CustomIconTint" value="ddccbe"/>
			<property name="Extends" value="questMaster"/>
			<property name="Material" value="MresourcePaper"/>
			<property class="Action0">
				<property name="Class" value="Quest"/>
				<property name="QuestGiven" value="+Quest For Taza's Axe"/>
				<property name="Delay" value="0"/>
			</property>			
			<property name="Group" value="Special Items"/>			
		</item>	
		<item name="questwrit_toc_taza_name">
			<property name="DescriptionKey" value="questwrit_toc_taza_description"/>						
			<property name="CustomIcon" value="questMaster"/>
			<property name="CustomIconTint" value="c0c0c0"/>
			<property name="Extends" value="resourcePaper"/>
			<property name="Material" value="MresourcePaper"/>
			<property name="Stacknumber" value="1"/>
			<property name="NoScrapping" value="true"/>
			<property name="Group" value="Special Items"/>
			<property name="SellableToTrader" value="false"/>	
			<property class="Action0">
				<property name="Class" value="Quest"/>
				<property name="QuestGiven" value="+Reward of Taza's Axe"/>
				<property name="Delay" value="0"/>
			</property>			
			<property name="Group" value="Special Items"/>	
		</item>			
		
		<item name="vetquestitem_toc_taza_name"> 
			<property name="DescriptionKey" value="vetquestitem_toc_taza_description"/>									
			<property name="CustomIcon" value="challengeQuestMaster"/>
			<property name="CustomIconTint" value="ddccbe"/>
			<property name="Extends" value="questMaster"/>
			<property name="Material" value="MresourcePaper"/>
			<property class="Action0">
				<property name="Class" value="Quest"/>
				<property name="QuestGiven" value="+Vet. Quest For Taza's Axe"/>
				<property name="Delay" value="0"/>
			</property>			
			<property name="Group" value="Special Items"/>			
		</item>	
		<item name="vetquestwrit_toc_taza_name">
			<property name="DescriptionKey" value="vetquestwrit_toc_taza_description"/>									
			<property name="CustomIcon" value="questMaster"/> 
			<property name="CustomIconTint" value="d4af37"/>
			<property name="Extends" value="resourcePaper"/>
			<property name="Material" value="MresourcePaper"/>
			<property name="Stacknumber" value="1"/>
			<property name="NoScrapping" value="true"/>
			<property name="SellableToTrader" value="false"/>
			<property name="Group" value="Special Items"/>
			<property class="Action0">
				<property name="Class" value="Quest"/>
				<property name="QuestGiven" value="+Veteran Reward of Taza's Axe"/>
				<property name="Delay" value="0"/>
			</property>		
		</item>
	</append>
	
	<!-- Code to Make Taza's Axe MORE Awesome -->
	<!--
	<set xpath="/items/item[@name='meleeToolRepairT0TazasStoneAxe']/effect_group[@name='meleeToolRepairT0TazasStoneAxe']/passive_effect[@name='BlockDamage']/@value">26</set>
-->
	<!--
	<item name="meleeToolRepairT0TazasStoneAxe">
		<effect_group name="meleeToolRepairT0TazasStoneAxe">
			<passive_effect name="BlockRange" operation="base_set" value="3"/>
	-->
	
	<!--
	<set xpath="/items/item[@name='meleeToolRepairT0TazasStoneAxe']/effect_group[@name='meleeToolRepairT0TazasStoneAxe']/passive_effect[@name='AttacksPerMinute']/@value">120</set>
	<set xpath="/items/item[@name='meleeToolRepairT0TazasStoneAxe']/effect_group[@name='meleeToolRepairT0TazasStoneAxe']/passive_effect[@name='StaminaLoss']/@value">7</set>
-->
	<set xpath="/items/item[@name='meleeToolRepairT0TazasStoneAxe']/effect_group[@name='meleeToolRepairT0TazasStoneAxe']/passive_effect[@name='BlockRange']/@value">4</set>
	
	
</configs>