<configs>
	<append xpath="/blocks">
		<!-- Create the blocks for the Sealed Citizen Crate & Citizen Crate items -->
		<block name="questblock_toc_bambicrate_name">
			<property name="DescriptionKey" value="questblock_toc_bambicrate_desc"/>						
			<property name="CustomIcon" value="cntShippingCrateHero"/>
			<property name="CustomIconTint" value="ffffb3"/>
			<property name="Extends" value="cntShippingCrateHero"/>
			<property name="DowngradeBlock" value="+Bambi's Veteran Crate"/>
			<property name="FilterTags" value="floot"/>
		</block>	
		<block name="+Bambi's Veteran Crate">
			<property name="CustomIcon" value="cntCardboardBox"/>
			<property name="CustomIconTint" value="333333"/>
			<property name="Extends" value="cntGarageStorage"/>
			<property name="LootList" value="355"/>
		</block>	
		<block name="questblock_toc_bambielitecrate_name">
			<property name="DescriptionKey" value="questblock_toc_bambielitecrate_desc"/>						
			<property name="CustomIcon" value="cntShippingCrateHero"/>
			<property name="CustomIconTint" value="ffffb3"/>
			<property name="Extends" value="cntShippingCrateHero"/>
			<property name="DowngradeBlock" value="+Forest Prince Elite Crate"/>
			<property name="FilterTags" value="floot"/>
		</block>	
		<block name="+Forest Prince Elite Crate">
			<property name="CustomIcon" value="cntCardboardBox"/>
			<property name="CustomIconTint" value="333333"/>
			<property name="Extends" value="cntGarageStorage"/>
			<property name="LootList" value="355"/>
		</block>
	</append>	
</configs>	
	
