<configs>
<!-- #################################### -->
<!-- START 60Slot_Bag_30Reserve by ShoudenKalferas, Based on Khaine's 60BBM -->
<!-- Website: https://github.com/XelaNull/7dtd-Modlets.git -->
<!-- Download URL: https://github.com/XelaNull/7DTD-Bag_Bellows_Headshot/trunk/60Slot_Bag_30Reserve -->
	<set xpath="/buffs/buff[@name='buffEncumberedInv']/effect_group/triggered_effect[@cvar='$encumbranceEffect'][@value='0.026']/@value">0.013</set>
	<set xpath="/buffs/buff[@name='buffDrugSteroids']/effect_group/passive_effect[@name='CarryCapacity'][@operation='base_set']/@operation">base_add</set>
<!-- END 60Slot_Bag_30Reserve by ShoudenKalferas, Based on Khaine's 60BBM -->


<!-- #################################### -->
<!-- START Doughs Buff Infection by Doughphunghus -->
<!-- Website: https://github.com/doughphunghus -->
<!-- Download URL: https://github.com/doughphunghus/7D2D-Doughs-Mods-a19/trunk/Doughs-Buff-Infection -->
<set xpath="/buffs/buff[@name='buffStatusCheck01']/effect_group/triggered_effect[@trigger='onSelfEnteredGame'][@cvar='$infectionMaxDuration'][@operation='set']/@value">10800</set>
<set xpath="/buffs/buff[@name='buffInfectionMain']/effect_group/triggered_effect[@trigger='onSelfBuffStart'][@cvar='$infectionMaxDuration'][@operation='set']/@value">10800</set>
  <append xpath="/buffs/buff[@name='buffInfectionMain']/effect_group[not(contains(@name, 'main loop')) and not(contains(@name, 'shut down')) and not(contains(@name, 'display % values')) and not(contains(@name, 'signaling buffs')) and not(contains(@name, 'getting hit makes it worse'))]">
    <triggered_effect trigger="onSelfBuffStart" action="ModifyCVar" cvar="$infectionMaxDuration" operation="set" value="7200"> 
      <requirement name="CVarCompare" cvar="$infectionMaxDuration" operation="Equals" value="10800"/>
      <requirement name="RandomRoll" seed_type="Random" min_max="0,100" operation="LTE" value="85"/>
    </triggered_effect>
    <triggered_effect trigger="onSelfBuffStart" action="ModifyCVar" cvar="$infectionMaxDuration" operation="set" value="5400"> 
      <requirement name="CVarCompare" cvar="$infectionMaxDuration" operation="Equals" value="7200"/>
      <requirement name="RandomRoll" seed_type="Random" min_max="0,100" operation="LTE" value="65"/>
    </triggered_effect>
    <triggered_effect trigger="onSelfBuffStart" action="ModifyCVar" cvar="$infectionMaxDuration" operation="set" value="3600"> 
      <requirement name="CVarCompare" cvar="$infectionMaxDuration" operation="Equals" value="5400"/>
      <requirement name="RandomRoll" seed_type="Random" min_max="0,100" operation="LTE" value="40"/>
    </triggered_effect>
    <triggered_effect trigger="onSelfBuffStart" action="ModifyCVar" cvar="$infectionMaxDuration" operation="set" value="2700"> 
      <requirement name="CVarCompare" cvar="$infectionMaxDuration" operation="Equals" value="3600"/>
      <requirement name="RandomRoll" seed_type="Random" min_max="0,100" operation="LTE" value="15"/>
    </triggered_effect>
    <triggered_effect trigger="onSelfBuffStart" action="ModifyCVar" cvar="$infectionMaxDuration" operation="set" value="1800"> 
      <requirement name="CVarCompare" cvar="$infectionMaxDuration" operation="Equals" value="2700"/>
      <requirement name="RandomRoll" seed_type="Random" min_max="0,100" operation="LTE" value="5"/>
    </triggered_effect>
    <triggered_effect trigger="onSelfBuffRemove" action="ModifyCVar" cvar="$infectionMaxDuration" operation="set" value="10800"/>
  </append>
<!-- END Doughs Buff Infection by Doughphunghus -->


<!-- #################################### -->
<!-- START DrPrepper by stample, stamplesmods@gmail.com -->
<!-- Download URL: https://github.com/stamplesmods/7d2dmodlets/trunk/DrPrepper -->
<append xpath="/buffs">
	<buff name="buffDrPrepper" name_key="buffDrPrepperName" description_key="buffDrPrepperDesc" tooltip_key="buffDrPrepperTooltip" icon="ui_game_symbol_pills">
		<stack_type value="replace"/><duration value="0"/>
		<display_value value=".buffDrPrepperDisplay"/><display_value_format value="time"/>
		<effect_group>
			<triggered_effect trigger="onSelfBuffUpdate" action="ModifyCVar" cvar="$buffDrPrepperDuration" operation="subtract" value="@$MetabolismDuration"/>
			<triggered_effect trigger="onSelfBuffUpdate" action="ModifyCVar" cvar=".buffDrPrepperDisplay" operation="set" value="@$buffDrPrepperDuration"/>
			<triggered_effect trigger="onSelfBuffUpdate" action="ModifyCVar" cvar=".buffDrPrepperDisplay" operation="divide" value="@$MetabolismDuration"/>
		</effect_group>
		<effect_group>
			<requirement name="CVarCompare" cvar="$buffDrPrepperDuration" operation="LTE" value="0"/>
				<triggered_effect trigger="onSelfBuffRemove" action="ModifyCVar" cvar=".buffDrPrepperDisplay" operation="set" value="0"/>
				<triggered_effect trigger="onSelfBuffUpdate" action="ModifyCVar" cvar="$buffDrPrepperDuration" operation="set" value="0"/>
				<triggered_effect trigger="onSelfBuffUpdate" action="RemoveBuff" buff="buffDrPrepper"/>
		</effect_group>
		<effect_group>
			<passive_effect name="RunSpeed" operation="perc_add" value=".1"/>
		</effect_group>
		<effect_group tiered="false">
			<passive_effect name="CarryCapacity" operation="base_add" value="3"/>
			<display_value name="dCarryCapacity" value="3"/>
		</effect_group>
	</buff>
</append>
<!-- END DrPrepper by stample, stamplesmods@gmail.com -->


<!-- #################################### -->
<!-- START Frobscottle by stample, stamplesmods@gmail.com -->
<!-- Download URL: https://github.com/stamplesmods/7d2dmodlets/trunk/Frobscottle -->
<append xpath="/buffs">
	<buff name="buffFrobscottle" name_key="buffFrobscottleName" description_key="buffFrobscottleDesc" tooltip_key="buffFrobscottleTooltip" icon="ui_game_symbol_stomach"  icon_color="132,255,33">
		<stack_type value="replace"/><duration value="0"/>
		<display_value value=".buffFrobscottleDisplay"/><display_value_format value="time"/>
		<effect_group>
			<triggered_effect trigger="onSelfBuffUpdate" action="ModifyCVar" cvar="$buffFrobscottleDuration" operation="subtract" value="@$MetabolismDuration"/>
			<triggered_effect trigger="onSelfBuffUpdate" action="ModifyCVar" cvar=".buffFrobscottleDisplay" operation="set" value="@$buffFrobscottleDuration"/>
			<triggered_effect trigger="onSelfBuffUpdate" action="ModifyCVar" cvar=".buffFrobscottleDisplay" operation="divide" value="@$MetabolismDuration"/>
		</effect_group>
		<effect_group>
			<requirement name="CVarCompare" cvar="$buffFrobscottleDuration" operation="LTE" value="0"/>
				<triggered_effect trigger="onSelfBuffRemove" action="ModifyCVar" cvar=".buffFrobscottleDisplay" operation="set" value="0"/>
				<triggered_effect trigger="onSelfBuffUpdate" action="ModifyCVar" cvar="$buffFrobscottleDuration" operation="set" value="0"/>
				<triggered_effect trigger="onSelfBuffUpdate" action="RemoveBuff" buff="buffFrobscottle"/>
		</effect_group>
	<effect_group tiered="false">
		<passive_effect name="JumpStrength" operation="perc_add" value="4.2"/>
		<passive_effect name="StaminaLoss" operation="perc_add" value="-.75" tags="jumping"/>
		<triggered_effect trigger="onSelfBuffStart" action="AddBuff" buff="buffDontBreakMyLeg"/>
		<triggered_effect trigger="onSelfBuffRemove" action="RemoveBuff" buff="buffDontBreakMyLeg"/>
		<triggered_effect trigger="onSelfJump" action="PlaySound" sound="m136_fire" play_in_head="false"/>
		<triggered_effect trigger="onSelfJump" action="PlaySound" sound="generator_stop" play_in_head="false"/>
		<triggered_effect trigger="onSelfJump" action="AddBuff" buff="buffJumpJetsAirborne"/>
	</effect_group>
	</buff>
</append>
<!-- END Frobscottle by stample, stamplesmods@gmail.com -->


<!-- #################################### -->
<!-- START H7SB Seats by Eihwaz -->
<!-- Website: www.eihwaz.de -->
<!-- Download URL: https://gitlab.com/EihwazDE/7D2D -->
<append xpath="/buffs"><buff name="furnitureVisualDebug" hidden="true"><stack_type value="ignore"/><duration value="0.1"/><effect_group name="eihwaz.de"><triggered_effect trigger="onSelfBuffStart" action="AddBuff" buff="erholungCheck"><requirement name="NotHasBuff" buff="erholungCheck"/></triggered_effect><triggered_effect trigger="onSelfBuffStart" action="AddBuff" buff="chefsesselCheck"><requirement name="EntityTagCompare" tags="chefsessel"/><requirement name="NotHasBuff" buff="chefsesselCheck"/></triggered_effect><triggered_effect trigger="onSelfBuffStart" action="AddBuff" buff="klappstuhlCheck"><requirement name="EntityTagCompare" tags="klappstuhl"/><requirement name="NotHasBuff" buff="klappstuhlCheck"/></triggered_effect><triggered_effect trigger="onSelfBuffStart" action="AddBuff" buff="holzhockerCheck"><requirement name="EntityTagCompare" tags="holzhocker"/><requirement name="NotHasBuff" buff="holzhockerCheck"/></triggered_effect><triggered_effect trigger="onSelfBuffStart" action="AddBuff" buff="sesselCheck"><requirement name="EntityTagCompare" tags="sessel"/><requirement name="NotHasBuff" buff="sesselCheck"/></triggered_effect><triggered_effect trigger="onSelfBuffStart" action="AddBuff" buff="sesselCheck1"><requirement name="EntityTagCompare" tags="sessel1"/><requirement name="NotHasBuff" buff="sesselCheck1"/></triggered_effect><triggered_effect trigger="onSelfBuffStart" action="AddBuff" buff="sesselCheck2"><requirement name="EntityTagCompare" tags="sessel2"/><requirement name="NotHasBuff" buff="sesselCheck2"/></triggered_effect><triggered_effect trigger="onSelfBuffStart" action="AddBuff" buff="sesselCheck3"><requirement name="EntityTagCompare" tags="sessel3"/><requirement name="NotHasBuff" buff="sesselCheck3"/></triggered_effect><triggered_effect trigger="onSelfBuffStart" action="AddBuff" buff="bankCheck"><requirement name="EntityTagCompare" tags="bank"/><requirement name="NotHasBuff" buff="bankCheck"/></triggered_effect><triggered_effect trigger="onSelfBuffStart" action="AddBuff" buff="bankCheck1"><requirement name="EntityTagCompare" tags="bank1"/><requirement name="NotHasBuff" buff="bankCheck1"/></triggered_effect><triggered_effect trigger="onSelfBuffStart" action="AddBuff" buff="sofaCheck"><requirement name="EntityTagCompare" tags="sofa"/><requirement name="NotHasBuff" buff="sofaCheck"/></triggered_effect><triggered_effect trigger="onSelfBuffStart" action="AddBuff" buff="sofaCheck1"><requirement name="EntityTagCompare" tags="sofa1"/><requirement name="NotHasBuff" buff="sofaCheck1"/></triggered_effect></effect_group></buff></append><append xpath="/buffs"><buff name="chefsesselCheck" hidden="true"><stack_type value="replace"/><duration value="9"/><effect_group><triggered_effect trigger="onSelfBuffStart" action="SetTransformActive" active="false"  transform_path="car_mesh"/><triggered_effect trigger="onSelfBuffStart" action="SetTransformActive" active="false"  transform_path="Origin/headlight"/><triggered_effect trigger="onSelfBuffStart" action="AttachPrefabToEntity" prefab="Entities/Furniture/officeChairPrefab" local_offset="0,2.5,-0.1" local_rotation="0,0,0" parent_transform="Origin"/><triggered_effect trigger="onSelfBuffFinish" action="AddBuff" buff="furnitureVisualDebug"/></effect_group></buff></append><append xpath="/buffs">	<buff name="klappstuhlCheck" hidden="true"><stack_type value="replace"/>	<duration value="9"/><effect_group><triggered_effect trigger="onSelfBuffStart" action="SetTransformActive" active="false"  transform_path="car_mesh"/><triggered_effect trigger="onSelfBuffStart" action="SetTransformActive" active="false"  transform_path="Origin/headlight"/><triggered_effect trigger="onSelfBuffStart" action="AttachPrefabToEntity" prefab="Entities/Furniture/barrack_chairPrefab" local_offset="0,2.5,-0.1" local_rotation="0,0,0" parent_transform="Origin"/><triggered_effect trigger="onSelfBuffFinish" action="AddBuff" buff="furnitureVisualDebug"/></effect_group></buff></append><append xpath="/buffs">	<buff name="holzhockerCheck" hidden="true"><stack_type value="replace"/>		<duration value="9"/><effect_group><triggered_effect trigger="onSelfBuffStart" action="SetTransformActive" active="false"  transform_path="car_mesh"/><triggered_effect trigger="onSelfBuffStart" action="SetTransformActive" active="false"  transform_path="Origin/headlight"/><triggered_effect trigger="onSelfBuffStart" action="AttachPrefabToEntity" prefab="Entities/Commercial/ShelfClothsEmptyPrefab" local_offset="0,2.5,0" local_rotation="0,0,0" parent_transform="Origin"/><triggered_effect trigger="onSelfBuffFinish" action="AddBuff" buff="furnitureVisualDebug"/></effect_group></buff></append><append xpath="/buffs">	<buff name="sesselCheck" hidden="true"><stack_type value="replace"/>		<duration value="9"/><effect_group name="eihwa z.de"><triggered_effect trigger="onSelfBuffStart" action="SetTransformActive" active="false"  transform_path="car_mesh"/><triggered_effect trigger="onSelfBuffStart" action="SetTransformActive" active="false"  transform_path="Origin/headlight"/><triggered_effect trigger="onSelfBuffStart" action="AttachPrefabToEntity" prefab="Entities/Furniture/sectionalChairPrefab" local_offset="0,2.5,-1.6" local_rotation="0,0,0" parent_transform="Origin"/><triggered_effect trigger="onSelfBuffFinish" action="AddBuff" buff="furnitureVisualDebug"/></effect_group></buff></append><append xpath="/buffs">	<buff name="sesselCheck1" hidden="true"><stack_type value="replace"/>		<duration value="9"/><effect_group><triggered_effect trigger="onSelfBuffStart" action="SetTransformActive" active="false"  transform_path="car_mesh"/><triggered_effect trigger="onSelfBuffStart" action="SetTransformActive" active="false"  transform_path="Origin/headlight"/><triggered_effect trigger="onSelfBuffStart" action="AttachPrefabToEntity" prefab="Entities/Furniture/sectionalChairLeatherPrefab" local_offset="0,2.5,-1.6" local_rotation="0,0,0" parent_transform="Origin"/><triggered_effect trigger="onSelfBuffFinish" action="AddBuff" buff="furnitureVisualDebug"/></effect_group></buff></append><append xpath="/buffs">	<buff name="sesselCheck2" hidden="true"><stack_type value="replace"/>		<duration value="9"/><effect_group><triggered_effect trigger="onSelfBuffStart" action="SetTransformActive" active="false"  transform_path="car_mesh"/><triggered_effect trigger="onSelfBuffStart" action="SetTransformActive" active="false"  transform_path="Origin/headlight"/><triggered_effect trigger="onSelfBuffStart" action="AttachPrefabToEntity" prefab="Entities/Furniture/chair04Prefab" local_offset="0,2.5,-1.6" local_rotation="0,0,0" parent_transform="Origin"/><triggered_effect trigger="onSelfBuffFinish" action="AddBuff" buff="furnitureVisualDebug"/></effect_group></buff></append><append xpath="/buffs">	<buff name="sesselCheck3" hidden="true"><stack_type value="replace"/>		<duration value="9"/><effect_group><triggered_effect trigger="onSelfBuffStart" action="SetTransformActive" active="false"  transform_path="car_mesh"/><triggered_effect trigger="onSelfBuffStart" action="SetTransformActive" active="false"  transform_path="Origin/headlight"/><triggered_effect trigger="onSelfBuffStart" action="AttachPrefabToEntity" prefab="Entities/Furniture/chair05Prefab" local_offset="0,2.5,-1.6" local_rotation="0,0,0" parent_transform="Origin"/><triggered_effect trigger="onSelfBuffFinish" action="AddBuff" buff="furnitureVisualDebug"/></effect_group></buff></append><append xpath="/buffs">	<buff name="bankCheck" hidden="true"><stack_type value="replace"/>		<duration value="9"/><effect_group><triggered_effect trigger="onSelfBuffStart" action="SetTransformActive" active="false"  transform_path="car_mesh"/><triggered_effect trigger="onSelfBuffStart" action="SetTransformActive" active="false"  transform_path="Origin/headlight"/><triggered_effect trigger="onSelfBuffStart" action="AttachPrefabToEntity" prefab="Entities/Furniture/parkBenchAPrefab" local_offset="2,2.5,-1.6" local_rotation="0,0,0" parent_transform="Origin"/><triggered_effect trigger="onSelfBuffFinish" action="AddBuff" buff="furnitureVisualDebug"/></effect_group></buff></append><append xpath="/buffs">	<buff name="bankCheck1" hidden="true"><stack_type value="replace"/>		<duration value="9"/><effect_group name="eihwaz.de"><triggered_effect trigger="onSelfBuffStart" action="SetTransformActive" active="false"  transform_path="car_mesh"/><triggered_effect trigger="onSelfBuffStart" action="SetTransformActive" active="false"  transform_path="Origin/headlight"/><triggered_effect trigger="onSelfBuffStart" action="AttachPrefabToEntity" prefab="Entities/Furniture/parkBenchBPrefab" local_offset="2,2.5,-1.6" local_rotation="0,0,0" parent_transform="Origin"/><triggered_effect trigger="onSelfBuffFinish" action="AddBuff" buff="furnitureVisualDebug"/></effect_group></buff></append><append xpath="/buffs">	<buff name="sofaCheck" hidden="true"><stack_type value="replace"/><duration value="9"/><effect_group><triggered_effect trigger="onSelfBuffStart" action="SetTransformActive" active="false"  transform_path="car_mesh"/><triggered_effect trigger="onSelfBuffStart" action="SetTransformActive" active="false"  transform_path="Origin/headlight"/><triggered_effect trigger="onSelfBuffStart" action="AttachPrefabToEntity" prefab="Entities/Furniture/sofa02Prefab" local_offset="0,2.5,-1.6" local_rotation="0,0,0" parent_transform="Origin"/><triggered_effect trigger="onSelfBuffFinish" action="AddBuff" buff="furnitureVisualDebug"/></effect_group></buff></append><append xpath="/buffs">	<buff name="sofaCheck1" hidden="true"><stack_type value="replace"/>		<duration value="9"/><effect_group><triggered_effect trigger="onSelfBuffStart" action="SetTransformActive" active="false"  transform_path="car_mesh"/><triggered_effect trigger="onSelfBuffStart" action="SetTransformActive" active="false"  transform_path="Origin/headlight"/><triggered_effect trigger="onSelfBuffStart" action="AttachPrefabToEntity" prefab="Entities/Furniture/sofa03Prefab" local_offset="0,2.5,-1.6" local_rotation="0,0,0" parent_transform="Origin"/><triggered_effect trigger="onSelfBuffFinish" action="AddBuff" buff="furnitureVisualDebug"/></effect_group></buff></append>
<!-- END H7SB Seats by Eihwaz -->


<!-- #################################### -->
<!-- START H7SB Storage by Eihwaz -->
<!-- Website: www.eihwaz.de -->
<!-- Download URL: https://gitlab.com/EihwazDE/7D2D -->
<append xpath="/buffs"><buff name="storageVisualDebug" hidden="true"><stack_type value="ignore"/><duration value="0.1"/><effect_group><triggered_effect trigger="onSelfBuffStart" action="AddBuff" buff="einkaufswagenBuff"><requirement name="EntityTagCompare" tags="einkaufswagen"/><requirement name="NotHasBuff" buff="einkaufswagenBuff"/></triggered_effect><triggered_effect trigger="onSelfBuffStart" action="AddBuff" buff="kippkarreBuff"><requirement name="EntityTagCompare" tags="kippkarre"/><requirement name="NotHasBuff" buff="kippkarreBuff"/></triggered_effect></effect_group></buff></append><append xpath="/buffs"><buff name="einkaufswagenBuff" hidden="true"><stack_type value="replace"/><duration value="9"/>	<effect_group name="eihwaz.de"><triggered_effect trigger="onSelfBuffStart" action="SetTransformActive" active="false"  transform_path="car_mesh"/><triggered_effect trigger="onSelfBuffStart" action="SetTransformActive" active="false"  transform_path="Origin/headlight"/><triggered_effect trigger="onSelfBuffStart" action="AttachPrefabToEntity" prefab="#Entities/LootContainers?shopping_cartPrefab.prefab" local_offset="0,2,0.9" local_rotation="0,180,0" parent_transform="Origin"/><triggered_effect trigger="onSelfBuffFinish" action="AddBuff" buff="storageVisualDebug"/></effect_group></buff></append><append xpath="/buffs"><buff name="kippkarreBuff" hidden="true"><stack_type value="replace"/><duration value="9"/><effect_group name="eih waz.de"><triggered_effect trigger="onSelfBuffStart" action="SetTransformActive" active="false"  transform_path="car_mesh"/><triggered_effect trigger="onSelfBuffStart" action="SetTransformActive" active="false"  transform_path="Origin/headlight"/><triggered_effect trigger="onSelfBuffStart" action="AttachPrefabToEntity" prefab="#Entities/LootContainers?tiltTruckFullPrefab.prefab" local_offset="0,1.61,1.85" local_rotation="0,180,0" parent_transform="Origin"/><triggered_effect trigger="onSelfBuffFinish" action="AddBuff" buff="storageVisualDebug"/></effect_group></buff></append>
<!-- END H7SB Storage by Eihwaz -->


<!-- #################################### -->
<!-- START NakedGator by stample -->
<!-- Download URL: https://github.com/stamplesmods/7d2dmodlets/trunk/NakedGator -->
<append xpath="/buffs">
	<buff name="buffNakedGator" name_key="buffNakedGatorName" description_key="buffNakedGatorDesc" tooltip_key="buffNakedGatorTooltip" icon="ui_game_symbol_beer" icon_color="0,255,0">
		<stack_type value="replace"/><duration value="0"/>
		<display_value value=".buffNakedGatorDisplay"/><display_value_format value="time"/>
		<effect_group>
			<triggered_effect trigger="onSelfBuffUpdate" action="ModifyCVar" cvar="$buffNakedGatorDuration" operation="subtract" value="@$MetabolismDuration"/>
			<triggered_effect trigger="onSelfBuffUpdate" action="ModifyCVar" cvar=".buffNakedGatorDisplay" operation="set" value="@$buffNakedGatorDuration"/>
			<triggered_effect trigger="onSelfBuffUpdate" action="ModifyCVar" cvar=".buffNakedGatorDisplay" operation="divide" value="@$MetabolismDuration"/>
 			<triggered_effect trigger="onSelfBuffStart" action="ModifyScreenEffect" intensity=".5" fade="2" effect_name="Drunk"/>
			<triggered_effect trigger="onSelfBuffRemove" action="ModifyScreenEffect" intensity="0" fade="20" effect_name="Drunk"/>
		</effect_group>
		<effect_group>
			<requirement name="CVarCompare" cvar="$buffNakedGatorDuration" operation="LTE" value="0"/>
				<triggered_effect trigger="onSelfBuffRemove" action="ModifyCVar" cvar=".buffNakedGatorDisplay" operation="set" value="0"/>
				<triggered_effect trigger="onSelfBuffUpdate" action="ModifyCVar" cvar="$buffNakedGatorDuration" operation="set" value="0"/>
				<triggered_effect trigger="onSelfBuffUpdate" action="RemoveBuff" buff="buffNakedGator"/>
		</effect_group>
		<effect_group> 
			<requirement name="CVarCompare" cvar="$buffNakedGatorDuration" operation="LTE" value="1194"/>
			<triggered_effect trigger="onSelfBuffUpdate" action="ModifyScreenEffect" intensity="0" fade="20" effect_name="Drunk"/>
		</effect_group>
		<effect_group>
			<passive_effect name="RunSpeed" operation="perc_add" value=".2"/>
			<passive_effect name="FoodLossPerStaminaPointGained" operation="perc_add" value="-.15"/>
			<passive_effect name="WaterLossPerStaminaPointGained" operation="perc_add" value="-.15"/>
		</effect_group>
		<effect_group name="gatorbite" tiered="false">
			<triggered_effect trigger="onSelfAttackedOther" action="AddBuff" target="other" buff="buffInjuryBleedingBarbedWire">
				<requirement name="HoldingItemHasTags" tags="melee"/>
				<requirement name="RandomRoll" seed_type="Random" min_max="0,100" operation="LTE" value="50"/>
			</triggered_effect>
		</effect_group>
	</buff>
</append>
<!-- END NakedGator by stample -->


<!-- #################################### -->
<!-- START Foods That use Super Corn by Gopher, Fixed By ShoudenKalferas -->
<!-- Download URL: https://github.com/XelaNull/7dtd-FixedModlets/trunk/SuperCornCookedFoods -->
	<append xpath="/buffs">
	<buff name="buffCookedSuperCornItem" name_key="buffCookedSuperCornItemName" description_key="buffCookedSuperCornItemDesc" tooltip_key="buffCookedSuperCornItemTooltip" icon="ui_game_symbol_stomach">
		<damage_type value="disease"/>
		<stack_type value="replace"/><duration value="30"/>
		<display_value value=".buffBeerDisplay"/><display_value_format value="time"/>
		<effect_group>
			<triggered_effect trigger="onSelfBuffUpdate" action="ModifyCVar" cvar="$buffBeerDuration" operation="subtract" value="@$MetabolismDuration"/>
			<triggered_effect trigger="onSelfBuffUpdate" action="ModifyCVar" cvar=".buffBeerDisplay" operation="set" value="@$buffBeerDuration"/>
			<triggered_effect trigger="onSelfBuffUpdate" action="ModifyCVar" cvar=".buffBeerDisplay" operation="divide" value="@$MetabolismDuration"/>
		</effect_group>
		<effect_group>
			<requirement name="CVarCompare" cvar="$buffBeerDuration" operation="LTE" value="0"/>
				<triggered_effect trigger="onSelfBuffUpdate" action="ModifyCVar" cvar="$buffBeerDuration" operation="set" value="0"/>
				<triggered_effect trigger="onSelfBuffUpdate" action="RemoveBuff" buff="buffBeer"/>
		</effect_group>
		<effect_group>
			<passive_effect name="EntityDamage" operation="perc_add" value="4">
				<requirement name="HoldingItemHasTags" tags="perkBrawler"/>
			</passive_effect>
			<passive_effect name="StaminaChangeOT" operation="perc_add" value="0.7">
				<requirement name="NotHasBuff" buff="buffHealWaterMax"/>
			</passive_effect>
			<passive_effect name="StaminaChangeOT" operation="perc_add" value="0.65">
				<requirement name="HasBuff" buff="buffHealWaterMax"/>
			</passive_effect>
			<passive_effect name="BuffResistance" operation="base_add" value="1" tags="buffInjuryStunned01"/>
			<triggered_effect trigger="onSelfBuffRemove" action="ModifyCVar" cvar=".buffBeerDisplay" operation="set" value="0"/>
			<triggered_effect trigger="onSelfBuffRemove" action="ModifyCVar" cvar="$buffBeerDuration" operation="set" value="0"/>
		</effect_group>
	</buff>
		</append>
<!-- END Foods That use Super Corn by Gopher, Fixed By ShoudenKalferas -->


<!-- #################################### -->
<!-- START White River Tools of Citizenship - Amelia Earhart's Gyrocopter by ShoudenKalferas and Aeyvi-Daro -->
<!-- Website: https://7daystodie.com/forums/showthread.php?111233-White-River-Tools-Of-Citizenship -->
<!-- Download URL: https://github.com/XelaNull/7DTD-WhiteRiver_ToC.git -->
  <append xpath="/buffs/buff[@name='buffStatusCheck01']/effect_group">
		<triggered_effect trigger="onSelfBuffUpdate" action="AddBuff" buff="AmeliaVehicleChecker">
			<requirement name="NotHasBuff" buff="AmeliaVehicleChecker"/>
		</triggered_effect>
	</append>
  <append xpath="/buffs">
    <buff name="AmeliaVehicleChecker" hidden="true">
			<stack_type value="replace"/>
			<duration value="500"/>
			<update_rate value=".1"/>
			<effect_group>
				<triggered_effect trigger="onSelfBuffUpdate" action="AddBuff" target="selfAOE" range="100" buff="AmeliaCheck">
					<requirement name="EntityTagCompare" target="other" tags="vehicleAmelia"/>
					<requirement name="NotHasBuff" target="other" buff="AmeliaCheck"/>
				</triggered_effect>
      </effect_group>
    </buff>
    <buff name="AmeliaCheck" hidden="true">
      <stack_type value="ignore"/>		
      <effect_group>                                                                                                                                 
        <triggered_effect trigger="onSelfBuffStart" action="AttachPrefabToEntity" prefab="#Entities/Vehicles?Car/car_seat_uprightPrefab.prefab" local_offset="0.15,.99,.49" local_rotation="-14,0,0" parent_transform="GameObject"/>
      </effect_group>
    </buff>
    <buff name="ToCWendigoDeco" hidden="true">
      <effect_group>
        <triggered_effect trigger="onSelfBuffStart" action="AttachPrefabToEntity" prefab="Entities/OutdoorDecor/cowSkullPrefab" local_offset="-.3,0,-.1" local_rotation="0,-45,90" parent_transform="Head"/>
        <triggered_effect trigger="onSelfBuffStart" action="AttachPrefabToEntity" prefab="#Other/Items?Weapons/Spear/spear_stone_Prefab.prefab" local_offset="-.1,-.2,0" local_rotation="0,90,0" parent_transform="Head"/>
        <triggered_effect trigger="onSelfBuffStart" action="AttachPrefabToEntity" prefab="#Other/Items?Misc/crossbow_bolt_dropped_stonePrefab.prefab" local_offset="-.1,0,0" local_rotation="0,0,-90" parent_transform="RightHand"/>
        <triggered_effect trigger="onSelfBuffStart" action="AttachPrefabToEntity" prefab="#Other/Items?Misc/crossbow_bolt_dropped_stonePrefab.prefab" local_offset="-.1,0,0" local_rotation="0,0,-90" parent_transform="LeftHand"/>
      </effect_group>
    </buff>
  </append>
<!-- END White River Tools of Citizenship - Amelia Earhart's Gyrocopter by ShoudenKalferas and Aeyvi-Daro -->


<!-- #################################### -->
<!-- START White River Tools of Citizenship - Callinicus Greek Fire by ShoudenKalferas -->
<!-- Website: https://github.com/XelaNull/XelaNull-7dtd-Modlets -->
<!-- Download URL: https://github.com/XelaNull/7DTD-WhiteRiver_ToC.git -->
	<append xpath="/buffs">
		<buff name="buffGreekFlamingArrow" hidden="false" description_key="buffGreekFlamingArrowDesc" tooltip_key="buffGreekFlamingArrowTooltip">
			<damage_type value="heat"/>
			<stack_type value="replace"/><duration value="0"/>
			<effect_group>
				<triggered_effect trigger="onSelfBuffUpdate" action="ModifyCVar" cvar="$buffGreekFlamingArrowDuration" operation="add" value="-1"/>
				<triggered_effect trigger="onSelfBuffUpdate" action="AddBuff" target="selfAOE" range="2" buff="buffBurningMolotov"/>
				<triggered_effect trigger="onSelfBuffRemove" action="ModifyCVar" cvar="$buffGreekFlamingArrowDuration" operation="set" value="0"/>
			</effect_group>
			<effect_group>
				<requirement name="CVarCompare" cvar="$buffGreekFlamingArrowDuration" operation="LT" value="14"/>
					<triggered_effect trigger="onSelfBuffStart" action="ModifyCVar" cvar="$buffGreekFlamingArrowDuration" operation="set" value="14"/>
					<triggered_effect trigger="onSelfBuffStack" action="ModifyCVar" cvar="$buffGreekFlamingArrowDuration" operation="set" value="14"/>
					<triggered_effect trigger="onSelfBuffUpdate" action="AddBuff" target="selfAOE" range="1" buff="buffGreekFlamingArrow"/>
			</effect_group>
			<effect_group>
				<triggered_effect trigger="onSelfBuffUpdate" action="RemoveBuff" buff="buffGreekFlamingArrow">
					<requirement name="CVarCompare" cvar="$buffGreekFlamingArrowDuration" operation="LTE" value="0"/>
				</triggered_effect>
				<triggered_effect trigger="onSelfBuffRemove" action="ModifyCVar" cvar="$buffGreekFlamingArrowDuration" operation="set" value="0"/>
			</effect_group>
			<effect_group>
				<triggered_effect trigger="onSelfBuffStart" action="AddBuff" buff="buffIsOnFire"/>
				<passive_effect name="HealthChangeOT" operation="base_subtract" duration="0,12,16" value="4,12.3,15">
					<requirement name="EntityTagCompare" tags="player"/>
				</passive_effect>
				<passive_effect name="WaterChangeOT" operation="base_subtract" value="1.5"/>
				<passive_effect name="HypothermalResist" operation="base_add" value="35"/>
				<passive_effect name="HyperthermalResist" operation="base_add" value="-15"/>
			</effect_group>
			<effect_group>
				<requirement name="!EntityTagCompare" tags="player"/>
					<passive_effect name="HealthChangeOT" operation="base_subtract" duration="0,12,16" value="8,26.9,30">
						<requirement name="CVarCompare" cvar="_difficulty" operation="Equals" value="0"/></passive_effect>
					<passive_effect name="HealthChangeOT" operation="base_subtract" duration="0,12,16" value="6,18.4,22.5">
						<requirement name="CVarCompare" cvar="_difficulty" operation="Equals" value="1"/></passive_effect>
					<passive_effect name="HealthChangeOT" operation="base_subtract" duration="0,12,16" value="4,12.3,15">
						<requirement name="CVarCompare" cvar="_difficulty" operation="Equals" value="2"/></passive_effect>
					<passive_effect name="HealthChangeOT" operation="base_subtract" duration="0,12,16" value="3.32,10.2,12.5">
						<requirement name="CVarCompare" cvar="_difficulty" operation="Equals" value="3"/></passive_effect>
					<passive_effect name="HealthChangeOT" operation="base_subtract" duration="0,12,16" value="2.64,8.1,9.9">
						<requirement name="CVarCompare" cvar="_difficulty" operation="Equals" value="4"/></passive_effect>
					<passive_effect name="HealthChangeOT" operation="base_subtract" duration="0,12,16" value="2,6.1,7.5">
						<requirement name="CVarCompare" cvar="_difficulty" operation="Equals" value="5"/></passive_effect>
			</effect_group>
		</buff>
	</append>
<!-- END White River Tools of Citizenship - Callinicus Greek Fire by ShoudenKalferas -->


<!-- #################################### -->
<!-- START White River Tools of Citizenship - Dwarven Forge by Shouden Kalferas, with code from Khaine's 3-Slot Forge -->
<!-- Website: https://7daystodie.com/forums/showthread.php?111233-White-River-Tools-Of-Citizenship -->
<!-- Download URL: https://github.com/XelaNull/7DTD-WhiteRiver_ToC.git -->
	<append xpath="/buffs">
		<buff name="DwarvenFemaleDeco" hidden="true">
			<effect_group>
				<triggered_effect trigger="onSelfBuffStart" action="AttachParticleEffectToEntity" particle="#Other/Items?Weapons/Melee/SledgeHammer/ironSledgehammerPrefab.prefab" local_offset="-.1,0,0" local_rotation="0,-90,0" parent_transform="RightHand"/>
				<triggered_effect trigger="onSelfBuffUpdate" action="AddBuff" target="self" buff="buffInjuryKnockdown01Cooldown"/>
			</effect_group>
		</buff>
	</append>
<!-- END White River Tools of Citizenship - Dwarven Forge by Shouden Kalferas, with code from Khaine's 3-Slot Forge -->


<!-- #################################### -->
<!-- START White River Tools of Citizenship - Spirit of Vengeance by ShoudenKalferas, based on Snufkin's Vehicles and Zombies, with help from arramus and Slawa -->
<!-- Website: https://github.com/XelaNull/XelaNull-7dtd-Modlets -->
<!-- Download URL: https://github.com/XelaNull/7DTD-WhiteRiver_ToC.git -->
	<append xpath="/buffs/buff[@name='buffStatusCheck01']/effect_group">
		<triggered_effect trigger="onSelfBuffUpdate" action="AddBuff" buff="SpiritVehicleChecker">
			<requirement name="NotHasBuff" buff="SpiritVehicleChecker"/>
		</triggered_effect>
	</append>
	<append xpath="/buffs">
		<buff name="SpiritVehicleChecker" hidden="true">
			<stack_type value="replace"/>
			<duration value="500"/>
			<update_rate value=".1"/>
			<effect_group>
				<triggered_effect trigger="onSelfBuffUpdate" action="AddBuff" target="selfAOE" range="100" buff="SpiritHellBeastBikeCheck">
					<requirement name="EntityTagCompare" target="other" tags="vehicle_spirit_hell_beast"/>
					<requirement name="NotHasBuff" target="other" buff="SpiritHellBeastBikeCheck"/>
				</triggered_effect>
			</effect_group>
		</buff>
		<buff name="SpiritHellBeastBikeCheck" hidden="true">	
			<stack_type value="ignore"/>			
			<effect_group>
				<triggered_effect trigger="onSelfBuffStart" action="SetTransformActive" active="true"  transform_path="headlight"/>
				<triggered_effect trigger="onSelfBuffStart" action="AttachParticleEffectToEntity" particle="p_torch_wall" local_offset=".15,.1,-.2" local_rotation="0,0,0" parent_transform="headlight"/>
				<triggered_effect trigger="onSelfBuffStart" action="AttachPrefabToEntity" prefab="particleeffects/p_torch_wall" local_offset="-.15,.1,-.2" local_rotation="0,0,0" parent_transform="headlight"/>
				<triggered_effect trigger="onSelfBuffStart" action="SetTransformActive" active="false"  transform_path="headlight"/>
				<triggered_effect trigger="onSelfBuffStart" action="AttachPrefabToEntity" prefab="Entities/OutdoorDecor/cowSkullPrefab" local_offset="0,.1,.5" local_rotation="45,0,0" parent_transform="Origin/handlebar_joint"/>
				<triggered_effect trigger="onSelfBuffStart" action="AttachPrefabToEntity" prefab="#Entities/LootContainers?weapon_bags_smallPrefab.prefab" local_offset="0,1.4,-0.8" local_rotation="0,0,0" parent_transform="Origin"/>
				<triggered_effect trigger="onSelfBuffStart" action="AttachPrefabToEntity" prefab="#Other/Items?Weapons/Melee/Spear/spear_steel_Prefab.prefab" local_offset=".24,.58,0.9" local_rotation="90,0,0" parent_transform="Origin"/>
				<triggered_effect trigger="onSelfBuffStart" action="AttachParticleEffectToEntity" particle="#Other/Items?Weapons/Melee/Spear/spear_steel_Prefab.prefab" local_offset="-.24,.58,0.9" local_rotation="90,0,0" parent_transform="Origin"/>
			</effect_group>
		</buff>
		<buff name="SpiritJuggernautDeco" hidden="true">
			<effect_group>
				<triggered_effect trigger="onSelfBuffStart" action="AttachPrefabToEntity" prefab="#Other/Items?Weapons/Ranged/RocketLauncher/rocketlauncherPrefab.prefab" local_offset="-.2,.13,0" local_rotation="180,0,0" parent_transform="LeftShoulder"/>
				<triggered_effect trigger="onSelfBuffStart" action="AttachParticleEffectToEntity" particle="#Other/Items?Tools/augerPrefab.prefab" local_offset="-.1,0,0" local_rotation="0,-90,0" parent_transform="RightHand"/>
				<triggered_effect trigger="onSelfRangedBurstShot" action="AddBuff" target="self" buff="SpiritJuggernautMuzzle"/>
				<triggered_effect trigger="onSelfBuffUpdate" action="AddBuff" target="self" buff="buffInjuryKnockdown01Cooldown"/>
				<triggered_effect trigger="onSelfBuffUpdate" action="PlaySound" sound="Auger_Idle" />
			</effect_group>
		</buff>
		<buff name="SpiritJuggernautMuzzle" hidden="true">
			<duration value="1"/>
			<effect_group>
				<triggered_effect trigger="onSelfBuffStart" action="AttachParticleEffectToEntity" target="self" particle="p_rocketLauncherFire" local_offset="-.2,.13,0" local_rotation="180,0,0" parent_transform="LeftShoulder"/>
				<triggered_effect trigger="onSelfBuffStart" action="AttachParticleEffectToEntity" target="self"  particle="p_nozzlesmoke_m136" local_offset="-.2,.13,0" local_rotation="180,0,0" parent_transform="LeftShoulder"/>
				<triggered_effect trigger="onSelfBuffFinish" action="RemoveParticleEffectFromEntity" target="self"  particle="p_nozzlesmoke_m136" />
				<triggered_effect trigger="onSelfBuffFinish" action="RemoveParticleEffectFromEntity" target="self"  particle="p_rocketLauncherFire" />
			</effect_group>
		</buff>
		<buff name="buffSpiritJuggernaut" hidden="false">
			<update_rate value="12"/>
			<effect_group>
				<triggered_effect trigger="onSelfBuffUpdate" action="AddBuff" target="positionAOE" range="60" buff="buffSpiritJuggernautSpeedDelay"/>
				<triggered_effect trigger="onSelfBuffUpdate" action="PlaySound" sound="bansheebuff0"/>
				<triggered_effect trigger="onSelfBuffStart" action="AddBuff" target="self" buff="buffSpiritJuggernautSpeedDelay"/>
				<triggered_effect trigger="onSelfBuffStart" action="PlaySound" sound="bansheebuff0" play_in_head="true">
					<requirement name="EntityTagCompare" tags="player"/>
				</triggered_effect>
				<triggered_effect trigger="onSelfBuffStart" action="PlaySound" sound="bansheebuff1" play_in_head="true">
					<requirement name="EntityTagCompare" tags="player"/>
				</triggered_effect>
			</effect_group>
		</buff>
		<buff name="buffSpiritJuggernautSpeedDelay" hidden="false">
			<duration value=".4"/>
			<effect_group>
				<triggered_effect trigger="onSelfBuffRemove" action="AddBuff" target="self" buff="buffSpiritJuggernautSpeed"/>
			</effect_group>
		</buff>
		<buff name="buffSpiritJuggernautSpeed" icon="ui_game_symbol_agility" icon_color="132,0,155">
			<display_value_key value="Demon Fright"/> <display_value value="xxx"/>
			<stack_type value="ignore"/>
			<duration value="2.5"/>
			<effect_group>
				<triggered_effect trigger="onSelfBuffStart" action="ShakeCamera" shake_speed="40" shake_amplitude="60" shake_time=".4"/>
				<triggered_effect trigger="onSelfBuffRemove" action="ShakeCamera" shake_speed="0" shake_amplitude="0" shake_time="-1"/>
			</effect_group>
			<effect_group>
				<requirement name="EntityTagCompare" tags="player"/>
				<passive_effect name="WalkSpeed" operation="perc_add" value="1.1"/>
				<passive_effect name="RunSpeed" operation="perc_add" value="1.5"/>
				<passive_effect name="JumpStrength" operation="perc_add" value="2.2"/>
				<passive_effect name="StaminaLoss" operation="perc_add" value="-.5" tags="jumping"/>
			</effect_group>
		</buff>
	</append>
<!-- END White River Tools of Citizenship - Spirit of Vengeance by ShoudenKalferas, based on Snufkin's Vehicles and Zombies, with help from arramus and Slawa -->


<!-- #################################### -->
<!-- START Donovan_BetterBuffs by Donovan -->
<!-- Download URL: https://github.com/Donovan522/donovan-7d2d-modlets/trunk/donovan-betterbuffs -->
  <set xpath="buffs/buff[@name='buffStatusCheck01']/effect_group/triggered_effect[@buff='buffStatusHungry01']/requirement[@name='StatComparePercCurrentToMax']/@value">0.35</set>
  <set xpath="buffs/buff[@name='buffStatusCheck01']/effect_group/triggered_effect[@buff='buffStatusHungry02']/requirement[@name='StatComparePercCurrentToMax']/@value">0.15</set>
  <set xpath="buffs/buff[@name='buffStatusCheck01']/effect_group/triggered_effect[@buff='buffStatusThirsty01']/requirement[@name='StatComparePercCurrentToMax']/@value">0.35</set>
  <set xpath="buffs/buff[@name='buffStatusCheck01']/effect_group/triggered_effect[@buff='buffStatusThirsty02']/requirement[@name='StatComparePercCurrentToMax']/@value">0.15</set>
<!-- END Donovan_BetterBuffs by Donovan -->


<!-- #################################### -->
<!-- START more recieps by wolfbain5 -->
<!-- Download URL: https://github.com/wolfbain5/7dtd-a19/raw/master/more%20recipes.rar -->
<set xpath="/buffs/buff[@name='buffYuccaJuiceSmoothie']//passive_effect[@name='HypothermalResist']/@name">HyperthermalResist</set>  
<!-- END more recieps by wolfbain5 -->


</configs>
