<configs>
<!-- #################################### -->
<!-- START EmperorDye by stample, stamplesmods@gmail.com -->
<!-- Download URL: https://github.com/stamplesmods/7d2dmodlets/trunk/EmperorDye -->
<append xpath="/item_modifiers">
	<item_modifier name="ClearDye" installable_tags="armor,clothing" modifier_tags="dye" type="attachment"  cosmetic_install_chance="0">
		<property name="CustomIcon" value="modDyeWhite"/>
		<property name="Stacknumber" value="1"/> <property name="Group" value="Mods"/>
		<property name="DropMeshfile" value="#Other/Items?Misc/sack_droppedPrefab.prefab"/>
		<property name="EconomicValue" value="10"/>
		<property name="DisplayType" value="clothing"/>
		<item_property_overrides name="*">
			<property name="CustomIconTint" value="20,20,20"/>
			<property name="UMA.Mesh" value=""/>
			<property name="UMA.Overlay0" value=""/>
			<property name="UMA.Overlay0Tint" value=""/>
			<property name="UMA.Mask0" value="" param1=""/>
			<property name="UMA.Mask1" value="" param1=""/>
			<property name="UMA.Mask2" value="" param1=""/>
			<property name="UMA.Mask3" value="" param1=""/>
			<property name="UMA.Mask4" value="" param1=""/>
			<property name="UMA.Mask5" value="" param1=""/>
			<property name="UMA.Mask6" value="" param1=""/>
			<property name="UMA.Mask7" value="" param1=""/>
			<property name="UMA.Mask8" value="" param1=""/>
			<property name="UMA.Mask9" value="" param1=""/>
			<property name="UMA.Overlay1" value=""/>
			<property name="UMA.Overlay1Tint" value=""/>
			<property name="UMA.Overlay2" value=""/>
			<property name="UMA.Overlay2Tint" value=""/>
		</item_property_overrides>
	</item_modifier>
</append>
<!-- END EmperorDye by stample, stamplesmods@gmail.com -->


<!-- #################################### -->
<!-- START GhillieSuitAsMods by stample, stamplesmods@gmail.com -->
<!-- Download URL: https://github.com/stamplesmods/7d2dmodlets/trunk/GhillieSuitAsMods -->
<append xpath="/item_modifiers">
	<item_modifier name="Ghillie Hood Mod" installable_tags="head" blocked_tags="clothing" modifier_tags="rare" type="attachment">
		<property name="UnlockedBy" value="perkSniperComplete"/>
		<property name="CustomIcon" value="apparelGhillieSuitHood"/>
		<property name="Stacknumber" value="1"/> <property name="Group" value="Mods"/>
		<property name="DropMeshfile" value="#Other/Items?Misc/sack_droppedPrefab.prefab"/>
		<property name="EconomicValue" value="10"/>
		<property name="DisplayType" value="clothingGhillieHood"/>
		<item_property_overrides name="*">
			<property name="UMA.Mesh" value="ghillie_suit_hat"/>
			<property name="UMA.Overlay0" value="ghillie_suit"/>
		</item_property_overrides>
		<effect_group tiered="false">
			<passive_effect name="HypothermalResist" operation="base_add" value="1"/>
			<passive_effect name="HyperthermalResist" operation="base_add" value="1,3.5"/>
			<passive_effect name="LightMultiplier" operation="perc_add" value="-.07"><requirement name="!IsIndoors"/></passive_effect>
			<passive_effect name="LightMultiplier" operation="perc_add" value="-.05"><requirement name="IsIndoors"/></passive_effect>
			<display_value name="dLightMultiplier" value="-.07"/>
		</effect_group>
	</item_modifier>
	<item_modifier name="Ghillie Jacket Mod" installable_tags="jacket" modifier_tags="rare" type="attachment">
		<property name="UnlockedBy" value="perkSniperComplete"/>
		<property name="CustomIcon" value="apparelGhillieSuitJacket"/>
		<property name="Stacknumber" value="1"/> <property name="Group" value="Mods"/>
		<property name="DropMeshfile" value="#Other/Items?Misc/sack_droppedPrefab.prefab"/>
		<property name="EconomicValue" value="10"/>
		<property name="DisplayType" value="clothingGhillie"/>
		<item_property_overrides name="*">
			<property name="UMA.Mesh" value="ghillie_suit_shirt"/>
			<property name="UMA.Overlay0" value="ghillie_suit"/>
			<property name="UMA.Overlay0Tint" value="105,110,83"/>
			<property name="UMA.Mask0" value="hands" param1="outer"/>
			<property name="UMA.Mask1" value="chest" param1="middle"/>
			<property name="UMA.Overlay1" value=""/>
			<property name="UMA.Overlay1Tint" value=""/>
			<property name="UMA.Overlay2" value=""/>
			<property name="UMA.Overlay2Tint" value=""/>
			<property name="UMA.Overlay3" value=""/>
		</item_property_overrides>
		<effect_group tiered="false">
		<passive_effect name="HypothermalResist" operation="base_add" value="1"/>
		<passive_effect name="HyperthermalResist" operation="base_add" value="1,3.5"/>
		<passive_effect name="LightMultiplier" operation="perc_add" value="-.07"><requirement name="!IsIndoors"/></passive_effect>
		<passive_effect name="LightMultiplier" operation="perc_add" value="-.05"><requirement name="IsIndoors"/></passive_effect>
		<display_value name="dLightMultiplier" value="-.07"/>
		<passive_effect name="NoiseMultiplier" operation="perc_add" value="-.05"/><display_value name="dNoiseMultiplier" value="-.05"/>
		</effect_group>
	</item_modifier>
	<item_modifier name="Ghillie Pants Mod" installable_tags="legs" blocked_tags="armor" modifier_tags="rare" type="attachment">
		<property name="UnlockedBy" value="perkSniperComplete"/>
		<property name="CustomIcon" value="apparelGhillieSuitPants"/>
		<property name="Stacknumber" value="1"/> <property name="Group" value="Mods"/>
		<property name="DropMeshfile" value="#Other/Items?Misc/sack_droppedPrefab.prefab"/>
		<property name="EconomicValue" value="10"/>
		<property name="DisplayType" value="clothingGhillie"/>
		<item_property_overrides name="*">
			<property name="UMA.Mesh" value="ghillie_suit_pants"/>
			<property name="UMA.Overlay0" value="ghillie_suit"/>
			<property name="UMA.Overlay0Tint" value="105,110,83"/>
		</item_property_overrides>
		<effect_group tiered="false">
		<passive_effect name="HypothermalResist" operation="base_add" value="1"/>
		<passive_effect name="HyperthermalResist" operation="base_add" value="1,3.5"/>
		<passive_effect name="LightMultiplier" operation="perc_add" value="-.07"><requirement name="!IsIndoors"/></passive_effect>
		<passive_effect name="LightMultiplier" operation="perc_add" value="-.05"><requirement name="IsIndoors"/></passive_effect>
		<display_value name="dLightMultiplier" value="-.07"/>
		<passive_effect name="NoiseMultiplier" operation="perc_add" value="-.05"/><display_value name="dNoiseMultiplier" value="-.05"/>
		</effect_group>
	</item_modifier>
</append>
<!-- END GhillieSuitAsMods by stample, stamplesmods@gmail.com -->


<!-- #################################### -->
<!-- START Ragsy_Brighter_Vehicle_Headlights_V2 by Ragsy2145, Modified by Shouden Kalferas -->
<!-- Website: https://7daystodie.com/forums/showthread.php?106453-Ragsy2145-Modlets -->
<!-- Download URL: https://github.com/XelaNull/7dtd-FixedModlets/trunk/Ragsy_Brighter_Headlights_V2 -->
  <set xpath="/item_modifiers/item_modifier[@name='modArmorHelmetLight']/property[@name='LightValue']/@value">2.5</set>
<!-- END Ragsy_Brighter_Vehicle_Headlights_V2 by Ragsy2145, Modified by Shouden Kalferas -->


<!-- #################################### -->
<!-- START White River Tools of Citizenship - Bear Claws by ShoudenKalferas with help from SteamM0nkey -->
<!-- Website: https://7daystodie.com/forums/showthread.php?111233-White-River-Tools-Of-Citizenship -->
<!-- Download URL: https://github.com/XelaNull/7DTD-WhiteRiver_ToC.git -->
  <append xpath="/item_modifiers/item_modifier[@name='modMeleeClubBurningShaft']">
    <item_property_overrides name="vetitem_toc_claws_name">
      <property name="FlameEffect" value="ParticleEffects/p_torch_wall"/>
    </item_property_overrides>
    <item_property_overrides name="eliteitem_toc_claws_name">
      <property name="FlameEffect" value="ParticleEffects/p_torch_wall"/>
    </item_property_overrides>
  </append>
<!-- END White River Tools of Citizenship - Bear Claws by ShoudenKalferas with help from SteamM0nkey -->


<!-- #################################### -->
<!-- START White River Tools of Citizenship - Bunyan's FireAxe by Loosely derived from Royal Deluxe Vanilla+ Quests Modlet by ShoudenKalferas -->
<!-- Website: https://7daystodie.com/forums/showthread.php?111233-White-River-Tools-Of-Citizenship -->
<!-- Download URL: https://github.com/XelaNull/7DTD-WhiteRiver_ToC.git -->
  <append xpath="/item_modifiers/item_modifier[@name='modMeleeClubBurningShaft']">
    <item_property_overrides name="item_toc_bunyanaxe_name">
      <property name="FlameEffect" value="ItemModEffects/mod_fireaxe_flamePrefab"/>
    </item_property_overrides>
  </append>
<!-- END White River Tools of Citizenship - Bunyan's FireAxe by Loosely derived from Royal Deluxe Vanilla+ Quests Modlet by ShoudenKalferas -->


<!-- #################################### -->
<!-- START White River Tools of Citizenship - Daryl's Zombie-Killer Crossbow by ShoudenKalferas, and morggin -->
<!-- Website: https://github.com/XelaNull/XelaNull-7dtd-Modlets -->
<!-- Download URL: https://github.com/XelaNull/7DTD-WhiteRiver_ToC.git -->
	<append xpath="/item_modifiers/item_modifier[@name='modGunLaserSight']">
    <item_property_overrides name="vetitem_toc_daryl_name">
			<property name="SideOffset" value="0,0,.32"/>
			<property name="SideScale" value="1,1,1"/>
    </item_property_overrides>
    <item_property_overrides name="eliteitem_toc_daryl_name">
			<property name="SideOffset" value="0,0,.32"/>
			<property name="SideScale" value="1,1,1"/>
    </item_property_overrides>
  </append>
  <append xpath="/item_modifiers/item_modifier[@name='modGunFlashlight']">
    <item_property_overrides name="vetitem_toc_daryl_name">
			<property name="SideOffset" value="0,0,.32"/>
			<property name="SideScale" value="1,1,1"/>
    </item_property_overrides>
    <item_property_overrides name="eliteitem_toc_daryl_name">
			<property name="SideOffset" value="0,0,.32"/>
			<property name="SideScale" value="1,1,1"/>
    </item_property_overrides>
  </append>
  <append xpath="/item_modifiers/item_modifier[@name='modGunScopeSmall']">
    <item_property_overrides name="vetitem_toc_daryl_name">
			<property name="ScopeOffset" value="0,.092,-.06"/>
			<property name="ScopeScale" value=".9,.9,.9"/>
    </item_property_overrides>
    <item_property_overrides name="eliteitem_toc_daryl_name">
			<property name="ScopeOffset" value="0,.092,-.06"/>
			<property name="ScopeScale" value=".9,.9,.9"/>
    </item_property_overrides>
  </append>
  <append xpath="/item_modifiers/item_modifier[@name='modGunScopeMedium']">
    <item_property_overrides name="vetitem_toc_daryl_name">
			<property name="ScopeOffset" value="0,.092,-.06"/>
			<property name="ScopeScale" value=".9,.9,.9"/>
    </item_property_overrides>
    <item_property_overrides name="eliteitem_toc_daryl_name">
			<property name="ScopeOffset" value="0,.092,-.06"/>
			<property name="ScopeScale" value=".9,.9,.9"/>
    </item_property_overrides>
  </append>
  <append xpath="/item_modifiers/item_modifier[@name='modGunScopeLarge']">
    <item_property_overrides name="vetitem_toc_daryl_name">
			<property name="ScopeOffset" value="0,.061,-.0761"/>
			<property name="ScopeScale" value=".9,.9,.9"/>
			<property name="ScopeCameraOffset" value="0,0,0"/>
    </item_property_overrides>
    <item_property_overrides name="eliteitem_toc_daryl_name">
			<property name="ScopeOffset" value="0,.061,-.0761"/>
			<property name="ScopeScale" value=".9,.9,.9"/>
			<property name="ScopeCameraOffset" value="0,0,0"/>
    </item_property_overrides>
  </append>
  <append xpath="/item_modifiers/item_modifier[@name='modGunReflexSight']">
    <item_property_overrides name="vetitem_toc_daryl_name">
			<property name="ScopeOffset" value="0,.09,-.055"/>
			<property name="ScopeScale" value=".6,.6,.6"/>
			<property name="ScopeCameraOffset" value=".00008,-.021,.03"/>
    </item_property_overrides>
    <item_property_overrides name="eliteitem_toc_daryl_name">
			<property name="ScopeOffset" value="0,.09,-.055"/>
			<property name="ScopeScale" value=".6,.6,.6"/>
			<property name="ScopeCameraOffset" value=".00008,-.021,.03"/>
    </item_property_overrides>
  </append>
<!-- END White River Tools of Citizenship - Daryl's Zombie-Killer Crossbow by ShoudenKalferas, and morggin -->


<!-- #################################### -->
<!-- START White River Tools of Citizenship - Jason's Machete by Wyldwitchykat's addition to the White River TOC modlets by ShoudenKalferas -->
<!-- Website: https://7daystodie.com/forums/showthread.php?111233-White-River-Tools-Of-Citizenship -->
<!-- Download URL: https://github.com/XelaNull/7DTD-WhiteRiver_ToC.git -->
  <append xpath="/item_modifiers/item_modifier[@name='modMeleeClubBurningShaft']">
    <item_property_overrides name="item_toc_jason_name">
      <property name="FlameEffect" value="ItemModEffects/mod_machete_flamePrefab"/>
    </item_property_overrides>
  </append>
<!-- END White River Tools of Citizenship - Jason's Machete by Wyldwitchykat's addition to the White River TOC modlets by ShoudenKalferas -->


<!-- #################################### -->
<!-- START White River Tools of Citizenship - Leon's Modded SMG by Loosely derived from Royal Deluxe Vanilla+ Quests Modlet by ShoudenKalferas -->
<!-- Website: https://7daystodie.com/forums/showthread.php?111233-White-River-Tools-Of-Citizenship -->
<!-- Download URL: https://github.com/XelaNull/7DTD-WhiteRiver_ToC.git -->
	<append xpath="/item_modifiers/item_modifier[@name='modGunSoundSuppressorSilencer']">
    <item_property_overrides name="questitem_toc_leondegsmg_name">
      <property name="Sound_start" value="mp5_s_fire"/>
      <property name="Sound_end" value="silencefiller"/>
      <property name="Sound_loop" value="mp5_s_fire"/>
      <property name="BarrelOffset" value="0,0,0"/>
      <property name="BarrelScale" value="1,1,1"/>
    </item_property_overrides>
    <item_property_overrides name="questitem_toc_leonsmg_name">
      <property name="Sound_start" value="mp5_s_fire"/>
      <property name="Sound_end" value="silencefiller"/>
      <property name="Sound_loop" value="mp5_s_fire"/>
      <property name="BarrelOffset" value="0,0,0"/>
      <property name="BarrelScale" value="1,1,1"/>
    </item_property_overrides>
  </append>
  <append xpath="/item_modifiers/item_modifier[@name='modGunLaserSight']">
    <item_property_overrides name="questitem_toc_leondegsmg_name">
      <property name="SideOffset" value="0,.0108,.0148"/>
			<property name="SideScale" value="1.25,1.25,1.25"/>
    </item_property_overrides>
    <item_property_overrides name="questitem_toc_leonsmg_name">
      <property name="SideOffset" value="0,.0108,.0148"/>
			<property name="SideScale" value="1.25,1.25,1.25"/>
    </item_property_overrides>
  </append>
  <append xpath="/item_modifiers/item_modifier[@name='modGunFlashlight']">
    <item_property_overrides name="questitem_toc_leondegsmg_name">
      <property name="SideOffset" value="0,.0065,0"/>
      <property name="SideScale" value="1.5,1.5,1.5"/>
    </item_property_overrides>
    <item_property_overrides name="questitem_toc_leonsmg_name">
      <property name="SideOffset" value="0,.0065,0"/>
      <property name="SideScale" value="1.5,1.5,1.5"/>
    </item_property_overrides>
  </append>
  <append xpath="/item_modifiers/item_modifier[@name='modGunScopeSmall']">
    <item_property_overrides name="questitem_toc_leondegsmg_name">
      <property name="ScopeOffset" value="0,.0999,-.2534"/>
      <property name="ScopeScale" value=".9,.9,.9"/>
      <property name="ScopeCameraOffset" value="0,0,0"/>
    </item_property_overrides>
    <item_property_overrides name="questitem_toc_leonsmg_name">
      <property name="ScopeOffset" value="0,.0999,-.2534"/>
      <property name="ScopeScale" value=".9,.9,.9"/>
      <property name="ScopeCameraOffset" value="0,0,0"/>
    </item_property_overrides>
  </append>
  <append xpath="/item_modifiers/item_modifier[@name='modGunScopeMedium']">
    <item_property_overrides name="questitem_toc_leondegsmg_name">
      <property name="ScopeOffset" value="-.0012,.098,-.2405"/>
      <property name="ScopeScale" value=".8,.8,.8"/>
      <property name="ScopeCameraOffset" value="0,0,0"/>
    </item_property_overrides>
    <item_property_overrides name="questitem_toc_leonsmg_name">
      <property name="ScopeOffset" value="-.0012,.098,-.2405"/>
      <property name="ScopeScale" value=".8,.8,.8"/>
      <property name="ScopeCameraOffset" value="0,0,0"/>
    </item_property_overrides>
  </append>
  <append xpath="/item_modifiers/item_modifier[@name='modGunScopeLarge']">
    <item_property_overrides name="questitem_toc_leondegsmg_name">
      <property name="ScopeOffset" value="0,-.1029,-.1373"/>
      <property name="ScopeScale" value="1,1,1"/>
      <property name="ScopeCameraOffset" value="0,0,0"/>
    </item_property_overrides>
    <item_property_overrides name="questitem_toc_leonsmg_name">
      <property name="ScopeOffset" value="0,-.1029,-.1373"/>
      <property name="ScopeScale" value="1,1,1"/>
      <property name="ScopeCameraOffset" value="0,0,0"/>
    </item_property_overrides>
  </append>
  <append xpath="/item_modifiers/item_modifier[@name='modGunReflexSight']">
    <item_property_overrides name="questitem_toc_leondegsmg_name">
      <property name="ScopeOffset" value=".0001,.1,-.15"/>
      <property name="ScopeScale" value=".55,.55,.55"/>
      <property name="ScopeCameraOffset" value="-.00005,-.0214,.15"/>
    </item_property_overrides>
    <item_property_overrides name="questitem_toc_leonsmg_name">
      <property name="ScopeOffset" value=".0001,.1,-.15"/>
      <property name="ScopeScale" value=".55,.55,.55"/>
      <property name="ScopeCameraOffset" value="-.00005,-.0214,.15"/>
    </item_property_overrides>
  </append>
<!-- END White River Tools of Citizenship - Leon's Modded SMG by Loosely derived from Royal Deluxe Vanilla+ Quests Modlet by ShoudenKalferas -->


<!-- #################################### -->
<!-- START White River Tools of Citizenship - Pavlichenko's Rifle by Loosely derived from Royal Deluxe Vanilla+ Quests Modlet by ShoudenKalferas -->
<!-- Website: https://7daystodie.com/forums/showthread.php?111233-White-River-Tools-Of-Citizenship -->
<!-- Download URL: https://github.com/XelaNull/7DTD-WhiteRiver_ToC.git -->
	<append xpath="/item_modifiers/item_modifier[@name='modGunSoundSuppressorSilencer']">
    <item_property_overrides name="questitem_toc_pav_rifle_name">
			<property name="Sound_start" value="sniperrifle_s_fire"/>
			<property name="Sound_loop" value="sniperrifle_s_fire"/>
			<property name="BarrelOffset" value="0,-.02,.2182"/>
			<property name="BarrelScale" value=".88,.88,.88"/>
    </item_property_overrides>
  </append>
  <append xpath="/item_modifiers/item_modifier[@name='modGunLaserSight']">
    <item_property_overrides name="questitem_toc_pav_rifle_name">
			<property name="SideOffset" value="0,.003,.1674"/>
			<property name="SideScale" value="1,1,1"/>
    </item_property_overrides>
  </append>
  <append xpath="/item_modifiers/item_modifier[@name='modGunFlashlight']">
    <item_property_overrides name="questitem_toc_pav_rifle_name">
			<property name="SideOffset" value="0,-.0025,.175"/>
			<property name="SideScale" value="1.12,1.12,1.12"/>
    </item_property_overrides>
  </append>
  <append xpath="/item_modifiers/item_modifier[@name='modGunScopeSmall']">
    <item_property_overrides name="questitem_toc_pav_rifle_name">
			<property name="ScopeOffset" value="0,.0736,-.1497"/>
			<property name="ScopeScale" value=".9,.9,.9"/>
			<property name="ScopeCameraOffset" value="0,0,0"/>
    </item_property_overrides>
  </append>
  <append xpath="/item_modifiers/item_modifier[@name='modGunScopeMedium']">
    <item_property_overrides name="questitem_toc_pav_rifle_name">
			<property name="ScopeOffset" value="-.0018,.07,-.10"/>
			<property name="ScopeScale" value="1.6,1.6,1.6"/>
			<property name="ScopeCameraOffset" value="0,0,0"/>
    </item_property_overrides>
  </append>
  <append xpath="/item_modifiers/item_modifier[@name='modGunScopeLarge']">
    <item_property_overrides name="questitem_toc_pav_rifle_name">
			<property name="ScopeOffset" value="0,0,0"/>
			<property name="ScopeScale" value="1,1,1"/>
			<property name="ScopeCameraOffset" value="0,0,0"/>
    </item_property_overrides>
  </append>
  <append xpath="/item_modifiers/item_modifier[@name='modGunReflexSight']">
    <item_property_overrides name="questitem_toc_pav_rifle_name">
			<property name="ScopeOffset" value="0,.073,-.13"/>
			<property name="ScopeScale" value=".7,.7,.7"/>
			<property name="ScopeCameraOffset" value="0,-.0147,.12"/>
    </item_property_overrides>
  </append>
<!-- END White River Tools of Citizenship - Pavlichenko's Rifle by Loosely derived from Royal Deluxe Vanilla+ Quests Modlet by ShoudenKalferas -->


</configs>
