<configs>
<!-- #################################### -->
<!-- START 60Slot_Bag_30Reserve by ShoudenKalferas, Based on Khaine's 60BBM -->
<!-- Website: https://github.com/XelaNull/7dtd-Modlets.git -->
<!-- Download URL: https://github.com/XelaNull/7DTD-Bag_Bellows_Headshot/trunk/60Slot_Bag_30Reserve -->
	<set xpath="/lootcontainers/lootcontainer[@id='2']/@size">8,10</set>
<!-- END 60Slot_Bag_30Reserve by ShoudenKalferas, Based on Khaine's 60BBM -->


<!-- #################################### -->
<!-- START Doughs Buff Pipe Bombs by Doughphunghus -->
<!-- Website: https://github.com/doughphunghus -->
<!-- Download URL: https://github.com/doughphunghus/7D2D-Doughs-Mods-a19/trunk/Doughs-Buff-PipeBombs -->
  <append xpath="/lootcontainers/lootgroup[@name='groupWeaponsT2_Demolitionist']">
    <item name="doughsThrownAmmoPipeBombSteel" count="1,2"/>
    <item name="doughsThrownAmmoPipeBombBrass" count="1,4"/>
  </append>
  <append xpath="/lootcontainers/lootgroup[@name='groupQuestAmmo']">
    <item name="doughsThrownAmmoPipeBombSteel" count="5" loot_prob_template="QuestT3Prob"/>
    <item name="doughsThrownAmmoPipeBombBrass" count="10" loot_prob_template="QuestT2Prob"/>
  </append>
<!-- END Doughs Buff Pipe Bombs by Doughphunghus -->


<!-- #################################### -->
<!-- START Doughs - Food - Sous Chef Of The Apocalypse by Doughphunghus -->
<!-- Website: https://github.com/doughphunghus -->
<!-- Download URL: https://github.com/doughphunghus/7D2D-Doughs-Mods-a19/trunk/Doughs-Food-SousChefOfTheApocalypse -->
  <append xpath="/lootcontainers/lootgroup[@name='coldfood']">
    <item name="doughsDrinkBottomShelfRedWine" count="1,2" prob="0.1"/>
    <item name="doughsFoodRawSweetBread" count="1,2" prob="0.1"/>
    <item name="doughsFoodButter" count="1,2" prob="0.08"/>
    <item name="doughsFoodCheese" count="1,2" prob="0.08"/>
  </append>
  <append xpath="/lootcontainers/lootgroup[@name='beverages']"> 
    <item name="doughsDrinkBottomShelfRedWine" count="1,2" prob="0.1"/>
    <item name="doughsDrinkRawMilk" count="1,2" prob="0.05"/>
  </append>
  <append xpath="/lootcontainers/lootgroup[@name='drinks']"> 
    <item name="doughsDrinkBottomShelfRedWine" count="1,2" prob="0.1"/>
  </append>
  <append xpath="/lootcontainers/lootgroup[@name='cupboard']">
    <item name="doughsFoodFlour" count="1,2" prob="0.05"/>
    <item name="doughsFoodBouillonCube" count="1,2" prob="0.05"/>
    <item name="doughsFoodCreamOfTartar" count="1,2" prob="0.05"/>
    <item name="doughsFoodCookingOil" count="1,2" prob="0.05"/>
    <item name="doughsFoodHardTack" count="1,2" prob="0.08"/>
    <item name="doughsFoodBeefJerky" count="1,2" prob="0.08"/>
    <item name="doughsFoodTurkishDelight" count="1,2" prob="0.05"/>
    <item name="doughsDrinkBottomShelfRedWine" count="1,2" prob="0.1"/>
    <item name="doughsFoodCheese" count="1,2" prob="0.08"/>
  </append>
  <append xpath="/lootcontainers/lootgroup[@name='perkBooks']"> 
    <item name="doughsFoodBasicExtractingSchematic"/>
    <item name="doughsSeedToastingSchematic"/>
    <item name="doughsDrinkMilkProcessingSchematic"/>
    <item name="doughsFoodBreadSchematic"/>
  </append>
  <append xpath="/lootcontainers/lootgroup[@name='farmingCookingRecipesT0']"> 
    <item name="doughsSeedFlouringSchematic"/>
    <item name="doughsFoodPemmicanSchematic"/>
    <item name="doughsFoodPopCornSchematic" prob=".8"/>
    <item name="doughsDrinkSweetNutMilkSchematic"/>
    <item name="doughsFoodButterOfTheGodsSchematic" prob=".8"/>
    <item name="doughsFoodBoneMarrowSchematic"/>
  </append>
  <append xpath="/lootcontainers/lootgroup[@name='farmingCookingRecipesT1']"> 
    <item name="doughsFoodCheeseSchematic"/>
    <item name="doughsFoodIceCreamSchematic" prob=".6"/>
    <item name="doughsFoodButterSchematic"/>
    <item name="doughsFoodBoiledSweetBreadSchematic"/>
  </append>
  <append xpath="/lootcontainers/lootgroup[@name='farmingCookingRecipesT2']"> 
    <item name="doughsFoodEggSouffleSchematic" prob=".6"/>
    <item name="doughsFoodSweetCornBlueberryMuffinSchematic"/>
    <item name="doughsFoodPotatoesDauphinoiseSchematic"/>
    <item name="doughsFoodCroqueMonsieurSchematic" prob=".6"/>
    <item name="doughsFoodBoeufBourguignonSchematic"/>
    <item name="doughsFoodTurkishDelightSchematic"/>
  </append>
<!-- END Doughs - Food - Sous Chef Of The Apocalypse by Doughphunghus -->


<!-- #################################### -->
<!-- START Doughs Nerf Flashlights and Lanterns by Doughphunghus -->
<!-- Website: https://github.com/doughphunghus -->
<!-- Download URL: https://github.com/doughphunghus/7D2D-Doughs-Mods-a19/trunk/Doughs-Nerf-FlashlightsAndLanterns -->
  <remove xpath="/lootcontainers/*/item[@name='modGunFlashlight']" />
  <remove xpath="/lootcontainers/*/item[@name='modArmorHelmetLight']" />
  <remove xpath="/lootcontainers/*/item[@name='meleeToolFlashlight02']" />
  <set xpath="/lootcontainers/*/item[@mods='modArmorHelmetLight']/@mod_chance">0</set>
  <append xpath="/lootcontainers/lootgroup[@name='automotive']">
    <item name="doughsMeleeToolEmptyFlashlight" prob="0.005" />
  </append>
  <append xpath="/lootcontainers/lootgroup[@name='sportingGoods']">
    <item name="doughsMeleeToolEmptyFlashlight" prob="0.005"/>
  </append>
  <append xpath="/lootcontainers/lootgroup[@name='backpacks/survival']">
    <item name="doughsMeleeToolEmptyFlashlight" prob="0.005"/>
  </append>
  <append xpath="/lootcontainers/lootcontainer[@id='24']">
    <item name="doughsCellC" count="1,2" prob="0.005"/>
  </append>
  <append xpath="/lootcontainers/lootcontainer[@id='36']">
    <item name="doughsCellC" count="1" prob="0.002"/>
  </append>
  <append xpath="/lootcontainers/lootcontainer[@id='42']">
    <item name="doughsResourceSmallBulb" count="1" prob="0.02"/>
  </append>
  <append xpath="/lootcontainers/lootgroup[@name='chemistryStationLoot']">
    <item name="doughsCellC" count="1" prob="0.02"/>
  </append>
  <append xpath="/lootcontainers/lootgroup[@name='automotive']">
    <item name="doughsCellC" count="1" prob="0.01"/>
    <item name="doughsResourceSmallBulb" count="1" prob="0.01"/>
  </append>
  <append xpath="/lootcontainers/lootcontainer[@id='92']">
    <item name="doughsCellC" count="1,2" prob="0.02"/>
    <item name="doughsResourceSmallBulb" count="1" prob="0.01"/>
    <item name="doughsMeleeToolEmptyFlashlight" count="1" prob="0.05"/>
  </append>
  <append xpath="/lootcontainers/lootcontainer[@id='94']">
    <item name="doughsCellC" count="1" prob="0.01"/>
    <item name="doughsResourceSmallBulb" count="1" prob="0.01"/>
  </append>
  <append xpath="/lootcontainers/lootcontainer[@id='125']">
    <item name="doughsCellC" count="1,2" prob="0.02"/>
    <item name="doughsResourceSmallBulb" count="1" prob="0.02"/>
    <item name="doughsMeleeToolEmptyFlashlight" count="1" prob="0.05"/>
  </append>
<!-- END Doughs Nerf Flashlights and Lanterns by Doughphunghus -->


<!-- #################################### -->
<!-- START Doughs You've Got Mail by Doughphunghus -->
<!-- Website: https://github.com/doughphunghus -->
<!-- Download URL: https://github.com/doughphunghus/7D2D-Doughs-Mods-a19/trunk/Doughs-YouveGotMail -->
  <insertAfter xpath="/lootcontainers/lootgroup[@name='empty']">
    <lootgroup name="doughs_OldPapers">
      <item name="doughs_OldPaper_001" count="1" />
      <item name="doughs_OldPaper_002" count="1" />
      <item name="doughs_OldPaper_003" count="1" />
      <item name="doughs_OldPaper_004" count="1" />
      <item name="doughs_OldPaper_005" count="1" />
      <item name="doughs_OldPaper_006" count="1" />
      <item name="doughs_OldPaper_007" count="1" />
      <item name="doughs_OldPaper_008" count="1" />
      <item name="doughs_OldPaper_009" count="1" />
      <item name="doughs_OldPaper_010" count="1" />
      <item name="doughs_OldPaper_011" count="1" />
      <item name="doughs_OldPaper_012" count="1" />
      <item name="doughs_OldPaper_013" count="1" />
      <item name="doughs_OldPaper_014" count="1" />
      <item name="doughs_OldPaper_015" count="1" />
      <item name="doughs_OldPaper_016" count="1" />
      <item name="doughs_OldPaper_017" count="1" />
      <item name="doughs_OldPaper_018" count="1" />
      <item name="doughs_OldPaper_019" count="1" />
      <item name="doughs_OldPaper_020" count="1" />
    </lootgroup>
    <lootgroup name="doughs_StickyNotes">
      <item name="doughs_StickyNote_001" count="1" />
      <item name="doughs_StickyNote_002" count="1" />
      <item name="doughs_StickyNote_003" count="1" />
      <item name="doughs_StickyNote_004" count="1" />
      <item name="doughs_StickyNote_005" count="1" />
      <item name="doughs_StickyNote_006" count="1" />
      <item name="doughs_StickyNote_007" count="1" />
      <item name="doughs_StickyNote_008" count="1" />
      <item name="doughs_StickyNote_009" count="1" />
      <item name="doughs_StickyNote_010" count="1" />
    </lootgroup>
    <lootgroup name="doughs_PaperNotes">
      <item name="doughs_PaperNote_001" count="1" />
      <item name="doughs_PaperNote_002" count="1" />
      <item name="doughs_PaperNote_003" count="1" />
      <item name="doughs_PaperNote_004" count="1" />
      <item name="doughs_PaperNote_005" count="1" />
      <item name="doughs_PaperNote_006" count="1" />
      <item name="doughs_PaperNote_007" count="1" />
      <item name="doughs_PaperNote_008" count="1" />
      <item name="doughs_PaperNote_009" count="1" />
      <item name="doughs_PaperNote_010" count="1" />
    </lootgroup>
    <lootgroup name="doughs_GovFlyers">
      <item name="doughs_GovFlyer_001" count="1" />
      <item name="doughs_GovFlyer_002" count="1" />
      <item name="doughs_GovFlyer_003" count="1" />
      <item name="doughs_GovFlyer_004" count="1" />
      <item name="doughs_GovFlyer_005" count="1" />
      <item name="doughs_GovFlyer_006" count="1" />
      <item name="doughs_GovFlyer_007" count="1" />
      <item name="doughs_GovFlyer_008" count="1" />
      <item name="doughs_GovFlyer_009" count="1" />
      <item name="doughs_GovFlyer_010" count="1" />
      <item name="doughs_GovFlyer_011" count="1" />
      <item name="doughs_GovFlyer_012" count="1" />
      <item name="doughs_GovFlyer_013" count="1" />
      <item name="doughs_GovFlyer_014" count="1" />
      <item name="doughs_GovFlyer_015" count="1" />
      <item name="doughs_GovFlyer_016" count="1" />
      <item name="doughs_GovFlyer_017" count="1" />
      <item name="doughs_GovFlyer_018" count="1" />
      <item name="doughs_GovFlyer_019" count="1" />
      <item name="doughs_GovFlyer_020" count="1" />
    </lootgroup>
    <lootgroup name="doughs_BrownBooks">
      <item name="doughs_BrownBook_003" count="1" />
      <item name="doughs_BrownBook_004" count="1" />
      <item name="doughs_BrownBook_005" count="1" />
      <item name="doughs_BrownBook_006" count="1" />
      <item name="doughs_BrownBook_007" count="1" />
      <item name="doughs_BrownBook_008" count="1" />
      <item name="doughs_BrownBook_009" count="1" />
      <item name="doughs_BrownBook_011" count="1" />
      <item name="doughs_BrownBook_012" count="1" />
      <item name="doughs_BrownBook_013" count="1" />
      <item name="doughs_BrownBook_014" count="1" />
      <item name="doughs_BrownBook_015" count="1" />
      <item name="doughs_BrownBook_016" count="1" />
      <item name="doughs_BrownBook_017" count="1" />
      <item name="doughs_BrownBook_018" count="1" />
      <item name="doughs_BrownBook_019" count="1" />
      <item name="doughs_BrownBook_020" count="1" />
      <item name="doughs_BrownBook_021" count="1" />
      <item name="doughs_BrownBook_022" count="1" />
      <item name="doughs_BrownBook_023" count="1" />
      <item name="doughs_BrownBook_024" count="1" />
      <item name="doughs_BrownBook_025" count="1" />
      <item name="doughs_BrownBook_026" count="1" />
      <item name="doughs_BrownBook_027" count="1" />
      <item name="doughs_BrownBook_028" count="1" />
      <item name="doughs_BrownBook_029" count="1" />
      <item name="doughs_BrownBook_030" count="1" />
      <item name="doughs_BrownBook_031" count="1" />
      <item name="doughs_BrownBook_032" count="1" />
      <item name="doughs_BrownBook_033" count="1" />
      <item name="doughs_BrownBook_034" count="1" />
      <item name="doughs_BrownBook_035" count="1" />
      <item name="doughs_BrownBook_036" count="1" />
      <item name="doughs_BrownBook_037" count="1" />
      <item name="doughs_BrownBook_038" count="1" />
      <item name="doughs_BrownBook_039" count="1" />
      <item name="doughs_BrownBook_040" count="1" />
      <item name="doughs_BrownBook_041" count="1" />
      <item name="doughs_BrownBook_042" count="1" />
      <item name="doughs_BrownBook_043" count="1" />
      <item name="doughs_BrownBook_044" count="1" />
      <item name="doughs_BrownBook_045" count="1" />
      <item name="doughs_BrownBook_046" count="1" />
      <item name="doughs_Book_Game_Soduku_002" count="1" />
      <item name="doughs_Book_Game_Soduku_003" count="1" />
      <item name="doughs_Book_Game_Soduku_004" count="1" />
      <item name="doughs_Book_Game_Soduku_005" count="1" />
    </lootgroup>
    <lootgroup name="doughs_UselessItems">
      <item name="doughs_UselessItem_LockPick" count="1" />
      <item name="doughs_UselessItem_CrazyStraw" count="1,5" />
      <item name="doughs_UselessItem_LintFluff" count="1,10" />
      <item name="doughs_UselessItem_BoardGameMoney" count="1" />
      <item name="doughs_UselessItem_LabelingTape" count="1" />
      <item name="doughs_UselessItem_WrappingPaperRibbon" count="1" />
      <item name="doughs_UselessItem_CellophaneTape" count="1" />
      <item name="doughs_UselessItem_BugBomb" count="1,4" />
      <item name="doughs_UselessItem_TinyCandy" count="1,4" />
      <item name="doughs_UselessItem_JarOfUrine" count="1" />
      <item name="doughs_UselessItem_Empty35mmFilmCanister" count="1,5" />
      <item name="doughs_UselessItem_EmptyCardboardBox" count="1" />
      <item name="doughs_UselessItem_DollhouseSizedChemistryStation" count="1" />
      <item name="doughs_UselessItem_DollhouseSizedTableSaw" count="1" />
      <item name="doughs_UselessItem_PetRock" count="1" />
      <item name="doughs_UselessItem_ToyBeaker" count="1" />
      <item name="doughs_UselessItem_HotWaterBag" count="1,2" />
      <item name="doughs_UselessItem_IncenseStickBundle" count="1" />
      <item name="doughs_UselessItem_ToyPickUpSticksBundle" count="1" />
      <item name="doughs_UselessItem_TwistyTiesBundle" count="1" />
      <item name="doughs_UselessItem_OldTowel_001" count="1,2" />
      <item name="doughs_UselessItem_OldTowel_002" count="1,2" />
      <item name="doughs_UselessItem_OldTowel_003" count="1,2" />
      <item name="doughs_UselessItem_OldTowel_004" count="1,2" />
      <item name="doughs_UselessItem_OldTowel_005" count="1,2" />
      <item name="doughs_UselessItem_TeaTowel_002" count="1,2" />
      <item name="doughs_UselessItem_TeaTowel_003" count="1,2" />
      <item name="doughs_UselessItem_TeaTowel_004" count="1,2" />
      <item name="doughs_UselessItem_TeaTowel_005" count="1,2" />
      <item name="doughs_UselessItem_ToyWheel" count="1,2" />
      <item name="doughs_UselessItem_ChairWheel" count="1,4" />
      <item name="doughs_UselessItem_FancyChildsBelt" count="1" />
      <item name="doughs_UselessItem_Lipstick_001" count="1,2" />
      <item name="doughs_UselessItem_Lipstick_002" count="1,2" />
      <item name="doughs_UselessItem_Lipstick_003" count="1,2" />
      <item name="doughs_UselessItem_HobbyClock_001" count="1" />
      <item name="doughs_UselessItem_CeramicMug_001" count="1" />
      <item name="doughs_UselessItem_CeramicMug_002" count="1" />
      <item name="doughs_UselessItem_CeramicMug_003" count="1" />
      <item name="doughs_UselessItem_CeramicMug_004" count="1" />
      <item name="doughs_UselessItem_CeramicMug_005" count="1" />
      <item name="doughs_UselessItem_CeramicMug_007" count="1" />
      <item name="doughs_UselessItem_CeramicMug_008" count="1" />
      <item name="doughs_UselessItem_CeramicMug_009" count="1" />
      <item name="doughs_UselessItem_Cottonball" count="1,200" />
      <item name="doughs_UselessItem_WiperFluid" count="1,2" />
      <item name="doughs_UselessItem_PaintStripper" count="1,2" />
      <item name="doughs_UselessItem_Lubricant" count="1,2" />
      <item name="doughs_UselessItem_FilmReel" count="1,5" />
      <item name="doughs_UselessItem_CraftWire" count="1,10" />
      <item name="doughs_UselessItem_VinylTwine" count="1,20" />
      <item name="doughs_UselessItem_Pen" count="1,3" />
      <item name="doughs_UselessItem_Pencil" count="1,3" />
      <item name="doughs_UselessItem_BabyBottle" count="1" />
      <item name="doughs_UselessItem_VajazzlerItems" count="4,20" />
      <item name="doughs_UselessItem_ToiletGloves" count="1" />
      <item name="doughs_UselessItem_StiffSocks" count="1" />
      <item name="doughs_UselessItem_ShowerTileSample" count="1,3" />
      <item name="doughs_UselessItem_ColdWheelzBus" count="1" />
    </lootgroup>
    <lootgroup name="doughs_Parcels_Family">
      <item name="doughs_Parcel_Grandma_001" count="1" />
      <item name="doughs_Parcel_Grandma_002" count="1" />
      <item name="doughs_Parcel_Grandma_003" count="1" />
      <item name="doughs_Parcel_Grandma_004" count="1" />
      <item name="doughs_Parcel_Grandma_005" count="1" />
      <item name="doughs_Parcel_Grandpa_001" count="1" />
      <item name="doughs_Parcel_Grandpa_002" count="1" />
      <item name="doughs_Parcel_Grandpa_003" count="1" />
      <item name="doughs_Parcel_Grandpa_004" count="1" />
      <item name="doughs_Parcel_Grandpa_005" count="1" />
      <item name="doughs_Parcel_Birthday_001" count="1" />
      <item name="doughs_Parcel_Birthday_002" count="1" />
      <item name="doughs_Parcel_Birthday_003" count="1" />
      <item name="doughs_Parcel_Birthday_004" count="1" />
      <item name="doughs_Parcel_Birthday_005" count="1" />
    </lootgroup>
    <lootgroup name="doughs_Parcels_ReturnedItem">
      <item name="doughs_Parcel_ReturnedItem_001" count="1" />
      <item name="doughs_Parcel_ReturnedItem_002" count="1" />
      <item name="doughs_Parcel_ReturnedItem_003" count="1" />
      <item name="doughs_Parcel_ReturnedItem_004" count="1" />
      <item name="doughs_Parcel_ReturnedItem_005" count="1" />
    </lootgroup>
    <lootgroup name="doughs_Parcels_UnopenedPackage">
      <item name="doughs_Parcel_UnopenedPackage_001" count="1" />
      <item name="doughs_Parcel_UnopenedPackage_002" count="1" />
      <item name="doughs_Parcel_UnopenedPackage_003" count="1" />
      <item name="doughs_Parcel_UnopenedPackage_004" count="1" />
      <item name="doughs_Parcel_UnopenedPackage_005" count="1" />
      <item name="doughs_Parcel_UnopenedPackage_006" count="1" />
      <item name="doughs_Parcel_UnopenedPackage_007" count="1" />
      <item name="doughs_Parcel_UnopenedPackage_008" count="1" />
      <item name="doughs_Parcel_UnopenedPackage_009" count="1" />
      <item name="doughs_Parcel_UnopenedPackage_010" count="1" />
    </lootgroup>
    <lootgroup name="doughs_Parcels_BuildKitPackage">
      <item name="doughs_Parcel_BuildKitPackage_001" count="1" prob="0.01"/>
      <item name="doughs_Parcel_BuildKitPackage_002" count="1" prob="0.01"/>
      <item name="doughs_Parcel_BuildKitPackage_003" count="1" prob="0.01"/>
      <item name="doughs_Parcel_BuildKitPackage_004" count="1" prob="0.01"/>
      <item name="resourcePaper" count="1" /> 
    </lootgroup>
    <lootgroup name="doughs_Page_Game_Soduku">
      <item name="doughs_Page_Game_Soduku_001" count="1" prob="0.01" />
      <item name="doughs_Page_Game_Soduku_003" count="1" prob="0.02" />
      <item name="doughs_Page_Game_Soduku_026" count="1" prob="0.01" />
      <item name="doughs_Page_Game_Soduku_029" count="1" prob="0.02" />
      <item name="doughs_Page_Game_Soduku_052" count="1" prob="0.01" />
      <item name="doughs_Page_Game_Soduku_075" count="1" prob="0.02" />
      <item name="resourcePaper" count="1" /> 
    </lootgroup>
    <lootgroup name="doughs_Pieces_Game_Chess">
      <item name="doughs_ChessPiece_Pawn_Red" count="1" prob="0.4"/> 
      <item name="doughs_ChessPiece_Pawn_Blue" count="1" prob="0.4"/> 
      <item name="doughs_ChessPiece_Knight_Red" count="1" prob="0.2"/> 
      <item name="doughs_ChessPiece_Knight_Blue" count="1" prob="0.2"/> 
      <item name="doughs_ChessPiece_Bishop_Red" count="1" prob="0.2"/> 
      <item name="doughs_ChessPiece_Bishop_Blue" count="1" prob="0.2"/> 
      <item name="doughs_ChessPiece_Rook_Red" count="1" prob="0.2"/> 
      <item name="doughs_ChessPiece_Rook_Blue" count="1" prob="0.2"/> 
      <item name="doughs_ChessPiece_King_Red_001" count="1" prob="0.01"/> 
      <item name="doughs_ChessPiece_King_Red_002" count="1" prob="0.01"/> 
      <item name="doughs_ChessPiece_King_Red_003" count="1" prob="0.01"/> 
      <item name="doughs_ChessPiece_King_Red_004" count="1" prob="0.01"/> 
      <item name="doughs_ChessPiece_King_Red_005" count="1" prob="0.01"/> 
      <item name="doughs_ChessPiece_King_Blue_001" count="1" prob="0.01"/> 
      <item name="doughs_ChessPiece_King_Blue_002" count="1" prob="0.01"/> 
      <item name="doughs_ChessPiece_King_Blue_003" count="1" prob="0.01"/> 
      <item name="doughs_ChessPiece_King_Blue_004" count="1" prob="0.01"/> 
      <item name="doughs_ChessPiece_King_Blue_005" count="1" prob="0.01"/> 
      <item name="doughs_ChessPiece_Queen_Red" count="1" prob="0.02"/> 
      <item name="doughs_ChessPiece_Queen_Blue" count="1" prob="0.02"/> 
    </lootgroup>
    <lootgroup name="doughs_Pieces_Game_Checkers">
      <item name="doughs_CheckersBlock_1" count="1" prob="0.1"/> 
      <item name="doughs_CheckersBlock_2" count="1" prob="0.1"/> 
    </lootgroup>
    <lootgroup name="doughs_Schematics">
      <item name="doughs_Game_Soduku_Pieces_Schematic" count="1" prob="0.05"/>
      <item name="doughs_BrassBB_Schematic" count="1" prob="0.05"/>
      <item name="cobweb" count="1" /> 
    </lootgroup>
    <lootgroup name="doughs_Parcels_Games">
      <item name="doughs_Parcel_Game_Soduku_001" count="1" prob="0.05"/>
      <item name="doughs_Parcel_Game_TicTacToe_001" count="1" prob="0.05"/>
      <item name="doughs_Parcel_Game_Checkers_001" count="1" prob="0.05"/>
      <item name="doughs_Parcel_Game_Chess_001" count="1" prob="0.05"/>
      <item name="cobweb" count="1"/> 
    </lootgroup>
    <lootgroup name="doughs_Parcels_Sorry">
      <item name="doughs_ParcelNote_Sorry_001" count="1" prob="0.1"/>
      <item name="doughs_ParcelNote_Sorry_002" count="1" prob="0.1"/>
      <item name="doughs_ParcelNote_Sorry_003" count="1" prob="0.1"/>
      <item name="doughs_ParcelNote_Sorry_004" count="1" prob="0.1"/>
      <item name="doughs_ParcelNote_Sorry_005" count="1" prob="0.1"/>
      <item name="cobweb" count="1"/> 
    </lootgroup>
    <lootgroup name="doughs_Treasure_Maps">
      <item name="doughs_treasure_map_001" count="1" prob="0.05"/>
      <item name="doughs_treasure_map_002" count="1" prob="0.05"/>
    </lootgroup>
    <lootgroup name="doughs_Geocaching_SmallStuff">
      <item name="cobweb" count="2"/>
      <item name="doughs_UselessItem_CrazyStraw" count="1"/>
      <item name="doughs_UselessItem_BoardGameMoney" count="10" prob="0.5"/>
      <item name="doughs_UselessItem_TinyCandy" count="3"/>
      <item name="doughs_UselessItem_Empty35mmFilmCanister" count="1"/>
      <item name="doughs_UselessItem_PetRock" count="1"/>
      <item name="doughs_UselessItem_ToyExpandingFoam" count="2"/>
      <item name="oldCash" count="3"/>
      <item name="casinoCoin" count="2"/>
      <item group="doughs_Pieces_Game_Checkers"/>
    </lootgroup>
    <lootgroup name="doughs_AirdropItems">
      <item name="doughs_Parcel_UnopenedPackage_007" count="1" prob="0.1"/>
      <item name="doughs_Parcel_UnopenedPackage_009" count="1" prob="0.1"/>
      <item name="doughs_Parcel_BuildKitPackage_001" count="1" prob="0.05"/> 
      <item name="doughs_UselessItem_TeaTowel_002" count="1" prob="0.1"/>
      <item name="doughs_BrownBook_041" count="1" prob="0.05"/>
      <item name="doughs_BrownBook_043" count="1" prob="0.05"/>
      <item name="doughs_BrownBook_046" count="1" prob="0.05"/>
      <item name="doughs_BrownBook_038" count="1" prob="0.05"/>
      <item name="doughs_BrownBook_031" count="1" prob="0.05"/>
      <item name="casinoCoin" count="200" prob="0.2"/> 
      <item name="casinoCoin" count="300" prob="0.1"/> 
      <item name="casinoCoin" count="500" prob="0.05"/> 
      <item name="cobweb" count="1"/> 
    </lootgroup>
    <lootgroup name="doughs_AirdropNotes">
      <item name="doughs_AirdropNote_001" count="1" prob="0.05"/>
      <item name="doughs_AirdropNote_002" count="1" prob="0.05"/>
      <item name="doughs_AirdropNote_003" count="1" prob="0.05"/>
      <item name="doughs_AirdropNote_004" count="1" prob="0.05"/>
      <item name="doughs_AirdropNote_005" count="1" prob="0.05"/>
      <item name="doughs_AirdropNote_006" count="1" prob="0.05"/>
      <item name="doughs_AirdropNote_007" count="1" prob="0.05"/>
      <item name="doughs_AirdropNote_008" count="1" prob="0.05"/>
      <item name="doughs_AirdropNote_009" count="1" prob="0.05"/>
      <item name="doughs_AirdropNote_010" count="1" prob="0.05"/>
      <item name="cobweb" count="1"/> 
    </lootgroup>
  </insertAfter>
  <append xpath="/lootcontainers/lootgroup[@name='booksAllScaled']"> 
    <item group="doughs_BrownBooks" prob="60"/>
  </append>
  <append xpath="/lootcontainers/lootgroup[@name='junk']">
    <item group="doughs_OldPapers" />
    <item group="doughs_UselessItems" />
    <item group="doughs_Pieces_Game_Chess" />
    <item group="doughs_Pieces_Game_Checkers" />
    <item group="doughs_Page_Game_Soduku" />
    <item group="doughs_StickyNotes" />
    <item group="doughs_Schematics" />
  </append>
  <append xpath="/lootcontainers/lootcontainer[@id='14']">
    <item group="doughs_Parcels_Sorry" />
    <item group="doughs_Parcels_Games" />
    <item group="doughs_Parcels_UnopenedPackage" />
    <item group="doughs_Parcels_ReturnedItem" />
    <item group="doughs_Parcels_Family" />
    <item group="doughs_GovFlyers" />
    <item group="doughs_PaperNotes" />
    <item group="doughs_Parcels_BuildKitPackage" prob="0.2"/>
  </append>
  <append xpath="/lootcontainers/lootcontainer[@id='24']">
    <item group="doughs_Pieces_Game_Chess" />
    <item group="doughs_StickyNotes" />
    <item group="doughs_Schematics" />
    <item group="doughs_Treasure_Maps" prob="0.2"/>
  </append>
  <append xpath="/lootcontainers/lootcontainer[@id='42']">
    <item group="doughs_Pieces_Game_Checkers" />
    <item group="doughs_Page_Game_Soduku" />
    <item group="doughs_StickyNotes" />
    <item group="doughs_Schematics" />
    <item group="doughs_Treasure_Maps" prob="0.4"/>
  </append>
  <append xpath="/lootcontainers/lootcontainer[@id='34']">
    <item group="doughs_AirdropItems" prob="0.1"/>
    <item group="doughs_AirdropNotes" prob="0.1"/>
  </append>
  <insertAfter xpath="/lootcontainers/lootcontainer[@id='1']">
    <lootcontainer id="591" count="0" size="3,3" sound_open="UseActions/open_suitcase" sound_close="UseActions/close_suitcase" loot_quality_template="qualBaseTemplate">
    	<item name="cobweb" count="1"/>
    </lootcontainer>
    <lootcontainer id="592" count="0" size="8,8" sound_open="UseActions/open_suitcase" sound_close="UseActions/close_suitcase" loot_quality_template="qualBaseTemplate">
    	<item name="cobweb" count="1"/>
    </lootcontainer>
    <lootcontainer id="593" count="0" size="9,9" sound_open="UseActions/open_suitcase" sound_close="UseActions/close_suitcase" loot_quality_template="qualBaseTemplate">
    	<item name="cobweb" count="1"/>
    </lootcontainer>
    <lootcontainer id="594" count="1,4" size="2,2" sound_open="UseActions/open_suitcase" sound_close="UseActions/close_suitcase" loot_quality_template="qualBaseTemplate">
      <item group="doughs_Geocaching_SmallStuff"/>
      <item group="groupBuriedLootStashTreasure"/> 
    </lootcontainer>
  </insertAfter>
<!-- END Doughs You've Got Mail by Doughphunghus -->


<!-- #################################### -->
<!-- START DrPrepper by stample, stamplesmods@gmail.com -->
<!-- Download URL: https://github.com/stamplesmods/7d2dmodlets/trunk/DrPrepper -->
<insertAfter xpath="/lootcontainers/lootgroup[@name='beverages']/item[@name='drinkJarBeer']">
	<item name="Dr. Prepper"/>
</insertAfter>
<!-- END DrPrepper by stample, stamplesmods@gmail.com -->


<!-- #################################### -->
<!-- START Armor With Mods by Okami -->
<!-- Download URL: https://github.com/Okamich/FallOFBabylon-A19/trunk/FoB_ArmorWithMods -->
    <append xpath="/lootcontainers">
		<lootgroup name="fob_armorWModsTestLoot1" count="70">
			<item name="apparelBandana" mods="waterPurifier,rare,misc,modArmorHelmetLight,resistance,thermal,temperature,movement,carryweight,stealth,falldamage,ammo" mod_chance=".5"/>
			<item name="apparelSuitPants" mods="waterPurifier,rare,misc,modArmorHelmetLight,resistance,thermal,temperature,movement,carryweight,stealth,falldamage,ammo" mod_chance=".5"/>
			<item name="apparelSuitJacket" mods="waterPurifier,rare,misc,modArmorHelmetLight,resistance,thermal,temperature,movement,carryweight,stealth,falldamage,ammo" mod_chance=".5"/>
			<item name="apparelSuitDressShoes" mods="waterPurifier,rare,misc,modArmorHelmetLight,resistance,thermal,temperature,movement,carryweight,stealth,falldamage,ammo" mod_chance=".5"/>
			<item name="apparelDenimPants" mods="waterPurifier,rare,misc,modArmorHelmetLight,resistance,thermal,temperature,movement,carryweight,stealth,falldamage,ammo" mod_chance=".5"/>
			<item name="apparelArmyPants" mods="waterPurifier,rare,misc,modArmorHelmetLight,resistance,thermal,temperature,movement,carryweight,stealth,falldamage,ammo" mod_chance=".5"/>
			<item name="apparelSkirt" mods="waterPurifier,rare,misc,modArmorHelmetLight,resistance,thermal,temperature,movement,carryweight,stealth,falldamage,ammo" mod_chance=".5"/>
			<item name="apparelDenimShortsPants" mods="waterPurifier,rare,misc,modArmorHelmetLight,resistance,thermal,temperature,movement,carryweight,stealth,falldamage,ammo" mod_chance=".5"/>
			<item name="apparelCoatPufferCoat" mods="waterPurifier,rare,misc,modArmorHelmetLight,resistance,thermal,temperature,movement,carryweight,stealth,falldamage,ammo" mod_chance=".5"/>
			<item name="apparelLongShirt" mods="waterPurifier,rare,misc,modArmorHelmetLight,resistance,thermal,temperature,movement,carryweight,stealth,falldamage,ammo" mod_chance=".5"/>
			<item name="apparelArmyShirt" mods="waterPurifier,rare,misc,modArmorHelmetLight,resistance,thermal,temperature,movement,carryweight,stealth,falldamage,ammo" mod_chance=".5"/>
			<item name="apparelSkullCap" mods="waterPurifier,rare,misc,modArmorHelmetLight,resistance,thermal,temperature,movement,carryweight,stealth,falldamage,ammo" mod_chance=".5"/>
			<item name="apparelBallCap" mods="waterPurifier,rare,misc,modArmorHelmetLight,resistance,thermal,temperature,movement,carryweight,stealth,falldamage,ammo" mod_chance=".5"/>
			<item name="apparelPressboyCap" mods="waterPurifier,rare,misc,modArmorHelmetLight,resistance,thermal,temperature,movement,carryweight,stealth,falldamage,ammo" mod_chance=".5"/>
			<item name="apparelSweatshirt" mods="waterPurifier,rare,misc,modArmorHelmetLight,resistance,thermal,temperature,movement,carryweight,stealth,falldamage,ammo" mod_chance=".5"/>
			<item name="apparelHoodySweatshirt" mods="waterPurifier,rare,misc,modArmorHelmetLight,resistance,thermal,temperature,movement,carryweight,stealth,falldamage,ammo" mod_chance=".5"/>
			<item name="apparelTankTop" mods="waterPurifier,rare,misc,modArmorHelmetLight,resistance,thermal,temperature,movement,carryweight,stealth,falldamage,ammo" mod_chance=".5"/>
			<item name="apparelCowboyHat" mods="waterPurifier,rare,misc,modArmorHelmetLight,resistance,thermal,temperature,movement,carryweight,stealth,falldamage,ammo" mod_chance=".5"/>
			<item name="apparelOveralls" mods="waterPurifier,rare,misc,modArmorHelmetLight,resistance,thermal,temperature,movement,carryweight,stealth,falldamage,ammo" mod_chance=".5"/>
			<item name="apparelHazmatBoots" mods="waterPurifier,rare,misc,modArmorHelmetLight,resistance,thermal,temperature,movement,carryweight,stealth,falldamage,ammo" mod_chance=".5"/>
			<item name="apparelHazmatPants" mods="waterPurifier,rare,misc,modArmorHelmetLight,resistance,thermal,temperature,movement,carryweight,stealth,falldamage,ammo" mod_chance=".5"/>
			<item name="apparelHazmatJacket" mods="waterPurifier,rare,misc,modArmorHelmetLight,resistance,thermal,temperature,movement,carryweight,stealth,falldamage,ammo" mod_chance=".5"/>
			<item name="apparelHazmatGloves" mods="waterPurifier,rare,misc,modArmorHelmetLight,resistance,thermal,temperature,movement,carryweight,stealth,falldamage,ammo" mod_chance=".5"/>
			<item name="apparelHazmatMask" mods="waterPurifier,rare,misc,modArmorHelmetLight,resistance,thermal,temperature,movement,carryweight,stealth,falldamage,ammo" mod_chance=".5"/>
			<item name="resourceMilitaryFiber" count="1,6" prob="2"/>
		</lootgroup>
		<lootgroup name="fob_armorWModsTestLoot2" count="70">
			<item name="armorClothHat" mods="waterPurifier,rare,misc,modArmorHelmetLight,resistance,thermal,temperature,movement,carryweight,stealth,falldamage,ammo" mod_chance=".5" quality="1,6"/>
			<item name="armorFootballHelmet" mods="waterPurifier,rare,misc,modArmorHelmetLight,resistance,thermal,temperature,movement,carryweight,stealth,falldamage,ammo" mod_chance=".5" quality="1,6"/>
			<item name="apparelCowboyBoots" mods="waterPurifier,rare,misc,modArmorHelmetLight,resistance,thermal,temperature,movement,carryweight,stealth,falldamage,ammo" mod_chance=".5" quality="1,6"/>
			<item name="apparelTShirtPlain" mods="waterPurifier,rare,misc,modArmorHelmetLight,resistance,thermal,temperature,movement,carryweight,stealth,falldamage,ammo" mod_chance=".5" quality="1,6"/>
			<item name="apparelWornBoots" mods="waterPurifier,rare,misc,modArmorHelmetLight,resistance,thermal,temperature,movement,carryweight,stealth,falldamage,ammo" mod_chance=".5" quality="1,6"/>
			<item name="apparelShades" mods="waterPurifier,rare,misc,modArmorHelmetLight,resistance,thermal,temperature,movement,carryweight,stealth,falldamage,ammo" mod_chance=".5" quality="1,6"/>
			<item name="apparelNerdGlasses" mods="waterPurifier,rare,misc,modArmorHelmetLight,resistance,thermal,temperature,movement,carryweight,stealth,falldamage,ammo" mod_chance=".5" quality="1,6"/>
			<item name="apparelSkiGoggles" mods="waterPurifier,rare,misc,modArmorHelmetLight,resistance,thermal,temperature,movement,carryweight,stealth,falldamage,ammo" mod_chance=".5" quality="1,6"/>
			<item name="apparelAviatorGoggles" mods="waterPurifier,rare,misc,modArmorHelmetLight,resistance,thermal,temperature,movement,carryweight,stealth,falldamage,ammo" mod_chance=".5" quality="1,6"/>
			<item name="armorFootballHelmet" mods="waterPurifier,rare,misc,modArmorHelmetLight,resistance,thermal,temperature,movement,carryweight,stealth,falldamage,ammo" mod_chance=".5" quality="1,6"/>
			<item name="apparelCoatLeatherDuster" mods="waterPurifier,rare,misc,modArmorHelmetLight,resistance,thermal,temperature,movement,carryweight,stealth,falldamage,ammo" mod_chance=".5" quality="1,6"/>
			<item name="apparelFacialPiercings" mods="waterPurifier,rare,misc,modArmorHelmetLight,resistance,thermal,temperature,movement,carryweight,stealth,falldamage,ammo" mod_chance=".5" quality="1,6"/>
			<item name="apparelGothBoots" mods="waterPurifier,rare,misc,modArmorHelmetLight,resistance,thermal,temperature,movement,carryweight,stealth,falldamage,ammo" mod_chance=".5" quality="1,6"/>
			<item name="apparelGothPants" mods="waterPurifier,rare,misc,modArmorHelmetLight,resistance,thermal,temperature,movement,carryweight,stealth,falldamage,ammo" mod_chance=".5" quality="1,6"/>
			<item name="armorClothHat" mods="waterPurifier,rare,misc,modArmorHelmetLight,resistance,thermal,temperature,movement,carryweight,stealth,falldamage,ammo" mod_chance=".5" quality="1,6"/>
			<item name="armorClothPants" mods="waterPurifier,rare,misc,modArmorHelmetLight,resistance,thermal,temperature,movement,carryweight,stealth,falldamage,ammo" mod_chance=".5" quality="1,6"/>
			<item name="armorClothJacket" mods="waterPurifier,rare,misc,modArmorHelmetLight,resistance,thermal,temperature,movement,carryweight,stealth,falldamage,ammo" mod_chance=".5" quality="1,6"/>
			<item name="armorClothBoots" mods="waterPurifier,rare,misc,modArmorHelmetLight,resistance,thermal,temperature,movement,carryweight,stealth,falldamage,ammo" mod_chance=".5" quality="1,6"/>
			<item name="armorClothGloves" mods="waterPurifier,rare,misc,modArmorHelmetLight,resistance,thermal,temperature,movement,carryweight,stealth,falldamage,ammo" mod_chance=".5" quality="1,6"/>
			<item name="armorLeatherBoots" mods="waterPurifier,rare,misc,modArmorHelmetLight,resistance,thermal,temperature,movement,carryweight,stealth,falldamage,ammo" mod_chance=".5" quality="1,6"/>
			<item name="armorLeatherPants" mods="waterPurifier,rare,misc,modArmorHelmetLight,resistance,thermal,temperature,movement,carryweight,stealth,falldamage,ammo" mod_chance=".5" quality="1,6"/>
			<item name="armorLeatherChest" mods="waterPurifier,rare,misc,modArmorHelmetLight,resistance,thermal,temperature,movement,carryweight,stealth,falldamage,ammo" mod_chance=".5" quality="1,6"/>
			<item name="armorLeatherGloves" mods="waterPurifier,rare,misc,modArmorHelmetLight,resistance,thermal,temperature,movement,carryweight,stealth,falldamage,ammo" mod_chance=".5" quality="1,6"/>
			<item name="armorLeatherHood" mods="waterPurifier,rare,misc,modArmorHelmetLight,resistance,thermal,temperature,movement,carryweight,stealth,falldamage,ammo" mod_chance=".5" quality="1,6"/>
			<item name="armorMiningHelmet" mods="waterPurifier,rare,misc,modArmorHelmetLight,resistance,thermal,temperature,movement,carryweight,stealth,falldamage,ammo" mod_chance=".5" quality="1,6"/>
			<item name="armorMilitaryGloves" mods="waterPurifier,rare,misc,modArmorHelmetLight,resistance,thermal,temperature,movement,carryweight,stealth,falldamage,ammo" mod_chance=".5" quality="1,6"/>
			<item name="armorMilitaryHelmet" mods="waterPurifier,rare,misc,modArmorHelmetLight,resistance,thermal,temperature,movement,carryweight,stealth,falldamage,ammo" mod_chance=".5" quality="1,6"/>
			<item name="armorMilitaryBoots" mods="waterPurifier,rare,misc,modArmorHelmetLight,resistance,thermal,temperature,movement,carryweight,stealth,falldamage,ammo" mod_chance=".5" quality="1,6"/>
			<item name="armorMilitaryLegs" mods="waterPurifier,rare,misc,modArmorHelmetLight,resistance,thermal,temperature,movement,carryweight,stealth,falldamage,ammo" mod_chance=".5" quality="1,6"/>
			<item name="armorMilitaryVest" mods="waterPurifier,rare,misc,modArmorHelmetLight,resistance,thermal,temperature,movement,carryweight,stealth,falldamage,ammo" mod_chance=".5" quality="1,6"/>
			<item name="armorScrapBoots" mods="waterPurifier,rare,misc,modArmorHelmetLight,resistance,thermal,temperature,movement,carryweight,stealth,falldamage,ammo" mod_chance=".5" quality="1,6"/>
			<item name="armorScrapLegs" mods="waterPurifier,rare,misc,modArmorHelmetLight,resistance,thermal,temperature,movement,carryweight,stealth,falldamage,ammo" mod_chance=".5" quality="1,6"/>
			<item name="armorScrapGloves" mods="waterPurifier,rare,misc,modArmorHelmetLight,resistance,thermal,temperature,movement,carryweight,stealth,falldamage,ammo" mod_chance=".5" quality="1,6"/>
			<item name="armorScrapChest" mods="waterPurifier,rare,misc,modArmorHelmetLight,resistance,thermal,temperature,movement,carryweight,stealth,falldamage,ammo" mod_chance=".5" quality="1,6"/>
			<item name="armorScrapHelmet" mods="waterPurifier,rare,misc,modArmorHelmetLight,resistance,thermal,temperature,movement,carryweight,stealth,falldamage,ammo" mod_chance=".5" quality="1,6"/>
			<item name="armorIronGloves" mods="waterPurifier,rare,misc,modArmorHelmetLight,resistance,thermal,temperature,movement,carryweight,stealth,falldamage,ammo" mod_chance=".5" quality="1,6"/>
			<item name="armorIronHelmet" mods="waterPurifier,rare,misc,modArmorHelmetLight,resistance,thermal,temperature,movement,carryweight,stealth,falldamage,ammo" mod_chance=".5" quality="1,6"/>
			<item name="armorIronBoots" mods="waterPurifier,rare,misc,modArmorHelmetLight,resistance,thermal,temperature,movement,carryweight,stealth,falldamage,ammo" mod_chance=".5" quality="1,6"/>
			<item name="armorIronLegs" mods="waterPurifier,rare,misc,modArmorHelmetLight,resistance,thermal,temperature,movement,carryweight,stealth,falldamage,ammo" mod_chance=".5" quality="1,6"/>
			<item name="armorIronChest" mods="waterPurifier,rare,misc,modArmorHelmetLight,resistance,thermal,temperature,movement,carryweight,stealth,falldamage,ammo" mod_chance=".5" quality="1,6"/>
			<item name="armorSteelBoots" mods="waterPurifier,rare,misc,modArmorHelmetLight,resistance,thermal,temperature,movement,carryweight,stealth,falldamage,ammo" mod_chance=".5" quality="1,6"/>
			<item name="armorSteelLegs" mods="waterPurifier,rare,misc,modArmorHelmetLight,resistance,thermal,temperature,movement,carryweight,stealth,falldamage,ammo" mod_chance=".5" quality="1,6"/>
			<item name="armorSteelChest" mods="waterPurifier,rare,misc,modArmorHelmetLight,resistance,thermal,temperature,movement,carryweight,stealth,falldamage,ammo" mod_chance=".5" quality="1,6"/>
			<item name="armorSteelGloves" mods="waterPurifier,rare,misc,modArmorHelmetLight,resistance,thermal,temperature,movement,carryweight,stealth,falldamage,ammo" mod_chance=".5" quality="1,6"/>
			<item name="armorSwatHelmet" mods="waterPurifier,rare,misc,modArmorHelmetLight,resistance,thermal,temperature,movement,carryweight,stealth,falldamage,ammo" mod_chance=".5" quality="1,6"/>
			<item name="armorMiningHelmet" mods="waterPurifier,rare,misc,modArmorHelmetLight,resistance,thermal,temperature,movement,carryweight,stealth,falldamage,ammo" mod_chance=".5" quality="1,6"/>
		</lootgroup>
		<lootgroup name="fob_armorWModsTestLoot3" count="70">
			<item name="meleeWpnBladeT1HuntingKnife" mods="damage,durability,health,shaft,fire,specialDamage,knockback" mod_chance=".5" quality="1,6"/>
			<item name="meleeWpnClubT1BaseballBat" mods="damage,durability,health,shaft,fire,specialDamage,knockback" mod_chance=".5" quality="1,6"/>
			<item name="meleeWpnSpearT1IronSpear" mods="damage,durability,health,shaft,fire,specialDamage,knockback" mod_chance=".5" quality="1,6"/>
			<item name="meleeWpnSledgeT1IronSledgehammer" mods="damage,durability,health,shaft,fire,specialDamage,knockback" mod_chance=".5" quality="1,6"/>
			<item name="meleeWpnKnucklesT1IronKnuckles" mods="damage,durability,health,shaft,fire,specialDamage,knockback" mod_chance=".5" quality="1,6"/>
			<item name="meleeWpnBatonT2StunBaton" mods="damage,durability,health,shaft,fire,specialDamage,knockback" mod_chance=".5" quality="1,6"/>
			<item name="meleeWpnBladeT3Machete" mods="damage,durability,health,shaft,fire,specialDamage,knockback" mod_chance=".5" quality="1,6"/>
			<item name="meleeWpnClubT3SteelClub" mods="damage,durability,health,shaft,fire,specialDamage,knockback" mod_chance=".5" prob="0.7" quality="1,6"/>
			<item name="meleeWpnSpearT3SteelSpear" mods="damage,durability,health,shaft,fire,specialDamage,knockback" mod_chance=".5" quality="1,6"/>
			<item name="meleeWpnSledgeT3SteelSledgehammer" mods="damage,durability,health,shaft,fire,specialDamage,knockback" mod_chance=".5" quality="1,6"/>
			<item name="meleeWpnKnucklesT3SteelKnuckles" mods="damage,durability,health,shaft,fire,specialDamage,knockback" mod_chance=".5" quality="1,6"/>
			<item name="gunHandgunT1Pistol" mods="barrelAttachments,sideAttachments,smallTopAttachments,scope,trigger,magazine,grips,accuracy,crippling" mod_chance=".5" quality="1,6"/>
			<item name="gunShotgunT1DoubleBarrel" mods="barrelAttachments,sideAttachments,smallTopAttachments,scope,trigger,magazine,grips,accuracy,crippling" mod_chance=".5" quality="1,6"/>
			<item name="gunMGT1AK47" mods="barrelAttachments,sideAttachments,smallTopAttachments,scope,trigger,magazine,grips,accuracy,crippling" mod_chance=".5" quality="1,6"/>
			<item name="gunRifleT1HuntingRifle" mods="barrelAttachments,sideAttachments,smallTopAttachments,scope,trigger,magazine,grips,accuracy,crippling" mod_chance=".5" quality="1,6"/>
			<item name="gunBowT1WoodenBow" mods="barrelAttachments,sideAttachments,smallTopAttachments,scope,trigger,velocity" mod_chance=".5" prob="0.7" quality="1,6"/>
			<item name="gunBowT1IronCrossbow" mods="barrelAttachments,sideAttachments,smallTopAttachments,scope,trigger,velocity" mod_chance=".5" prob="0.7" quality="1,6"/>
			<item name="gunBotT1JunkSledge" mods="barrelAttachments,sideAttachments,smallTopAttachments,scope,trigger,magazine,grips,accuracy,crippling" mod_chance=".5" prob="0.7" quality="1,6"/>
			<item name="gunShotgunT2PumpShotgun" mods="barrelAttachments,sideAttachments,smallTopAttachments,scope,trigger,magazine,grips,accuracy,crippling" mod_chance=".5" quality="1,6"/>
			<item name="gunMGT2TacticalAR" mods="barrelAttachments,sideAttachments,smallTopAttachments,scope,trigger,magazine,grips,accuracy,crippling" mod_chance=".5" quality="1,6"/>
			<item name="gunRifleT2MarksmanRifle" mods="barrelAttachments,sideAttachments,smallTopAttachments,scope,trigger,magazine,grips,accuracy,crippling" mod_chance=".5" quality="1,6"/>
			<item name="gunHandgunT2Magnum44" mods="barrelAttachments,sideAttachments,smallTopAttachments,scope,trigger,magazine,grips,accuracy,crippling" mod_chance=".5" prob="0.7" quality="1,6"/>
			<item name="gunBowT3CompoundBow" mods="barrelAttachments,sideAttachments,smallTopAttachments,scope,trigger,velocity" mod_chance=".5" prob="0.7" quality="1,6"/>
			<item name="gunBowT3CompoundCrossbow" mods="barrelAttachments,sideAttachments,smallTopAttachments,scope,trigger,velocity" mod_chance=".5" prob="0.7" quality="1,6"/>
			<item name="gunHandgunT3SMG5" mods="barrelAttachments,sideAttachments,smallTopAttachments,scope,trigger,magazine,grips,accuracy,crippling" mod_chance=".5" prob="0.7" quality="1,6"/>
			<item name="gunMGT3M60" mods="barrelAttachments,sideAttachments,smallTopAttachments,scope,trigger,magazine,grips,accuracy,crippling" mod_chance=".5" quality="1,6"/>
			<item name="gunHandgunT2Magnum44" mods="barrelAttachments,sideAttachments,smallTopAttachments,scope,trigger,magazine,grips,accuracy,crippling" mod_chance=".5" prob="0.7" quality="1,6"/>
			<item name="gunHandgunT3DesertVulture" mods="barrelAttachments,sideAttachments,smallTopAttachments,scope,trigger,magazine,grips,accuracy,crippling" mod_chance=".5" prob="0.7" quality="1,6"/>
			<item name="gunShotgunT3AutoShotgun" mods="barrelAttachments,sideAttachments,smallTopAttachments,scope,trigger,magazine,grips,accuracy,crippling" mod_chance=".5" prob="0.7" quality="1,6"/>
			<item name="gunRifleT3SniperRifle" mods="barrelAttachments,sideAttachments,smallTopAttachments,scope,trigger,magazine,grips,accuracy,crippling" mod_chance=".5" prob="0.7" quality="1,6"/>
			<item name="gunExplosivesT3RocketLauncher" mods="barrelAttachments,sideAttachments,smallTopAttachments,scope,trigger,magazine,grips,accuracy,crippling" mod_chance=".5" quality="1,6"/>
			<item name="gunHandgunT3SMG5" mods="barrelAttachments,sideAttachments,smallTopAttachments,scope,trigger,magazine,grips,accuracy,crippling" mod_chance=".5" prob="0.7" quality="2,5"/>
			<item name="gunMGT3M60" mods="barrelAttachments,sideAttachments,smallTopAttachments,scope,trigger,magazine,grips,accuracy,crippling" mod_chance=".5" quality="2,5"/>
			<item name="gunHandgunT2Magnum44" mods="barrelAttachments,sideAttachments,smallTopAttachments,scope,trigger,magazine,grips,accuracy,crippling" mod_chance=".5" prob="0.7" quality="2,5"/>
			<item name="gunHandgunT3DesertVulture" mods="barrelAttachments,sideAttachments,smallTopAttachments,scope,trigger,magazine,grips,accuracy,crippling" mod_chance=".5" prob="0.7" quality="2,5"/>
			<item name="gunShotgunT3AutoShotgun" mods="barrelAttachments,sideAttachments,smallTopAttachments,scope,trigger,magazine,grips,accuracy,crippling" mod_chance=".5" prob="0.7" quality="2,5"/>
			<item name="gunRifleT3SniperRifle" mods="barrelAttachments,sideAttachments,smallTopAttachments,scope,trigger,magazine,grips,accuracy,crippling" mod_chance=".5" prob="0.7" quality="2,5"/>
			<item name="gunExplosivesT3RocketLauncher" mods="barrelAttachments,sideAttachments,smallTopAttachments,scope,trigger,magazine,grips,accuracy,crippling" mod_chance=".5" quality="2,5"/>
			<item name="meleeToolAxeT3Chainsaw" mods="fuel,durability,damage,durability,health,fire,damageWood" mod_chance=".5" quality="1,6"/>
			<item name="meleeToolPickT3Auger" mods="fuel,durability,damage,durability,health,fire,damageDirt,damageStone,damageIron," mod_chance=".5" quality="1,6"/>
			<item name="meleeToolPickT2SteelPickaxe" mods="damage,durability,health,damageDirt,damageStone,damageIron" mod_chance=".5" prob="0.7" quality="1,6"/>
			<item name="meleeToolAxeT2SteelAxe" mods="damage,durability,health,fire,damageDirt,damageStone,damageIron,damageWood" mod_chance=".5" prob="0.7" quality="1,6"/>
			<item name="meleeToolShovelT2SteelShovel" mods="damage,durability,health,damageDirt" mod_chance=".5" prob="0.7" quality="1,6"/>
			<item name="meleeWpnSledgeT3SteelSledgehammer" mods="damage,durability,health,fire,damageDirt,damageStone,damageIron,damageWood" mod_chance=".5" quality="1,6"/>
			<item name="meleeToolPickT1IronPickaxe" mods="damage,durability,health,damageDirt,damageStone,damageIron" mod_chance=".5" quality="1,6"/>
			<item name="meleeToolShovelT1IronShovel" mods="damage,durability,health,damageDirt" mod_chance=".5" quality="1,6"/>
			<item name="meleeToolAxeT1IronFireaxe" mods="damage,durability,health,fire,damageDirt,damageStone,damageIron,damageWood" mod_chance=".5" quality="1,6"/>
			<item name="meleeWpnSledgeT1IronSledgehammer" mods="damage,durability,health,fire,damageDirt,damageStone,damageIron,damageWood" mod_chance=".5" quality="1,6"/>
		</lootgroup>
		<lootgroup name="fob_armorWModsTestLoot4" count="70">
			<item name="gunShotgunT1DoubleBarrel" mods="barrelAttachments,sideAttachments,smallTopAttachments,scope,trigger,magazine,grips,accuracy,crippling" mod_chance="0.25" prob="0.3" quality="1,6"/>
		</lootgroup>
		<lootgroup name="fob_armorWModsTestLoot5" count="70">
			<item name="gunShotgunT1DoubleBarrel" mods="barrelAttachments,sideAttachments,smallTopAttachments,scope,trigger,magazine,grips,accuracy,crippling" mod_chance="0.5" prob="0.7" quality="1,6"/>
		</lootgroup>
		<lootgroup name="fob_armorWModsTestLoot6" count="70">
			<item name="gunShotgunT1DoubleBarrel" mods="barrelAttachments,sideAttachments,smallTopAttachments,scope,trigger,magazine,grips,accuracy,crippling" mod_chance="1" prob="2" quality="1,6"/>
		</lootgroup>
		<lootgroup name="fob_armorWModsTestLoot7" count="70">
		</lootgroup>
		<lootgroup name="fob_armorWModsTestLoot8" count="70">
		</lootgroup>
		<lootgroup name="fob_armorWModsTestLoot9" count="70">
		</lootgroup>
		<lootgroup name="fob_armorWModsTestLoot10" count="70">
			<item name="armorClothHat" mods="waterPurifier,rare,misc,modArmorHelmetLight,resistance,thermal,temperature,movement,carryweight,stealth" mod_chance=".025"/>
			<item name="armorFootballHelmet" mods="waterPurifier,rare,misc,modArmorHelmetLight,resistance,thermal,temperature,movement,carryweight,stealth" mod_chance=".025"/>
		</lootgroup>
		<lootgroup name="fob_armorWModsTestLoot11" count="70">
			<item name="armorClothHat" mods="waterPurifier,rare,misc,modArmorHelmetLight,resistance,thermal,temperature,movement,carryweight,stealth" mod_chance=".0013"/>
			<item name="armorFootballHelmet" mods="waterPurifier,rare,misc,modArmorHelmetLight,resistance,thermal,temperature,movement,carryweight,stealth" mod_chance=".0013"/>
		</lootgroup>
		<lootgroup name="fob_armorWModsTest1" count="70">
			<item group="fob_armorWModsTestLoot1"/>
		</lootgroup>
		<lootgroup name="fob_armorWModsTest2" count="70">
			<item group="fob_armorWModsTestLoot2"/>
		</lootgroup>
		<lootgroup name="fob_armorWModsTest3" count="70">
			<item group="fob_armorWModsTestLoot3"/>
		</lootgroup>
		<lootgroup name="fob_armorWModsTest4" count="70">
			<item group="fob_armorWModsTestLoot4"/>
		</lootgroup>
		<lootgroup name="fob_armorWModsTest5" count="70">
			<item group="fob_armorWModsTestLoot5"/>
		</lootgroup>
		<lootgroup name="fob_armorWModsTest6" count="70">
			<item group="fob_armorWModsTestLoot6"/>
		</lootgroup>
		<lootgroup name="fob_armorWModsTest7" count="70">
			<item group="fob_armorWModsTestLoot7"/>
		</lootgroup>
		<lootgroup name="fob_armorWModsTest8" count="70">
			<item group="fob_armorWModsTestLoot8"/>
		</lootgroup>
		<lootgroup name="fob_armorWModsTest9" count="70">
			<item group="fob_armorWModsTestLoot9"/>
		</lootgroup>
		<lootgroup name="fob_armorWModsTest10" count="70">
			<item group="fob_armorWModsTestLoot10"/>
		</lootgroup>
		<lootgroup name="fob_armorWModsTest11" count="70">
			<item group="fob_armorWModsTestLoot11"/>
		</lootgroup>
		<lootcontainer id="990" size="8,9" sound_open="UseActions/open_safe" sound_close="UseActions/close_safe" open_time=".2" loot_quality_template="qualBaseTemplate">
			<item group="fob_armorWModsTest1"/>
		</lootcontainer>
		<lootcontainer id="991" size="8,9" sound_open="UseActions/open_safe" sound_close="UseActions/close_safe" open_time=".2" loot_quality_template="qualBaseTemplate">
			<item group="fob_armorWModsTest2"/>
		</lootcontainer>
		<lootcontainer id="992" size="8,9" sound_open="UseActions/open_safe" sound_close="UseActions/close_safe" open_time=".2" loot_quality_template="qualBaseTemplate">
			<item group="fob_armorWModsTest3"/>
		</lootcontainer>
		<lootcontainer id="993" size="8,9" sound_open="UseActions/open_safe" sound_close="UseActions/close_safe" open_time=".2" loot_quality_template="qualBaseTemplate">
			<item group="fob_armorWModsTest4"/>
		</lootcontainer>
		<lootcontainer id="994" size="8,9" sound_open="UseActions/open_safe" sound_close="UseActions/close_safe" open_time=".2" loot_quality_template="qualBaseTemplate">
			<item group="fob_armorWModsTest5"/>
		</lootcontainer>
		<lootcontainer id="995" size="8,9" sound_open="UseActions/open_safe" sound_close="UseActions/close_safe" open_time=".2" loot_quality_template="qualBaseTemplate">
			<item group="fob_armorWModsTest6"/>
		</lootcontainer>
		<lootcontainer id="996" size="8,9" sound_open="UseActions/open_safe" sound_close="UseActions/close_safe" open_time=".2" loot_quality_template="qualBaseTemplate">
			<item group="fob_armorWModsTest7"/>
		</lootcontainer>
		<lootcontainer id="997" size="8,9" sound_open="UseActions/open_safe" sound_close="UseActions/close_safe" open_time=".2" loot_quality_template="qualBaseTemplate">
			<item group="fob_armorWModsTest8"/>
		</lootcontainer>
		<lootcontainer id="998" size="8,9" sound_open="UseActions/open_safe" sound_close="UseActions/close_safe" open_time=".2" loot_quality_template="qualBaseTemplate">
			<item group="fob_armorWModsTest9"/>
		</lootcontainer>
		<lootcontainer id="999" size="8,9" sound_open="UseActions/open_safe" sound_close="UseActions/close_safe" open_time=".2" loot_quality_template="qualBaseTemplate">
			<item group="fob_armorWModsTest10"/>
		</lootcontainer>
		<lootcontainer id="1000" size="8,9" sound_open="UseActions/open_safe" sound_close="UseActions/close_safe" open_time=".2" loot_quality_template="qualBaseTemplate">
			<item group="fob_armorWModsTest11"/>
		</lootcontainer>
    </append>
<!-- END Armor With Mods by Okami -->


<!-- #################################### -->
<!-- START H7SB Storage by Eihwaz -->
<!-- Website: www.eihwaz.de -->
<!-- Download URL: https://gitlab.com/EihwazDE/7D2D -->
<set xpath="/lootcontainers/lootcontainer[@id='76']/@size">3,1</set>
<set xpath="/lootcontainers/lootcontainer[@id='77']/@size">5,1</set>
<set xpath="/lootcontainers/lootcontainer[@id='78']/@size">5,2</set>
<set xpath="/lootcontainers/lootcontainer[@id='79']/@size">5,5</set>
<set xpath="/lootcontainers/lootcontainer[@id='80']/@size">5,1</set>
<remove xpath="/lootcontainers/lootgroup[@name='decorativeBlocks']/item[@name='cntWoodFurnitureBlockVariantHelper']" />
<remove xpath="/lootcontainers/lootgroup[@name='decorativeBlocks']/item[@name='metalFurnitureBlockVariantHelper']" />
<remove xpath="/lootcontainers/lootgroup[@name='decorativeBlocks']/item[@name='cntMunitionsBox']" />
<remove xpath="/lootcontainers/lootgroup[@name='decorativeBlocks']/item[@name='cntCashRegister']" />
<remove xpath="/lootcontainers/lootgroup[@name='decorativeBlocks']/item[@name='cntCoolerClosed']" />
<remove xpath="/lootcontainers/lootgroup[@name='decorativeBlocks']/item[@name='cntWaterCoolerFull']" />
<remove xpath="/lootcontainers/lootgroup[@name='decorativeBlocks']/item[@name='cntCabinetOldSink']" />
<remove xpath="/lootcontainers/lootgroup[@name='decorativeBlocks']/item[@name='cntGraniteSink']" />
<remove xpath="/lootcontainers/lootgroup[@name='decorativeBlocks']/item[@name='cntTrash_can01']" />
<remove xpath="/lootcontainers/lootgroup[@name='decorativeBlocks']/item[@name='cntBin']" />
<append xpath="/lootcontainers">
<lootcontainer id="251" count="0" size="6,4" sound_open="UseActions/open_shopping_cart" sound_close="UseActions/close_shopping_cart" loot_quality_template="qualBaseTemplate"></lootcontainer>
<lootcontainer id="252" count="0" size="6,8" sound_open="UseActions/open_garbage" sound_close="UseActions/close_garbage" loot_quality_template="qualBaseTemplate"></lootcontainer>
<lootcontainer id="255" count="0" size="6,2" sound_open="UseActions/open_chest" sound_close="UseActions/close_chest" loot_quality_template="qualBaseTemplate"><item name="cobweb" count="1,2"/></lootcontainer>
<lootcontainer id="256" count="0" size="6,1" sound_open="UseActions/open_chest" sound_close="UseActions/close_chest" loot_quality_template="qualBaseTemplate"><item name="cobweb" count="1,2"/></lootcontainer>
<lootcontainer id="257" count="0" size="6,2" sound_open="UseActions/open_fridge" sound_close="UseActions/close_fridge" loot_quality_template="qualBaseTemplate"><item name="cobweb" count="1,2"/></lootcontainer>
<lootcontainer id="258" count="0" size="6,3" sound_open="UseActions/open_fridge" sound_close="UseActions/close_fridge" loot_quality_template="qualBaseTemplate"><item name="cobweb" count="1,2"/></lootcontainer>
<lootcontainer id="259" count="0" size="6,4" sound_open="UseActions/open_fridge" sound_close="UseActions/close_fridge" loot_quality_template="qualBaseTemplate"><item name="cobweb" count="1,2"/></lootcontainer>
<lootcontainer id="260" count="0" size="6,1" sound_open="UseActions/open_toolbox " sound_close="UseActions/close_toolbox" loot_quality_template="qualBaseTemplate"><item name="cobweb" count="1,2"/></lootcontainer>
<lootcontainer id="261" count="0" size="6,2" sound_open="UseActions/open_toolchest" sound_close="UseActions/close_toolchest" loot_quality_template="qualBaseTemplate"><item name="cobweb" count="1,2"/></lootcontainer>
<lootcontainer id="262" count="0" size="6,1" sound_open="UseActions/open_cash_register" sound_close="UseActions/close_cash_register" loot_quality_template="qualBaseTemplate"><item name="cobweb" count="1,2"/></lootcontainer>
<lootcontainer id="263" count="0" size="6,1" sound_open="UseActions/open_safe" sound_close="UseActions/close_safe" loot_quality_template="qualBaseTemplate"><item name="cobweb" count="1,2"/></lootcontainer>
<lootcontainer id="264" count="0" size="6,2" sound_open="UseActions/open_safe" sound_close="UseActions/close_safe" loot_quality_template="qualBaseTemplate"><item name="cobweb" count="1,2"/></lootcontainer>
<lootcontainer id="265" count="0" size="6,1" sound_open="UseActions/open_file_cabinet" sound_close="UseActions/close_file_cabinet" loot_quality_template="qualBaseTemplate"><item name="cobweb" count="1,2"/></lootcontainer>
<lootcontainer id="266" count="0" size="6,1" sound_open="UseActions/open_mailbox" sound_close="UseActions/close_mailbox" loot_quality_template="qualBaseTemplate"><item name="cobweb" count="1,2"/></lootcontainer>
<lootcontainer id="267" count="0" size="6,2" sound_open="UseActions/open_cooler" sound_close="UseActions/close_cooler" loot_quality_template="qualBaseTemplate"><item name="cobweb" count="1,2"/></lootcontainer>
<lootcontainer id="268" count="0" size="6,5" sound_open="UseActions/open_cooler" sound_close="UseActions/close_cooler" loot_quality_template="qualBaseTemplate"><item name="cobweb" count="1,2"/></lootcontainer>
<lootcontainer id="269" count="0" size="8,8" sound_open="UseActions/open_cooler" sound_close="UseActions/close_cooler" loot_quality_template="qualBaseTemplate"><item name="cobweb" count="1,2"/></lootcontainer>
<lootcontainer id="270" count="0" size="6,5" sound_open="UseActions/open_locker" sound_close="UseActions/close_locker" loot_quality_template="qualBaseTemplate"><item name="cobweb" count="1,2"/></lootcontainer>
<lootcontainer id="271" count="0" size="6,2" sound_open="UseActions/open_garbage" sound_close="UseActions/close_garbage" loot_quality_template="qualBaseTemplate"><item name="cobweb" count="1,2"/></lootcontainer>
<lootcontainer id="272" count="0" size="6,2" sound_open="UseActions/open_trashcan" sound_close="UseActions/close_trashcan" loot_quality_template="qualBaseTemplate"><item name="cobweb" count="1,2"/></lootcontainer>
<lootcontainer id="273" count="0" size="8,8" sound_open="UseActions/open_shopping_cart" sound_close="UseActions/close_shopping_cart" loot_quality_template="qualBaseTemplate"><item name="cobweb" count="1,2"/></lootcontainer>
<lootcontainer id="274" count="0" size="8,8" sound_open="UseActions/open_trashcan" sound_close="UseActions/close_trashcan" loot_quality_template="qualBaseTemplate"><item name="cobweb" count="1,2"/></lootcontainer>
<lootcontainer id="275" count="0" size="6,2" sound_open="UseActions/open_mailbox" sound_close="UseActions/close_mailbox" loot_quality_template="qualBaseTemplate"><item name="cobweb" count="1,2"/></lootcontainer>
<lootcontainer id="276" count="0" size="6,2" sound_open="UseActions/open_fridge" sound_close="UseActions/close_fridge" loot_quality_template="qualBaseTemplate"><item name="cobweb" count="1,2"/></lootcontainer>
<lootcontainer id="277" count="0" size="8,8" sound_open="UseActions/open_chest" sound_close="UseActions/close_chest" loot_quality_template="qualBaseTemplate"><item name="cobweb" count="1,2"/></lootcontainer>
<lootcontainer id="278" count="0" size="6,5" sound_open="UseActions/open_cupboard" sound_close="UseActions/close_cupboard" loot_quality_template="qualBaseTemplate"><item name="cobweb" count="1,2"/></lootcontainer>
<lootcontainer id="279" count="0" size="8,8" sound_open="UseActions/open_garbage" sound_close="silencefiller" loot_quality_template="qualBaseTemplate"><item name="cobweb" count="1,2"/></lootcontainer>
<lootcontainer id="280" count="0" size="6,5" sound_open="UseActions/open_drawer" sound_close="UseActions/close_drawer" loot_quality_template="qualBaseTemplate"><item name="cobweb" count="1,2"/></lootcontainer>
<lootcontainer id="281" count="0" size="8,8" sound_open="UseActions/open_drawer" sound_close="silencefiller" loot_quality_template="qualBaseTemplate"><item name="cobweb" count="1,2"/></lootcontainer>
<lootcontainer id="282" count="0" size="6,5" sound_open="UseActions/open_pill_case" sound_close="UseActions/close_pill_case" loot_quality_template="qualBaseTemplate"><item name="cobweb" count="1,2"/></lootcontainer>
<lootcontainer id="283" count="0" size="6,5" sound_open="UseActions/open_mailbox" sound_close="UseActions/close_mailbox" loot_quality_template="qualBaseTemplate"><item name="cobweb" count="1,2"/></lootcontainer>
<lootcontainer id="284" count="0" size="6,5" sound_open="UseActions/open_drawer" sound_close="silencefiller" loot_quality_template="qualBaseTemplate"><item name="cobweb" count="1,2"/></lootcontainer>
</append>
<!-- END H7SB Storage by Eihwaz -->


<!-- #################################### -->
<!-- START JaxTeller718_EggsInFridges by JaxTeller718 -->
<!-- Website: https://ravenhearst.enjin.com/ -->
<!-- Download URL: https://github.com/JaxTeller718/JaxModletsA182B5/trunk/JaxTeller718_EggsInFridges -->
	<append xpath="/lootcontainers/lootcontainer[@id='20']">
		<item name="foodEgg" count="1,3"/>
	</append>
<!-- END JaxTeller718_EggsInFridges by JaxTeller718 -->


<!-- #################################### -->
<!-- START NakedGator by stample -->
<!-- Download URL: https://github.com/stamplesmods/7d2dmodlets/trunk/NakedGator -->
<insertAfter xpath="/lootcontainers/lootgroup[@name='beverages']/item[@name='drinkJarBeer']">
	<item name="drinkNakedGator"/>
</insertAfter>
<!-- END NakedGator by stample -->


<!-- #################################### -->
<!-- START STAINLESS STEEL RETURNS by Claymore, Fixed By ShoudenKalferas -->
<!-- Website: https://7daystodiemods.com/stainless-steel-returns-for-a18/ -->
<!-- Download URL: https://github.com/XelaNull/7dtd-FixedModlets/trunk/Stainless_Steel_Returns -->
<append xpath="/lootcontainers/lootgroup[@name='schematicsModsAndGeneralRare']">
<item name="resourceSteelPolishSchematic"/>
</append>
<append xpath="/lootcontainers/lootgroup[@name='workingStiffsBox']">
<item name="resourceSteelPolish" count="3,25" prob="0.1"/>
</append>
<append xpath="/lootcontainers/lootgroup[@name='forgeLoot']">
<item name="resourceSteelPolish" count="3,25" prob="0.1"/>
</append>
<append xpath="/lootcontainers/lootgroup[@name='schematicsToolsRare']">
<item name="resourceSteelPolishSchematic" prob="0.2"/>
<item name="resourceSteelPolish" count="3,25" prob="0.3"/>
</append>
<append xpath="/lootcontainers/lootgroup[@name='junk']">
<item name="resourceSteelPolish" count="3,25" prob="0.05"/>
</append>
<!-- END STAINLESS STEEL RETURNS by Claymore, Fixed By ShoudenKalferas -->


<!-- #################################### -->
<!-- START Foods That use Super Corn by Gopher, Fixed By ShoudenKalferas -->
<!-- Download URL: https://github.com/XelaNull/7dtd-FixedModlets/trunk/SuperCornCookedFoods -->
	<append xpath="/lootcontainers/lootgroup[@name='coldfood']">
		<item name="foodSuperCornBread" count="1,4"/>
		<item name="foodSuperCornMeatStew" count="1,2"/>
	</append>
<!-- END Foods That use Super Corn by Gopher, Fixed By ShoudenKalferas -->


<!-- #################################### -->
<!-- START Vanilla Expanded - Storage by TSBX -->
<!-- Website: https://7daystodiemods.com/vanilla-expanded-storage/ -->
<!-- Download URL: https://github.com/XelaNull/7dtd-FixedModlets/trunk/Vanilla_Expanded_Storage -->
<append xpath="/lootcontainers">
    <lootcontainer id="150" size="6,5" sound_open="UseActions/open_chest" sound_close="UseActions/close_chest">
    </lootcontainer>
    <lootcontainer id="151" size="6,8" sound_open="UseActions/campfire_close" sound_close="UseActions/campfire_close">
    </lootcontainer>
    <lootcontainer id="152" size="6,8" sound_open="UseActions/close_backpack" sound_close="UseActions/close_backpack">
    </lootcontainer>   
    <lootcontainer id="153" size="6,8" sound_open="UseActions/open_cardboard" sound_close="UseActions/close_cardboard">
    </lootcontainer>
    <lootcontainer id="154" size="6,8" sound_open="UseActions/open_fridge" sound_close="UseActions/close_fridge">
    </lootcontainer>   
	 <lootcontainer id="155" size="6,8" sound_open="UseActions/open_trashcan" sound_close="UseActions/close_trashcan">
    </lootcontainer>
  <lootcontainer id="156" size="6,8" sound_open="UseActions/open_garbage" sound_close="UseActions/close_trashcan">
    </lootcontainer>
	 <lootcontainer id="157" count="0" size="6,8"  sound_open="UseActions/open_vending" sound_close="UseActions/close_vending" >
    </lootcontainer>
	 <lootcontainer id="158" count="0" size="6,8"  sound_open="UseActions/open_safe" sound_close="UseActions/close_safe">
    </lootcontainer>
	 <lootcontainer id="159" count="0" size="6,8"  sound_open="UseActions/open_medicine_cabinet" sound_close="UseActions/close_medicine_cabinet">
    </lootcontainer>
	<lootcontainer id="160" count="0" size="6,8"  sound_open="UseActions/open_cooler" sound_close="UseActions/close_cooler">
	</lootcontainer>
	<lootcontainer id="161" count="0" size="6,8"  sound_open="UseActions/open_file_cabinet" sound_close="UseActions/close_file_cabinet">
    </lootcontainer>
	<lootcontainer id="162" count="0" size="6,8"  sound_open="UseActions/open_shopping_cart" sound_close="UseActions/close_shopping_cart">
    </lootcontainer>
	<lootcontainer id="163" count="0" size="6,8" sound_open="UseActions/open_toilet" sound_close="UseActions/close_toilet">
    </lootcontainer>
	<lootcontainer id="164" count="0" size="6,8" sound_open="UseActions/open_toolbox" sound_close="UseActions/close_toolbox">
    </lootcontainer>
</append>
<!-- END Vanilla Expanded - Storage by TSBX -->


<!-- #################################### -->
<!-- START White River Tools of Citizenship by Loosely derived from Royal Deluxe Vanilla+ Quests Modlet by ShoudenKalferas -->
<!-- Website: https://7daystodie.com/forums/showthread.php?111233-White-River-Tools-Of-Citizenship -->
<!-- Download URL: https://github.com/XelaNull/7DTD-WhiteRiver_ToC.git -->
	<append xpath="/lootcontainers">
		<lootgroup name="ToCgroupArmorT0" loot_quality_template="QLTemplateT0">
			<item name="armorClothPants"/>
			<item name="armorClothJacket"/>
			<item name="armorClothBoots"/>
			<item name="armorClothGloves"/>
			<item name="armorClothHat"/>
			<item name="armorScrapHelmet"/>
			<item name="armorScrapChest"/>
			<item name="armorScrapGloves"/>
			<item name="armorScrapLegs"/>
			<item name="armorScrapBoots"/>
		</lootgroup>
		<lootgroup name="ToCgroupWeaponsT2_Ranged">
			<item group="groupWeaponsT2_DeadEye"/>
			<item group="groupWeaponsT2_Demolitionist"/>
			<item group="groupWeaponsT2_Boomstick"/>
			<item group="groupWeaponsT2_Machinegunner"/>
			<item group="groupWeaponsT3_Archery"/>
			<item group="groupWeaponsT2_Gunslinger"/>
			<item group="groupWeaponsT2_TurretsSyndrome"/>
		</lootgroup>
		<lootgroup name="ToCgroupArmorT1" loot_quality_template="QLTemplateT1">
			<item name="armorLeatherBoots"/>
			<item name="armorLeatherPants"/>
			<item name="armorLeatherChest"/>
			<item name="armorLeatherGloves"/>
			<item name="armorLeatherHood"/>
			<item name="armorIronGloves"/>
			<item name="armorIronHelmet"/>
			<item name="armorIronBoots"/>
			<item name="armorIronLegs"/>
			<item name="armorIronChest"/>
		</lootgroup>
		<lootgroup name="ToCgroupArmorT2" loot_quality_template="QLTemplateT2">
			<item name="armorMilitaryGloves"/>
			<item name="armorMilitaryHelmet" mods="modArmorHelmetLight" mod_chance=".2"/>
			<item name="armorMilitaryBoots"/>
			<item name="armorMilitaryLegs"/>
			<item name="armorMilitaryVest"/>
			<item name="armorSteelBoots"/>
			<item name="armorSteelLegs"/>
			<item name="armorSteelChest"/>
			<item name="armorSteelGloves"/>
			<item name="armorSteelHelmet"/>
			<item name="armorSwatHelmet" mods="modArmorHelmetLight" mod_chance=".2" prob=".4"/>
		</lootgroup>
		<lootcontainer id="365" count="5,10" size="5,5" sound_open="UseActions/open_garbage" sound_close="UseActions/close_garbage" loot_quality_template="qualBaseTemplate" destroy_on_close="true">
			<item group="groupWeaponsT2_Gunslinger" prob=".75"/>
			<item group="bicycleParts" count="1,2"/>
			<item group="ToCgroupArmorT0" count="0,2"/>
			<item group="ToCgroupArmorT1" count="0,2"/>
			<item group="beverages"/>
			<item group="groupAmmoRegular"/>
		</lootcontainer>
		<lootcontainer id="366" count="8,10" size="6,6" sound_open="UseActions/open_garbage" sound_close="UseActions/close_garbage" loot_quality_template="qualBaseTemplate" destroy_on_close="true">
			<item group="groupWeaponsT2_Gunslinger" prob=".75"/>
			<item group="bicycleParts" count="1,3"/>
			<item group="ToCgroupArmorT2" count="0,2"/>
			<item group="ToCgroupWeaponsT2_Ranged" count="0,2"/>
			<item group="beverages"/>
			<item group="groupAmmoRegular"/>
		</lootcontainer>
		<lootgroup name="randomEliteQuests">
		</lootgroup>
		<lootcontainer id="390" count="1" size="3,3" sound_open="UseActions/open_garbage" sound_close="UseActions/close_garbage" loot_quality_template="qualBaseTemplate" destroy_on_close="true">
			<item group="randomEliteQuests" count="1" />
		</lootcontainer>
	</append>		
	<insertBefore xpath="/lootcontainers/lootgroup[@name='booksAllScaled']">
		<lootgroup name="ToCBooks">
		</lootgroup>
	</insertBefore>
	<append xpath="/lootcontainers/lootgroup[@name='booksAllScaled']">
		<item group="ToCBooks"/>
	</append>
	<append xpath="/lootcontainers/lootgroup[@name='junk']">
		<item group="ToCBooks"/>
	</append>
<!-- END White River Tools of Citizenship by Loosely derived from Royal Deluxe Vanilla+ Quests Modlet by ShoudenKalferas -->


<!-- #################################### -->
<!-- START White River Tools of Citizenship - Amelia Earhart's Gyrocopter by ShoudenKalferas and Aeyvi-Daro -->
<!-- Website: https://7daystodie.com/forums/showthread.php?111233-White-River-Tools-Of-Citizenship -->
<!-- Download URL: https://github.com/XelaNull/7DTD-WhiteRiver_ToC.git -->
	<append xpath="lootcontainers">
		<lootgroup name="ameliaCoffin" count="all">
			<item name="casinoCoin" count="1000,5000"/>
			<item name="questitem_toc_amelia_journal_name"/>			
		</lootgroup>
		<lootcontainer id="375" count="1" size="5,5" sound_open="UseActions/open_garbage" sound_close="UseActions/close_garbage" loot_quality_template="qualBaseTemplate" destroy_on_close="true">
			<item group="ameliaCoffin" count="1" />
		</lootcontainer>
	</append>		
<!-- END White River Tools of Citizenship - Amelia Earhart's Gyrocopter by ShoudenKalferas and Aeyvi-Daro -->


<!-- #################################### -->
<!-- START White River Tools of Citizenship - Bambi's Bow by ShoudenKalferas, and morggin -->
<!-- Website: https://github.com/XelaNull/XelaNull-7dtd-Modlets -->
<!-- Download URL: https://github.com/XelaNull/7DTD-WhiteRiver_ToC.git -->
	<append xpath="/lootcontainers/lootgroup[@name='randomEliteQuests']">
		<item name="elitequestitem_toc_bambi_name" count="1"/>
	</append>
	<append xpath="lootcontainers">
		<lootcontainer id="355" count="5,12" size="5,5" sound_open="UseActions/open_garbage" sound_close="UseActions/close_garbage" loot_quality_template="qualBaseTemplate" destroy_on_close="true">
			<item group="modGunT2" count="0,1" prob="0.2"/>
			<item group="perkBooks" count="0,1" prob="0.2"/>
			<item group="groupAmmoRegular" count="2"/>
			<item group="groupTreasureMaps" count="0,1" prob="0.05"/>
		</lootcontainer>
	</append>		
<!-- END White River Tools of Citizenship - Bambi's Bow by ShoudenKalferas, and morggin -->


<!-- #################################### -->
<!-- START White River Tools of Citizenship - Black Bart's Flaming Dig Tools by ShoudenKalferas, morggin(lore), AeyviKalferas(Quest), RichardPaul(Poem)  -->
<!-- Website: https://7daystodie.com/forums/showthread.php?111233-White-River-Tools-Of-Citizenship -->
<!-- Download URL: https://github.com/XelaNull/7DTD-WhiteRiver_ToC.git -->
	<append xpath="lootcontainers">
		<lootgroup name="blackbartTreasure" count="all">
			<item name="resourceGoldNugget" count="25,150"/>
			<item name="resourceSilverNugget" count="50,150"/>		
		</lootgroup>
		<lootcontainer id="356" count="1" size="5,5" sound_open="UseActions/open_garbage" sound_close="UseActions/close_garbage" loot_quality_template="qualBaseTemplate" destroy_on_close="true">
			<item group="blackbartTreasure" count="1" />
		</lootcontainer>
	</append>		
<!-- END White River Tools of Citizenship - Black Bart's Flaming Dig Tools by ShoudenKalferas, morggin(lore), AeyviKalferas(Quest), RichardPaul(Poem)  -->


<!-- #################################### -->
<!-- START White River Tools of Citizenship - Callinicus Greek Fire by ShoudenKalferas -->
<!-- Website: https://github.com/XelaNull/XelaNull-7dtd-Modlets -->
<!-- Download URL: https://github.com/XelaNull/7DTD-WhiteRiver_ToC.git -->
  <insertAfter xpath="/lootcontainers/lootgroup[@name='empty']" >
    <lootgroup name="groupBooksGreekFire">
      <item name="item_toc_greekfire_name"/>
    </lootgroup>
  </insertAfter>
  <append xpath="/lootcontainers/lootgroup[@name='ToCBooks']">
    <item group="groupBooksGreekFire" count="1" prob="12"/>
  </append>
<!-- END White River Tools of Citizenship - Callinicus Greek Fire by ShoudenKalferas -->


<!-- #################################### -->
<!-- START White River Tools of Citizenship - Daryl's Zombie-Killer Crossbow by ShoudenKalferas, and morggin -->
<!-- Website: https://github.com/XelaNull/XelaNull-7dtd-Modlets -->
<!-- Download URL: https://github.com/XelaNull/7DTD-WhiteRiver_ToC.git -->
	<append xpath="/lootcontainers/lootgroup[@name='randomEliteQuests']">
		<item name="elitequestitem_toc_daryl_name" />
	</append>
	<append xpath="lootcontainers">
		<lootcontainer id="357" count="5,12" size="5,5" sound_open="UseActions/open_garbage" sound_close="UseActions/close_garbage" loot_quality_template="qualBaseTemplate" destroy_on_close="true">
			<item group="modGunT2" count="0,1" prob="0.2"/>
			<item group="perkBooks" count="0,1" prob="0.2"/>
			<item group="groupAmmoRegular" count="2"/>
			<item group="groupTreasureMaps" count="0,1" prob="0.05"/>
		</lootcontainer>
	</append>		
<!-- END White River Tools of Citizenship - Daryl's Zombie-Killer Crossbow by ShoudenKalferas, and morggin -->


<!-- #################################### -->
<!-- START White River Tools of Citizenship - Deschain's Revolver by Aeyvi and Shouden Kalferas -->
<!-- Website: https://7daystodie.com/forums/showthread.php?111233-White-River-Tools-Of-Citizenship -->
<!-- Download URL: https://github.com/XelaNull/7DTD-WhiteRiver_ToC.git -->
	<append xpath="lootcontainers">
		<lootcontainer id="358" count="3,5" size="5,2" sound_open="UseActions/open_garbage" sound_close="UseActions/close_garbage" loot_quality_template="qualBaseTemplate" destroy_on_close="true">
			<item group="modMeleeT2" count="0,1" prob="0.5"/>
			<item name="crafteditem_toc_45lcsilver_name" count="12,96"/>
			<item name="crafteditem_toc_45lcgold_name" count="6,48"/>
			<item group="perkBooks" count="1,2" prob="0.7"/>
			<item group="groupTreasureMaps" count="0,1" prob="0.1"/>
		</lootcontainer>
	</append>
	<insertAfter xpath="/lootcontainers/lootgroup[@name='empty']" >
		<lootgroup name="groupBooksDarkTower">
			<item name="item_toc_desc_book1_name"/>
			<item name="item_toc_desc_book2_name" prob=".25"/>
			<item name="item_toc_desc_book3_name" prob=".25"/>
			<item name="item_toc_desc_book4_name" prob=".25"/>
			<item name="item_toc_desc_book5_name" prob=".25"/>
			<item name="item_toc_desc_book6_name" prob=".25"/>
			<item name="item_toc_desc_book7_name" prob=".25"/>
			<item name="item_toc_desc_book8_name" prob=".1" />
		</lootgroup>
	</insertAfter>
	<append xpath="/lootcontainers/lootgroup[@name='ToCBooks']">
		<item group="groupBooksDarkTower" count="1" prob="12"/>
	</append>
<!-- END White River Tools of Citizenship - Deschain's Revolver by Aeyvi and Shouden Kalferas -->


<!-- #################################### -->
<!-- START White River Tools of Citizenship - Dundee's Hunting Knife by Loosely derived from Royal Deluxe Vanilla+ Quests Modlet by ShoudenKalferas -->
<!-- Website: https://7daystodie.com/forums/showthread.php?111233-White-River-Tools-Of-Citizenship -->
<!-- Download URL: https://github.com/XelaNull/7DTD-WhiteRiver_ToC.git -->
	<append xpath="lootcontainers">
		<lootcontainer id="359" count="2,5" size="5,2" sound_open="UseActions/open_garbage" sound_close="UseActions/close_garbage" loot_quality_template="qualBaseTemplate" destroy_on_close="true">
			<item group="modMeleeT2" count="0,1" prob="0.2"/>
			<item group="perkBooks" count="0,1" prob="0.2"/>
			<item group="groupAmmoRegular" count="2"/>
			<item group="groupAmmoAdvanced" count="1"/>
			<item group="groupTreasureMaps" count="0,1" prob="0.05"/>
		</lootcontainer>
	</append>		
<!-- END White River Tools of Citizenship - Dundee's Hunting Knife by Loosely derived from Royal Deluxe Vanilla+ Quests Modlet by ShoudenKalferas -->


<!-- #################################### -->
<!-- START White River Tools of Citizenship - Dwarven Forge by Shouden Kalferas, with code from Khaine's 3-Slot Forge -->
<!-- Website: https://7daystodie.com/forums/showthread.php?111233-White-River-Tools-Of-Citizenship -->
<!-- Download URL: https://github.com/XelaNull/7DTD-WhiteRiver_ToC.git -->
	<append xpath="/lootcontainers/lootgroup[@name='randomEliteQuests']">
		<item name="questitem_dwarven_forge_name" count="1"/>	
	</append>
	<append xpath="/lootcontainers">
		<lootcontainer id="839" count="0" size="9,6" sound_open="UseActions/open_shopping_basket" open_time="0" sound_close="UseActions/close_shopping_basket" loot_quality_template="qualBaseTemplate">
		</lootcontainer>
	</append> 
<!-- END White River Tools of Citizenship - Dwarven Forge by Shouden Kalferas, with code from Khaine's 3-Slot Forge -->


<!-- #################################### -->
<!-- START White River Tools of Citizenship - Jason's Machete by Wyldwitchykat's addition to the White River TOC modlets by ShoudenKalferas -->
<!-- Website: https://7daystodie.com/forums/showthread.php?111233-White-River-Tools-Of-Citizenship -->
<!-- Download URL: https://github.com/XelaNull/7DTD-WhiteRiver_ToC.git -->
	<append xpath="lootcontainers">
		<lootcontainer id="360" count="3,6" size="5,2" sound_open="UseActions/open_garbage" sound_close="UseActions/close_garbage" loot_quality_template="qualBaseTemplate" destroy_on_close="true">
			<item group="modGunT2" count="0,1" prob="0.2"/>
			<item group="perkBooks" count="0,1" prob="0.4"/>
			<item group="groupAmmoRegular" count="2"/>
			<item group="groupTreasureMaps" count="0,1" prob="0.05"/>
		</lootcontainer>
	</append>		
<!-- END White River Tools of Citizenship - Jason's Machete by Wyldwitchykat's addition to the White River TOC modlets by ShoudenKalferas -->


<!-- #################################### -->
<!-- START White River Tools of Citizenship - Kuva's Red and Blue Armor by Shouden and Aeyvi Kalferas -->
<!-- Website: https://7daystodie.com/forums/showthread.php?111233-White-River-Tools-Of-Citizenship -->
<!-- Download URL: https://github.com/XelaNull/7DTD-WhiteRiver_ToC.git -->
	<append xpath="lootcontainers">
		<lootgroup name="kuvaSchematics" count="all">
			<item name="schem_toc_kuvatallow_name" />	
			<item name="schem_toc_kuvaliner_name" />
			<item name="schem_toc_kuvatwine_name" />
			<item name="schem_toc_kuvasoles_name" />
		</lootgroup>
		<lootcontainer id="361" count="1" size="3,3" sound_open="UseActions/open_garbage" sound_close="UseActions/close_garbage" loot_quality_template="qualBaseTemplate" destroy_on_close="true">
			<item group="kuvaSchematics" count="1" />
		</lootcontainer>
	</append>		
<!-- END White River Tools of Citizenship - Kuva's Red and Blue Armor by Shouden and Aeyvi Kalferas -->


<!-- #################################### -->
<!-- START White River Tools of Citizenship - Leon's Modded SMG by Loosely derived from Royal Deluxe Vanilla+ Quests Modlet by ShoudenKalferas -->
<!-- Website: https://7daystodie.com/forums/showthread.php?111233-White-River-Tools-Of-Citizenship -->
<!-- Download URL: https://github.com/XelaNull/7DTD-WhiteRiver_ToC.git -->
	<append xpath="/lootcontainers">
		<lootcontainer id="362" count="5,12" size="5,5" sound_open="UseActions/open_garbage" sound_close="UseActions/close_garbage" loot_quality_template="qualBaseTemplate" destroy_on_close="true">
			<item group="modGunT2" count="0,1" prob="0.2"/>
			<item group="perkBooks" count="1,2" prob="0.3"/>
			<item group="groupQuestAmmo" count="2"/>
			<item group="groupTreasureMaps" count="0,1" prob="0.05"/>
		</lootcontainer>
	</append>		
<!-- END White River Tools of Citizenship - Leon's Modded SMG by Loosely derived from Royal Deluxe Vanilla+ Quests Modlet by ShoudenKalferas -->


<!-- #################################### -->
<!-- START White River Tools of Citizenship - Pavlichenko's Rifle by Loosely derived from Royal Deluxe Vanilla+ Quests Modlet by ShoudenKalferas -->
<!-- Website: https://7daystodie.com/forums/showthread.php?111233-White-River-Tools-Of-Citizenship -->
<!-- Download URL: https://github.com/XelaNull/7DTD-WhiteRiver_ToC.git -->
	<append xpath="/lootcontainers">
		<lootcontainer id="363" count="1" size="3,3" sound_open="UseActions/open_garbage" sound_close="UseActions/close_garbage" loot_quality_template="qualBaseTemplate" destroy_on_close="true">
			<item name="questitem_toc_pav_barrel_name" count="1" />
		</lootcontainer>
    <lootcontainer id="364" count="1" size="3,3" sound_open="UseActions/open_garbage" sound_close="UseActions/close_garbage" loot_quality_template="qualBaseTemplate" destroy_on_close="true">
      <item name="questitem_toc_pav_stock_name" count="1" />
    </lootcontainer>
	</append>		
<!-- END White River Tools of Citizenship - Pavlichenko's Rifle by Loosely derived from Royal Deluxe Vanilla+ Quests Modlet by ShoudenKalferas -->


<!-- #################################### -->
<!-- START White River Tools of Citizenship - Quick Drying Concrete Blocks by Loosely derived from Royal Deluxe Vanilla+ Quests Modlet by ShoudenKalferas -->
<!-- Website: https://7daystodie.com/forums/showthread.php?111233-White-River-Tools-Of-Citizenship -->
<!-- Download URL: https://github.com/XelaNull/7DTD-WhiteRiver_ToC.git -->
	<append xpath="/lootcontainers/lootgroup[@name='randomEliteQuests']">
		<item name="elitequestitem_toc_qwikcrete_name" />
	</append>
<!-- END White River Tools of Citizenship - Quick Drying Concrete Blocks by Loosely derived from Royal Deluxe Vanilla+ Quests Modlet by ShoudenKalferas -->


<!-- #################################### -->
<!-- START White River Tools of Citizenship - Remington's Steel Ammo by Based on Khaine's Steel Ammo, Quested by ShoudenKalferas -->
<!-- Website: https://github.com/XelaNull/XelaNull-7dtd-Modlets -->
<!-- Download URL: https://github.com/XelaNull/7DTD-WhiteRiver_ToC.git -->
	<append xpath="/lootcontainers/lootgroup[@name='randomEliteQuests']">
		<item name="elitequestitem_toc_remington_name" />
	</append>
<!-- END White River Tools of Citizenship - Remington's Steel Ammo by Based on Khaine's Steel Ammo, Quested by ShoudenKalferas -->


<!-- #################################### -->
<!-- START White River Tools of Citizenship - Rick Danger Auger by ShoudenKalferas -->
<!-- Website: https://github.com/XelaNull/XelaNull-7dtd-Modlets -->
<!-- Download URL: https://github.com/XelaNull/7DTD-WhiteRiver_ToC.git -->
	<append xpath="/lootcontainers/lootgroup[@name='randomEliteQuests']">
		<item name="elitequestitem_toc_rickdanger_name" count="1"/>
	</append>
	<append xpath="/lootcontainers">
		<lootcontainer id="368" count="5,12" size="5,5" sound_open="UseActions/open_garbage" sound_close="UseActions/close_garbage" loot_quality_template="qualBaseTemplate" destroy_on_close="true">
			<item group="modGunT2" count="0,1" prob="0.2"/>
			<item group="perkBooks" count="0,1" prob="0.2"/>
			<item group="groupAmmoRegular" count="2"/>
			<item group="groupTreasureMaps" count="0,1" prob="0.05"/>
		</lootcontainer>
	</append>		
<!-- END White River Tools of Citizenship - Rick Danger Auger by ShoudenKalferas -->


<!-- #################################### -->
<!-- START White River Tools of Citizenship - Spirit of Vengeance by ShoudenKalferas, based on Snufkin's Vehicles and Zombies, with help from arramus and Slawa -->
<!-- Website: https://github.com/XelaNull/XelaNull-7dtd-Modlets -->
<!-- Download URL: https://github.com/XelaNull/7DTD-WhiteRiver_ToC.git -->
	<append xpath="/lootcontainers/lootgroup[@name='randomEliteQuests']">
		<item name="questitem_spirit_vengeance_name" count="1"/>	
	</append>
	<append xpath="/lootcontainers">
		<lootcontainer id="831" count="0" size="9,6" sound_open="UseActions/open_shopping_basket" open_time="0" sound_close="UseActions/close_shopping_basket" loot_quality_template="qualBaseTemplate">
		</lootcontainer>
	</append> 
	<append xpath="/lootcontainers/lootcontainer[@id='358']">
		<item name="questitem_spirit_vengeance_name" count="1"/>
	</append>
<!-- END White River Tools of Citizenship - Spirit of Vengeance by ShoudenKalferas, based on Snufkin's Vehicles and Zombies, with help from arramus and Slawa -->


<!-- #################################### -->
<!-- START White River Tools of Citizenship - Taza's Axe by Loosely derived from Royal Deluxe Vanilla+ Quests Modlet by ShoudenKalferas -->
<!-- Website: https://7daystodie.com/forums/showthread.php?111233-White-River-Tools-Of-Citizenship -->
<!-- Download URL: https://github.com/XelaNull/7DTD-WhiteRiver_ToC.git -->
	<append xpath="/lootcontainers">
		<lootcontainer id="367" count="5,12" size="5,5" sound_open="UseActions/open_garbage" sound_close="UseActions/close_garbage" loot_quality_template="qualBaseTemplate" destroy_on_close="true">
			<item group="modMeleeT2" count="0,1" prob="0.2"/>
			<item group="perkBooks" count="0,1" prob="0.2"/>
			<item group="groupAmmoRegular" count="2"/>
			<item group="groupAmmoAdvanced" count="1"/>
			<item group="groupTreasureMaps" count="0,1" prob="0.05"/>
		</lootcontainer>
	</append>		
<!-- END White River Tools of Citizenship - Taza's Axe by Loosely derived from Royal Deluxe Vanilla+ Quests Modlet by ShoudenKalferas -->


<!-- #################################### -->
<!-- START Zombiepedia Skillpoints by ShoudenKalferas -->
<!-- Website: https://github.com/XelaNull/7DTD-Zombiepedia_Skillpoints.git -->
<!-- Download URL: https://github.com/XelaNull/7DTD-Zombiepedia_Skillpoints.git -->
	<insertBefore xpath="/lootcontainers/lootgroup[@name='booksAllScaled']">
		<lootgroup name="groupBooksZombiepedia">
			<item name="item_Zombiepedia_book1_name"/>
			<item name="item_Zombiepedia_book2_name"/>
			<item name="item_Zombiepedia_book3_name"/>
			<item name="item_Zombiepedia_book4_name"/>
			<item name="item_Zombiepedia_book5_name"/>
			<item name="item_Zombiepedia_book6_name"/>
			<item name="item_Zombiepedia_book7_name"/>
			<item name="item_Zombiepedia_book8_name"/>
			<item name="item_Zombiepedia_book9_name"/>
			<item name="item_Zombiepedia_book10_name"/>
			<item name="item_Zombiepedia_book11_name"/>
			<item name="item_Zombiepedia_book12_name"/>
			<item name="item_Zombiepedia_book13_name"/>
			<item name="item_Zombiepedia_book14_name"/>
			<item name="item_Zombiepedia_book15_name"/>
		</lootgroup>
		<lootcontainer id="472" count="3,5" size="5,2" sound_open="UseActions/open_garbage" sound_close="UseActions/close_garbage" loot_quality_template="qualBaseTemplate" destroy_on_close="true">
			<item group="groupBooksZombiepedia"/>
		</lootcontainer>
	</insertBefore>
	<append xpath="/lootcontainers/lootgroup[@name='booksAllScaled']">
		<item group="groupBooksZombiepedia" count="1" prob="25"/>
	</append>
	<append xpath="/lootcontainers/lootgroup[@name='junk']">
		<item group="groupBooksZombiepedia" count="1"/>
	</append>
<!-- END Zombiepedia Skillpoints by ShoudenKalferas -->


<!-- #################################### -->
<!-- START Donovan_LootCleanup by Donovan -->
<!-- Download URL: https://github.com/Donovan522/donovan-7d2d-modlets/trunk/donovan-lootcleanup -->
  <setattribute xpath="/lootcontainers/lootcontainer[@id='9']" name="destroy_on_close">true</setattribute>  
  <setattribute xpath="/lootcontainers/lootcontainer[@id='10']" name="destroy_on_close">true</setattribute>  
  <setattribute xpath="/lootcontainers/lootcontainer[@id='25']" name="destroy_on_close">true</setattribute>  
  <set xpath="/lootcontainers/lootcontainer[@id='25']/@sound_close">silencefiller</set>  
  <setattribute xpath=" /lootcontainers/lootcontainer[@id='48']" name="destroy_on_close">true</setattribute>  
<!-- END Donovan_LootCleanup by Donovan -->


<!-- #################################### -->
<!-- START more recieps by wolfbain5 -->
<!-- Download URL: https://github.com/wolfbain5/7dtd-a19/raw/master/more%20recipes.rar -->
<append xpath="/lootcontainers/lootgroup[@name='farmingCookingRecipesT1']">
	<item name="foodMixedberryPieSchematic"/>
	<item name="drinkMixedberrySmoothieSchematic"/>
</append>
<append xpath="/lootcontainers/lootgroup[@name='beverages']">
	<item name="drinkMixedberrySmoothie" prob="0.04"/>
</append>
<append xpath="/lootcontainers/lootgroup[@name='coldfood']">
	<item name="foodMixedberryPie"/>
</append>
<!-- END more recieps by wolfbain5 -->


<!-- #################################### -->
<!-- START wtk34_water_filter by wtk34 -->
<!-- Download URL: https://github.com/wtk34Mods/wtk34_water_filter -->
<append xpath="//lootgroup[@name='junk']">
	<item name="resourceActivatedCharcoal"/>
	<item name="waterFilterSchematic"/>
</append>
<append xpath="//lootcontainer[@id='8']">
	<item name="resourceActivatedCharcoal"/>
</append>
<!-- END wtk34_water_filter by wtk34 -->


<!-- #################################### -->
<!-- START zStorage (Big) by Eihwaz -->
<!-- Website: www.eihwaz.de -->
<!-- Download URL: https://gitlab.com/EihwazDE/7D2D -->
<set xpath="/lootcontainers/lootcontainer[@id='76']/@size">9,1</set>
<set xpath="/lootcontainers/lootcontainer[@id='77']/@size">9,3</set>
<set xpath="/lootcontainers/lootcontainer[@id='78']/@size">9,4</set>
<set xpath="/lootcontainers/lootcontainer[@id='79']/@size">9,9</set>
<set xpath="/lootcontainers/lootcontainer[@id='80']/@size">9,5</set>
<set xpath="/lootcontainers/lootcontainer[@id='251']/@size">9,4</set>
<set xpath="/lootcontainers/lootcontainer[@id='252']/@size">9,9</set>
<set xpath="/lootcontainers/lootcontainer[@id='255']/@size">8,6</set>
<set xpath="/lootcontainers/lootcontainer[@id='256']/@size">8,6</set>
<set xpath="/lootcontainers/lootcontainer[@id='257']/@size">8,7</set>
<set xpath="/lootcontainers/lootcontainer[@id='258']/@size">8,7</set>
<set xpath="/lootcontainers/lootcontainer[@id='259']/@size">8,8</set>
<set xpath="/lootcontainers/lootcontainer[@id='260']/@size">8,6</set>
<set xpath="/lootcontainers/lootcontainer[@id='261']/@size">8,6</set>
<set xpath="/lootcontainers/lootcontainer[@id='262']/@size">8,6</set>
<set xpath="/lootcontainers/lootcontainer[@id='263']/@size">8,6</set>
<set xpath="/lootcontainers/lootcontainer[@id='264']/@size">8,6</set>
<set xpath="/lootcontainers/lootcontainer[@id='265']/@size">8,6</set>
<set xpath="/lootcontainers/lootcontainer[@id='266']/@size">8,6</set>
<set xpath="/lootcontainers/lootcontainer[@id='267']/@size">8,8</set>
<set xpath="/lootcontainers/lootcontainer[@id='268']/@size">8,8</set>
<set xpath="/lootcontainers/lootcontainer[@id='269']/@size">8,8</set>
<set xpath="/lootcontainers/lootcontainer[@id='270']/@size">8,8</set>
<set xpath="/lootcontainers/lootcontainer[@id='271']/@size">8,8</set>
<set xpath="/lootcontainers/lootcontainer[@id='272']/@size">8,8</set>
<set xpath="/lootcontainers/lootcontainer[@id='273']/@size">8,8</set>
<set xpath="/lootcontainers/lootcontainer[@id='274']/@size">8,8</set>
<set xpath="/lootcontainers/lootcontainer[@id='275']/@size">8,8</set>
<set xpath="/lootcontainers/lootcontainer[@id='276']/@size">8,8</set>
<set xpath="/lootcontainers/lootcontainer[@id='277']/@size">8,8</set>
<set xpath="/lootcontainers/lootcontainer[@id='278']/@size">8,8</set>
<set xpath="/lootcontainers/lootcontainer[@id='279']/@size">8,8</set>
<set xpath="/lootcontainers/lootcontainer[@id='280']/@size">8,8</set>
<set xpath="/lootcontainers/lootcontainer[@id='281']/@size">8,8</set>
<set xpath="/lootcontainers/lootcontainer[@id='282']/@size">8,8</set>
<set xpath="/lootcontainers/lootcontainer[@id='283']/@size">8,8</set>
<set xpath="/lootcontainers/lootcontainer[@id='284']/@size">8,8</set>
<!-- END zStorage (Big) by Eihwaz -->


<!-- #################################### -->
<!-- START Grenade Arrows by wtk34, Modified by Shouden Kalferas -->
<!-- Website: https://7daystodiemods.com/wtk34mods-grenade-arrow/ -->
<!-- Download URL: https://github.com/XelaNull/7dtd-FixedModlets/trunk/zWTK34-Grenade_Arrows -->
<append xpath="//lootgroup[@name='groupAmmoRegularT0']">
    <item name="ammoArrowGrenade" count="15,60"/>
</append>
<!-- END Grenade Arrows by wtk34, Modified by Shouden Kalferas -->


</configs>
