<configs>
<!-- #################################### -->
<!-- START Home_Depot by OrbitalBliss, Fixed by Shouden Kalferas -->
<!-- Website: https://github.com/OrbitalBliss/HOME_DEPOT_7D2D_MOD -->
<!-- Download URL: https://github.com/XelaNull/7dtd-FixedModlets/trunk/Home_Depot -->
	<remove xpath="/paints/paint[@id='138']/property[@name='Hidden']"/>
	<append xpath="/paints">
		<paint id="200" value="txName_HomeBookcase">
			<property name="TextureId" value="67"/>
			<property name="Group" value="Home Depot"/>
			<property name="PaintCost" value="2" />
		</paint>
		<paint id="201" value="txName_HomeVent">
			<property name="TextureId" value="340"/>
			<property name="Group" value="Home Depot"/>
			<property name="PaintCost" value="2" />
		</paint>
		<paint id="202" value="txName_HomeWashingMachine">
			<property name="TextureId" value="554"/>
			<property name="Group" value="Home Depot"/>
			<property name="PaintCost" value="2" />
		</paint>
		<paint id="203" value="txName_HomeWetConcrete">
			<property name="TextureId" value="176"/>
			<property name="Group" value="Home Depot"/>
			<property name="PaintCost" value="2" />
		</paint>
		<paint id="250" value="txName_HomeLCB">
			<property name="TextureId" value="189"/>
			<property name="Group" value="Home Depot"/>
			<property name="PaintCost" value="2" />
			<property name="Hidden" value="true" />
		</paint>
	</append>
<!-- END Home_Depot by OrbitalBliss, Fixed by Shouden Kalferas -->


</configs>
