<configs>
<!-- #################################### -->
<!-- START 60Slot_Bag_30Reserve by ShoudenKalferas, Based on Khaine's 60BBM -->
<!-- Website: https://github.com/XelaNull/7dtd-Modlets.git -->
<!-- Download URL: https://github.com/XelaNull/7DTD-Bag_Bellows_Headshot/trunk/60Slot_Bag_30Reserve -->
	<set xpath="/progression/perks/perk[@name='perkPackMule']/effect_group/passive_effect[@name='CarryCapacity'][@value='3,6,10,14,18']/@value">4,8,12,16,20</set>
<!-- END 60Slot_Bag_30Reserve by ShoudenKalferas, Based on Khaine's 60BBM -->


<!-- #################################### -->
<!-- START Return of the Jail Door by DelStryker -->
<!-- Download URL: https://github.com/DelStryker/Delmod/trunk/Delmod_Jail_Door -->
		<append xpath="/progression/perks/perk[@name='perkAdvancedEngineering']/effect_group/passive_effect[@level='4,5']/@tags">,jailBars, Jail Door, Jail Door Powered</append>
<!-- END Return of the Jail Door by DelStryker -->


<!-- #################################### -->
<!-- START Doughs Buff Pipe Bombs by Doughphunghus -->
<!-- Website: https://github.com/doughphunghus -->
<!-- Download URL: https://github.com/doughphunghus/7D2D-Doughs-Mods-a19/trunk/Doughs-Buff-PipeBombs -->
  <append xpath="/progression/perks/perk[@name='perkDemolitionsExpert']">
    <effect_group>
      <passive_effect name="RecipeTagUnlocked" operation="base_set" level="1,5" value="1" tags="doughsThrownAmmoPipeBombSteel,doughsThrownAmmoPipeBombPlastic,doughsThrownAmmoPipeBombBrass"/>
      <passive_effect name="RecipeTagUnlocked" operation="base_set" level="1,5" value="1" tags="doughsResourceSteelPipeBombParts,doughsResourceBrassPipeBombParts,doughsResourcePlasticPipeBombParts"/>
    </effect_group>
  </append>
<!-- END Doughs Buff Pipe Bombs by Doughphunghus -->


<!-- #################################### -->
<!-- START Doughs - Food - Sous Chef Of The Apocalypse by Doughphunghus -->
<!-- Website: https://github.com/doughphunghus -->
<!-- Download URL: https://github.com/doughphunghus/7D2D-Doughs-Mods-a19/trunk/Doughs-Food-SousChefOfTheApocalypse -->
  <append xpath="/progression/perks">
    <perk name="perkDoughsSousChef" parent="skillStrengthGeneral" name_key="perkDoughsSousChefName" desc_key="perkDoughsSousChefDesc" icon="ui_game_symbol_spatula">
  		<level_requirements level="1"><requirement name="ProgressionLevel" progression_name="attStrength" operation="GTE" value="1" desc_key="reqStrengthLevel01"/></level_requirements>
  		<level_requirements level="2"><requirement name="ProgressionLevel" progression_name="attStrength" operation="GTE" value="3" desc_key="reqStrengthLevel03"/></level_requirements>
  		<level_requirements level="3"><requirement name="ProgressionLevel" progression_name="attStrength" operation="GTE" value="5" desc_key="reqStrengthLevel05"/></level_requirements>
  		<level_requirements level="4"><requirement name="ProgressionLevel" progression_name="attStrength" operation="GTE" value="7" desc_key="reqStrengthLevel07"/></level_requirements>
  		<level_requirements level="5"><requirement name="ProgressionLevel" progression_name="attStrength" operation="GTE" value="10" desc_key="reqStrengthLevel10"/></level_requirements>
  		<effect_group>
  			<passive_effect name="CraftingTier" operation="base_set" level="0,5" value="0,5" tags="perkDoughsSousChef"/>
  			<passive_effect name="CraftingTime" operation="perc_add" level="1,5" value="-.1,-.5" tags="perkDoughsSousChef"/>
  			<passive_effect name="RecipeTagUnlocked" operation="base_set" level="1,5" value="1"
  				tags="doughsFoodButteredToast,doughsFoodSauteedMushrooms,doughsFoodHardTack,doughsFoodBeefJerky,doughsFoodPineSeedToasted,doughsFoodAcornSeedToasted,doughsFoodPumpkinSeedToasted,doughsFoodPopCorn"/>
        <passive_effect name="RecipeTagUnlocked" operation="base_set" level="2,5" value="1"
  				tags="doughsFoodPemmican,doughsFoodBoiledSweetBread,doughsFoodSaltyExtract,doughsFoodSweetExtract,doughsFoodCookingOil,doughsFoodCreamOfTartar,doughsFoodBoneMarrow,doughsFoodFlour"/>
        <passive_effect name="RecipeTagUnlocked" operation="base_set" level="3,5" value="1"
  				tags="doughsDrinkMilk,doughsDrinkCream,doughsDrinkSweetNutMilk,doughsFoodIceCream,doughsFoodRedWineBlueberrySorbet,doughsFoodTurkishDelight,doughsFoodSweetBreadCuisine"/>
        <passive_effect name="RecipeTagUnlocked" operation="base_set" level="4,5" value="1"
  				tags="doughsFoodMilkCurds,doughsFoodButter,doughsFoodButterOfTheGods,doughsFoodBreadBatter,doughsFoodBread,doughsFoodCheese,doughsFoodSteakAndPotatoCuisine"/>
        <passive_effect name="RecipeTagUnlocked" operation="base_set" level="5,5" value="1"
  				tags="doughsFoodEggSouffle,doughsFoodSweetCornBlueberryMuffin,doughsFoodPotatoesDauphinoise,doughsFoodCroqueMonsieur,doughsFoodBoeufBourguignon"/>
  			<effect_description level="1" desc_key="perkDoughsSousChefRank1Desc" long_desc_key="perkDoughsSousChefRank1LongDesc"/>
  			<effect_description level="2" desc_key="perkDoughsSousChefRank2Desc" long_desc_key="perkDoughsSousChefRank2LongDesc"/>
  			<effect_description level="3" desc_key="perkDoughsSousChefRank3Desc" long_desc_key="perkDoughsSousChefRank3LongDesc"/>
  			<effect_description level="4" desc_key="perkDoughsSousChefRank4Desc" long_desc_key="perkDoughsSousChefRank4LongDesc"/>
  			<effect_description level="5" desc_key="perkDoughsSousChefRank5Desc" long_desc_key="perkDoughsSousChefRank5LongDesc"/>
  		</effect_group>
  	</perk>
  </append>
<!-- END Doughs - Food - Sous Chef Of The Apocalypse by Doughphunghus -->


<!-- #################################### -->
<!-- START GhillieSuitAsMods by stample, stamplesmods@gmail.com -->
<!-- Download URL: https://github.com/stamplesmods/7d2dmodlets/trunk/GhillieSuitAsMods -->
<append xpath="/progression/perks/perk[@name='perkSniperComplete']/effect_group">
	<passive_effect name="RecipeTagUnlocked" operation="base_set" level="1" value="1" tags="Ghillie Hood Mod,Ghillie Jacket Mod,Ghillie Pants Mod"/>
</append>
<!-- END GhillieSuitAsMods by stample, stamplesmods@gmail.com -->


<!-- #################################### -->
<!-- START Home_Depot by OrbitalBliss, Fixed by Shouden Kalferas -->
<!-- Website: https://github.com/OrbitalBliss/HOME_DEPOT_7D2D_MOD -->
<!-- Download URL: https://github.com/XelaNull/7dtd-FixedModlets/trunk/Home_Depot -->
	<append xpath="/progression/perks/perk[@name='perkLivingOffTheLand']/effect_group">
		<passive_effect name="RecipeTagUnlocked" operation="base_set" value="1" level="3,5" tags="plantedSnowberry1"/>
	</append>
	<append xpath="/progression/perks/perk[@name='perkPhysician']/effect_group">
		<passive_effect name="RecipeTagUnlocked" operation="base_set" value="1" level="3,5" tags="medicalBloodDrawKit"/>
	</append>
	<append xpath="/progression/perks/perk[@name='perkGreaseMonkey']/effect_group">
		<passive_effect name="RecipeTagUnlocked" operation="base_set" value="1" level="1,5" tags="vehicleBicyclePlaceable"/>
		<passive_effect name="RecipeTagUnlocked" operation="base_set" value="1" level="2,5" tags="vehicleMinibikePlaceable"/>
		<passive_effect name="RecipeTagUnlocked" operation="base_set" value="1" level="3,5" tags="vehicleMotorcyclePlaceable"/>
		<passive_effect name="RecipeTagUnlocked" operation="base_set" value="1" level="4,5" tags="vehicle4x4TruckPlaceable"/>
		<passive_effect name="RecipeTagUnlocked" operation="base_set" value="1" level="5" tags="vehicleGyrocopterPlaceable"/>
	</append>
	<append xpath="/progression/perks/perk[@name='perkAdvancedEngineering']/effect_group">
		<passive_effect name="RecipeTagUnlocked" operation="base_set" value="1" level="1,5" tags="Home Woodstove,Home Gas Grill Open,Home Gas Grill Closed,Home Charcoal Grill Open,Home Charcoal Grill Closed"/>
		<passive_effect name="RecipeTagUnlocked" operation="base_set" value="1" level="1,5" tags="roadRailing,roadRailingPole,roadRailingEnd,roadRailingEnd2,chainLink,chainLinkFenceBottomPole,chainLinkFenceTop,chainLinkFenceTopPole,chainLinkPole,chainLinkCornerTop,chainLinkCornerBottom,chainLinkFenceTopPole2"/>
	</append>
	<append xpath="/progression/perks/perk[@name='perkAdvancedEngineering']/effect_group">
		<passive_effect name="RecipeTagUnlocked" operation="base_set" value="1" level="1,5" tags="Home Ceiling Light, Home Ceiling Light 2,Home Ceiling Light 2 Brass,Home Ceiling Light 4,Home Ceiling Light 5,Home Ceiling Light 5 Brass,Home Ceiling Light 7,Home Wall Light,Home Sconce Light,Home Porch Light,Home Porch Light 4,Home Porch Light 4 Brass,Home Desk Lamp,Home Table Lamp,Home End Table w/ Lamp,Home Industrial Light"/>
		<passive_effect name="RecipeTagUnlocked" operation="base_set" value="1" level="2,5" tags="Home Electric Oven,Home Utility Sink,Home Wall Sink,Home Cabinet Sink,Home Granite Sink,Home Fountain,Home Ceiling Fan Light,Home Street Light,Home Street Light Classic,Home Industrial Light 2,Home Industrial Light 2 Red,Home Open Sign,Home Exit Sign"/>
		<passive_effect name="RecipeTagUnlocked" operation="base_set" value="1" level="3,5" tags="Home Microwave Oven,Home Work Light,Home Wireless Relay Block,Home Wireless Switch Fusebox,Home Wireless Switch Electrical Box,Home Electrical Pole Top Relay"/>
	</append>
	<append xpath="/progression/perks/perk[@name='perkAdvancedEngineering']/effect_group">
		<passive_effect name="RecipeTagUnlocked" operation="base_set" value="1" level="3,5" tags="Home Filtered Water Cooler"/>
	</append>
<!-- END Home_Depot by OrbitalBliss, Fixed by Shouden Kalferas -->


<!-- #################################### -->
<!-- START JaxTeller718_SlowerProgression by JaxTeller718 -->
<!-- Website: https://ravenhearst.enjin.com/ -->
<!-- Download URL: https://github.com/JaxTeller718/A19ModletsJax/trunk/JaxTeller718_SlowerProgression -->
	<set xpath="/progression/level[@max_level='300']/@exp_to_level">12545</set>
<!-- END JaxTeller718_SlowerProgression by JaxTeller718 -->


<!-- #################################### -->
<!-- START Riles-Fixes by Riles -->
<!-- Download URL: https://docs.google.com/uc?export=download&id=1q1MdS4kRRu94S22KXcDqfiiZbXW4ZTZs -->
<append xpath="/progression/perks/perk[@name='perkGreaseMonkey']/effect_group/passive_effect[@level='1,5']/@tags">,resourceTire</append>
<append xpath="/progression/perks/perk[@name='perkArtOfMiningPallets']/effect_group/passive_effect[@name='RecipeTagUnlocked']/@tags">,resourceClayLumpBundle</append>
<!-- END Riles-Fixes by Riles -->


<!-- #################################### -->
<!-- START Salvaged Electronics - Solar Bank by ShoudenKalferas -->
<!-- Website: https://github.com/XelaNull/7DTD-SalvagedElectronics.git -->
<!-- Download URL: https://github.com/XelaNull/7DTD-SalvagedElectronics.git -->
<remove xpath="/progression/perks/perk[@name='perkAdvancedEngineering']/effect_group/passive_effect[@name='RecipeTagUnlocked' and @level='4,5']" />
<append xpath="/progression/perks/perk[@name='perkAdvancedEngineering']/effect_group/passive_effect">
  <passive_effect name="RecipeTagUnlocked" operation="base_set" level="4,5" value="1" tags="batterybank,shotgunTurret,meleeToolRepairT3Nailgun,garageDoorMetal_v1Powered,garageDoorIndustrial_Powered,metalReinforcedWoodDrawBridgePowered,vaultHatch_v3_Powered,vaultDoor03_Powered,solarCell,solarbank"/>
</append>
<!-- END Salvaged Electronics - Solar Bank by ShoudenKalferas -->


<!-- #################################### -->
<!-- START STAINLESS STEEL RETURNS by Claymore, Fixed By ShoudenKalferas -->
<!-- Website: https://7daystodiemods.com/stainless-steel-returns-for-a18/ -->
<!-- Download URL: https://github.com/XelaNull/7dtd-FixedModlets/trunk/Stainless_Steel_Returns -->
<append xpath="/progression/perks/perk[@name='perkLivingOffTheLand']/effect_group">
  <passive_effect name="RecipeTagUnlocked" operation="base_set" level="4,5" value="1" tags="seedSnowBerry"/>
</append>
<!-- END STAINLESS STEEL RETURNS by Claymore, Fixed By ShoudenKalferas -->


<!-- #################################### -->
<!-- START White River Tools of Citizenship - Dwarven Forge by Shouden Kalferas, with code from Khaine's 3-Slot Forge -->
<!-- Website: https://7daystodie.com/forums/showthread.php?111233-White-River-Tools-Of-Citizenship -->
<!-- Download URL: https://github.com/XelaNull/7DTD-WhiteRiver_ToC.git -->
  <append xpath="/progression/perks/perk[@name='perkAdvancedEngineering']/effect_group/passive_effect[@name='RecipeTagUnlocked' and @level='5']/@tags">,</append>
<!-- END White River Tools of Citizenship - Dwarven Forge by Shouden Kalferas, with code from Khaine's 3-Slot Forge -->


<!-- #################################### -->
<!-- START White River Tools of Citizenship - Kuva's Red and Blue Armor by Shouden and Aeyvi Kalferas -->
<!-- Website: https://7daystodie.com/forums/showthread.php?111233-White-River-Tools-Of-Citizenship -->
<!-- Download URL: https://github.com/XelaNull/7DTD-WhiteRiver_ToC.git -->
  <append xpath="/progression/perks/perk[@name='perkLightArmor']/effect_group/passive_effect[@name='RecipeTagUnlocked']/@tags">,item_toc_kuvablue_hood_name,item_toc_kuvablue_chest_name,item_toc_kuvablue_gloves_name,item_toc_kuvablue_pants_name,item_toc_kuvablue_boots_name</append>
<!-- END White River Tools of Citizenship - Kuva's Red and Blue Armor by Shouden and Aeyvi Kalferas -->


<!-- #################################### -->
<!-- START more recieps by wolfbain5 -->
<!-- Download URL: https://github.com/wolfbain5/7dtd-a19/raw/master/more%20recipes.rar -->
<append xpath="//perk[@name='perkMasterChef']//passive_effect[@name='RecipeTagUnlocked'][@operation='base_set'][@level='2,5']/@tags">,foodMixedberryPie</append>
<append xpath="//perk[@name='perkMasterChef']//passive_effect[@name='RecipeTagUnlocked'][@operation='base_set'][@level='3,5']/@tags">,drinkMixedberrySmoothie</append>
<append xpath="//perk[@name='perkMasterChef']//passive_effect[@name='RecipeTagUnlocked'][@operation='base_set'][@level='4,5']/@tags">,foodChickenPotPie</append>
<!-- END more recieps by wolfbain5 -->


</configs>
