<configs>
<!-- #################################### -->
<!-- START MeanCloud's Increased Animals by Mean.Cloud, Doughphungus, Modified by Shouden Kalferas -->
<!-- Website: http://mean.cloud/ -->
<!-- Download URL: https://github.com/XelaNull/7dtd-FixedModlets/trunk/MeanCloud_IncreasedAnimals -->
  <insertAfter xpath="/spawning/biome[@name='pine_forest']/spawn[@entitygroup='ZombiesAll']">
    <spawn maxcount="3" respawndelay="2" time="Any" entitygroup="FriendlyAnimalsAll" spawnDeadChance="0" />
  </insertAfter>
  <insertAfter xpath="/spawning/biome[@name='desert']/spawn[@entitygroup='ZombiesAll']">
    <spawn maxcount="2" respawndelay="2" time="Any" entitygroup="FriendlyAnimalsAll" spawnDeadChance="0" />
  </insertAfter>
  <insertAfter xpath="/spawning/biome[@name='burnt_forest']/spawn[@entitygroup='ZombiesBurntForest']">
    <spawn maxcount="1" respawndelay="3" time="Any" entitygroup="FriendlyAnimalsAll" spawnDeadChance="0" />
  </insertAfter>
  <insertAfter xpath="/spawning/biome[@name='wasteland']/spawn[@entitygroup='ZombiesWastelandNight']">
    <spawn maxcount="1" respawndelay="3" time="Any" entitygroup="FriendlyAnimalsAll" spawnDeadChance="0" />
  </insertAfter>
  <insertAfter xpath="/spawning/biome[@name='snow']/spawn[@entitygroup='SnowZombies']">
    <spawn maxcount="2" respawndelay="3" time="Any" entitygroup="FriendlyAnimalsAll" spawnDeadChance="0" />
  </insertAfter>
  <set xpath="/spawning/biome[@name='pine_forest']/spawn[@entitygroup='EnemyAnimalsForest']/@maxcount">1</set>
  <set xpath="/spawning/biome[@name='desert']/spawn[@entitygroup='EnemyAnimalsDesert']/@maxcount">1</set>
  <set xpath="/spawning/biome[@name='burnt_forest']/spawn[@entitygroup='EnemyAnimalsBurntForest']/@maxcount">1</set>
  <set xpath="/spawning/biome[@name='wasteland']/spawn[@entitygroup='EnemyAnimalsWasteland']/@maxcount">1</set>
  <set xpath="/spawning/biome[@name='snow']/spawn[@entitygroup='EnemyAnimalsSnow']/@maxcount">1</set>
  <set xpath="/spawning/biome[@name='pine_forest']/spawn[@entitygroup='EnemyAnimalsForest']/@respawndelay">5</set>
  <set xpath="/spawning/biome[@name='desert']/spawn[@entitygroup='EnemyAnimalsDesert']/@respawndelay">5</set>
  <set xpath="/spawning/biome[@name='burnt_forest']/spawn[@entitygroup='EnemyAnimalsBurntForest']/@respawndelay">5</set>
  <set xpath="/spawning/biome[@name='wasteland']/spawn[@entitygroup='EnemyAnimalsWasteland']/@respawndelay">5</set>
  <set xpath="/spawning/biome[@name='snow']/spawn[@entitygroup='EnemyAnimalsSnow']/@respawndelay">5</set>
<!-- END MeanCloud's Increased Animals by Mean.Cloud, Doughphungus, Modified by Shouden Kalferas -->


</configs>
