<configs>
<!-- #################################### -->
<!-- START H7SB Seats by Eihwaz -->
<!-- Website: www.eihwaz.de -->
<!-- Download URL: https://gitlab.com/EihwazDE/7D2D -->
<append xpath="/vehicles"><vehicle name="h7sb_chefsessel"><property name="cameraDistance" value="5.5, 7"/><property name="cameraTurnRate" value=".2, .35"/><property name="upAngleMax" value="70"/><property name="upForce" value="1"/><property name="steerRate" value="130"/><property name="steerCenteringRate" value="90"/><property name="tiltAngleMax" value="80"/><property name="tiltThreshold" value="3"/><property name="tiltDampening" value=".22"/><property name="tiltDampenThreshold" value="8"/><property name="unstickForce" value="1"/><property name="velocityMax" value="9, 14"/><property name="waterDrag_y_velScale_velMaxScale" value="1.8, .9, .1"/><property name="wheelPtlScale" value="1"/><property name="motorTorqueMinQ" value="0"/><property name="motorTorqueMaxQ" value="0"/><property name="brakeTorque" value="0"/><property name="tiltUpForce" value="0"/><property name="hornSound" value="hallo"/><property class="handlebars"><property name="class" value="Steering"/><property name="slot_type" value="handlebars"/><property name="transform" value="Origin/steering_joint"/><property name="steerMaxAngle" value="60"/><property name="IKHandLPosition" value="-1.44,0,3"/><property name="IKHandLRotation" value="90,0,0"/><property name="IKHandRPosition" value="2.2,0,3"/><property name="IKHandRRotation" value="90,0,0"/></property><property class="seat0"><property name="position" value="0,-0.05,0.47"/><property name="rotation" value="-28,0,0"/><property name="exit" value="-1.6,0,0 ~ 1.6,0,-1 ~ -.4,0,-2.8 ~ -.4,0,2.6 ~ -.4,2.1,0"/></property></vehicle><vehicle name="h7sb_klappstuhl"><property name="cameraDistance" value="5.5, 7"/><property name="cameraTurnRate" value=".2, .35"/><property name="upAngleMax" value="70"/><property name="upForce" value="1"/><property name="steerRate" value="130"/><property name="steerCenteringRate" value="90"/><property name="tiltAngleMax" value="80"/><property name="tiltThreshold" value="3"/><property name="tiltDampening" value=".22"/><property name="tiltDampenThreshold" value="8"/><property name="unstickForce" value="1"/><property name="velocityMax" value="9, 14"/><property name="waterDrag_y_velScale_velMaxScale" value="1.8, .9, .1"/><property name="wheelPtlScale" value="1"/><property name="motorTorqueMinQ" value="0"/><property name="motorTorqueMaxQ" value="0"/><property name="brakeTorque" value="0"/><property name="tiltUpForce" value="0"/><property name="hornSound" value="hallo"/><property class="handlebars"><property name="class" value="Steering"/><property name="slot_type" value="handlebars"/><property name="transform" value="Origin/steering_joint"/><property name="steerMaxAngle" value="60"/><property name="IKHandLPosition" value="-1.44,0,2.1"/><property name="IKHandLRotation" value="90,-90,0"/><property name="IKHandRPosition" value="2.2,0,2.1"/><property name="IKHandRRotation" value="90,90,0"/></property><property class="seat0"><property name="position" value="0,-0.13,0.60"/><property name="rotation" value="-39,0,0"/><property name="exit" value="-1.6,0,0 ~ 1.6,0,-1 ~ -.4,0,-2.8 ~ -.4,0,2.6 ~ -.4,2.1,0"/></property></vehicle><vehicle name="h7sb_holzhocker"><property name="cameraDistance" value="5.5, 7"/><property name="cameraTurnRate" value=".2, .35"/><property name="upAngleMax" value="70"/><property name="upForce" value="1"/><property name="steerRate" value="130"/><property name="steerCenteringRate" value="90"/><property name="tiltAngleMax" value="80"/><property name="tiltThreshold" value="3"/><property name="tiltDampening" value=".22"/><property name="tiltDampenThreshold" value="8"/><property name="unstickForce" value="1"/><property name="velocityMax" value="9, 14"/><property name="waterDrag_y_velScale_velMaxScale" value="1.8, .9, .1"/><property name="wheelPtlScale" value="1"/><property name="motorTorqueMinQ" value="0"/><property name="motorTorqueMaxQ" value="0"/><property name="brakeTorque" value="0"/><property name="tiltUpForce" value="0"/><property name="hornSound" value="hallo"/><property class="handlebars"><property name="class" value="Steering"/><property name="slot_type" value="handlebars"/><property name="transform" value="Origin/steering_joint"/><property name="steerMaxAngle" value="60"/><property name="IKHandLPosition" value="-0.6,0.3,2.46"/><property name="IKHandLRotation" value="90,0,0"/><property name="IKHandRPosition" value="1.4,0.3,2.46"/><property name="IKHandRRotation" value="90,0,0"/></property><property class="seat0"><property name="position" value="0,-0.09,0.37"/><property name="rotation" value="-28,0,0"/><property name="exit" value="-1.6,0,0 ~ 1.6,0,-1 ~ -.4,0,-2.8 ~ -.4,0,2.6 ~ -.4,2.1,0"/></property></vehicle><vehicle name="h7sb_sessel"><property name="cameraDistance" value="5.5, 7"/><property name="cameraTurnRate" value=".2, .35"/><property name="upAngleMax" value="70"/><property name="upForce" value="1"/><property name="steerRate" value="130"/><property name="steerCenteringRate" value="90"/><property name="tiltAngleMax" value="80"/><property name="tiltThreshold" value="3"/><property name="tiltDampening" value=".22"/><property name="tiltDampenThreshold" value="8"/><property name="unstickForce" value="1"/><property name="velocityMax" value="9, 14"/><property name="waterDrag_y_velScale_velMaxScale" value="1.8, .9, .1"/><property name="wheelPtlScale" value="1"/><property name="motorTorqueMinQ" value="0"/><property name="motorTorqueMaxQ" value="0"/><property name="brakeTorque" value="0"/><property name="tiltUpForce" value="0"/><property name="hornSound" value="hallo"/><property class="handlebars"><property name="class" value="Steering"/><property name="slot_type" value="handlebars"/><property name="transform" value="Origin/steering_joint"/><property name="steerMaxAngle" value="60"/><property name="IKHandLPosition" value="-2.24,1.2,2.7"/><property name="IKHandLRotation" value="83,0,0"/><property name="IKHandRPosition" value="3,1.2,2.7"/><property name="IKHandRRotation" value="83,0,0"/></property><property class="seat0"><property name="position" value="0,-0.1,0.53"/><property name="rotation" value="-41,0,0"/><property name="exit" value="-1.6,0,0 ~ 1.6,0,-1 ~ -.4,0,-2.8 ~ -.4,0,2.6 ~ -.4,2.1,0"/></property></vehicle><vehicle name="h7sb_sessel1"><property name="cameraDistance" value="5.5, 7"/><property name="cameraTurnRate" value=".2, .35"/><property name="upAngleMax" value="70"/><property name="upForce" value="1"/><property name="steerRate" value="130"/><property name="steerCenteringRate" value="90"/><property name="tiltAngleMax" value="80"/><property name="tiltThreshold" value="3"/><property name="tiltDampening" value=".22"/><property name="tiltDampenThreshold" value="8"/><property name="unstickForce" value="1"/><property name="velocityMax" value="9, 14"/><property name="waterDrag_y_velScale_velMaxScale" value="1.8, .9, .1"/><property name="wheelPtlScale" value="1"/><property name="motorTorqueMinQ" value="0"/><property name="motorTorqueMaxQ" value="0"/><property name="brakeTorque" value="0"/><property name="tiltUpForce" value="0"/><property name="hornSound" value="hallo"/><property class="handlebars"><property name="class" value="Steering"/><property name="slot_type" value="handlebars"/><property name="transform" value="Origin/steering_joint"/><property name="steerMaxAngle" value="60"/><property name="IKHandLPosition" value="-2.24,1.2,2.7"/><property name="IKHandLRotation" value="83,0,0"/><property name="IKHandRPosition" value="3,1.2,2.7"/><property name="IKHandRRotation" value="83,0,0"/></property><property class="seat0"><property name="position" value="0,-0.1,0.53"/><property name="rotation" value="-41,0,0"/><property name="exit" value="-1.6,0,0 ~ 1.6,0,-1 ~ -.4,0,-2.8 ~ -.4,0,2.6 ~ -.4,2.1,0"/></property></vehicle><vehicle name="h7sb_sessel2"><property name="cameraDistance" value="5.5, 7"/><property name="cameraTurnRate" value=".2, .35"/><property name="upAngleMax" value="70"/><property name="upForce" value="1"/><property name="steerRate" value="130"/><property name="steerCenteringRate" value="90"/><property name="tiltAngleMax" value="80"/><property name="tiltThreshold" value="3"/><property name="tiltDampening" value=".22"/><property name="tiltDampenThreshold" value="8"/><property name="unstickForce" value="1"/><property name="velocityMax" value="9, 14"/><property name="waterDrag_y_velScale_velMaxScale" value="1.8, .9, .1"/><property name="wheelPtlScale" value="1"/><property name="motorTorqueMinQ" value="0"/><property name="motorTorqueMaxQ" value="0"/><property name="brakeTorque" value="0"/><property name="tiltUpForce" value="0"/><property name="hornSound" value="hallo"/><property class="handlebars"><property name="class" value="Steering"/><property name="slot_type" value="handlebars"/><property name="transform" value="Origin/steering_joint"/><property name="steerMaxAngle" value="60"/><property name="IKHandLPosition" value="-2.1,1.2,2.4"/><property name="IKHandLRotation" value="83,0,0"/><property name="IKHandRPosition" value="3,1.2,2.4"/><property name="IKHandRRotation" value="83,0,0"/></property><property class="seat0"><property name="position" value="0,-0.05,0.46"/><property name="rotation" value="-43,0,0"/><property name="exit" value="-1.6,0,0 ~ 1.6,0,-1 ~ -.4,0,-2.8 ~ -.4,0,2.6 ~ -.4,2.1,0"/></property></vehicle><vehicle name="h7sb_sessel3"><property name="cameraDistance" value="5.5, 7"/><property name="cameraTurnRate" value=".2, .35"/><property name="upAngleMax" value="70"/><property name="upForce" value="1"/><property name="steerRate" value="130"/><property name="steerCenteringRate" value="90"/><property name="tiltAngleMax" value="80"/><property name="tiltThreshold" value="3"/><property name="tiltDampening" value=".22"/><property name="tiltDampenThreshold" value="8"/><property name="unstickForce" value="1"/><property name="velocityMax" value="9, 14"/><property name="waterDrag_y_velScale_velMaxScale" value="1.8, .9, .1"/><property name="wheelPtlScale" value="1"/><property name="motorTorqueMinQ" value="0"/><property name="motorTorqueMaxQ" value="0"/><property name="brakeTorque" value="0"/><property name="tiltUpForce" value="0"/><property name="hornSound" value="hallo"/><property class="handlebars"><property name="class" value="Steering"/><property name="slot_type" value="handlebars"/><property name="transform" value="Origin/steering_joint"/><property name="steerMaxAngle" value="60"/><property name="IKHandLPosition" value="-2.1,1.2,2.4"/><property name="IKHandLRotation" value="83,0,0"/><property name="IKHandRPosition" value="3,1.2,2.4"/><property name="IKHandRRotation" value="83,0,0"/></property><property class="seat0"><property name="position" value="0,-0.05,0.46"/><property name="rotation" value="-43,0,0"/><property name="exit" value="-1.6,0,0 ~ 1.6,0,-1 ~ -.4,0,-2.8 ~ -.4,0,2.6 ~ -.4,2.1,0"/></property></vehicle><vehicle name="h7sb_bank"><property name="cameraDistance" value="5.5, 7"/><property name="cameraTurnRate" value=".2, .35"/><property name="upAngleMax" value="70"/><property name="upForce" value="1"/><property name="steerRate" value="130"/><property name="steerCenteringRate" value="90"/><property name="tiltAngleMax" value="80"/><property name="tiltThreshold" value="3"/><property name="tiltDampening" value=".22"/><property name="tiltDampenThreshold" value="8"/><property name="unstickForce" value="1"/><property name="velocityMax" value="9, 14"/><property name="waterDrag_y_velScale_velMaxScale" value="1.8, .9, .1"/><property name="wheelPtlScale" value="1"/><property name="motorTorqueMinQ" value="0"/><property name="motorTorqueMaxQ" value="0"/><property name="brakeTorque" value="0"/><property name="tiltUpForce" value="0"/><property name="hornSound" value="hallo"/><property class="handlebars"><property name="class" value="Steering"/><property name="slot_type" value="handlebars"/><property name="transform" value="Origin/steering_joint"/><property name="steerMaxAngle" value="60"/><property name="IKHandLPosition" value="0.5,0.6,2.4"/><property name="IKHandLRotation" value="90,0,0"/><property name="IKHandRPosition" value="2.9,0.6,2.4"/><property name="IKHandRRotation" value="90,0,0"/></property><property class="seat0"><property name="position" value="0.256,-0.05,0.40"/><property name="rotation" value="-36,0,0"/><property name="exit" value="-1.6,0,0 ~ 1.6,0,-1 ~ -.4,0,-2.8 ~ -.4,0,2.6 ~ -.4,2.1,0"/></property><property class="seat1"><property name="position" value="-0.46,-0.05,0.40"/><property name="rotation" value="-36,0,0"/><property name="exit" value="-1.6,0,0 ~ 1.6,0,-1 ~ -.4,0,-2.8 ~ -.4,0,2.6 ~ -.4,2.1,0"/></property></vehicle><vehicle name="h7sb_bank1"><property name="cameraDistance" value="5.5, 7"/><property name="cameraTurnRate" value=".2, .35"/><property name="upAngleMax" value="70"/><property name="upForce" value="1"/><property name="steerRate" value="130"/><property name="steerCenteringRate" value="90"/><property name="tiltAngleMax" value="80"/><property name="tiltThreshold" value="3"/><property name="tiltDampening" value=".22"/><property name="tiltDampenThreshold" value="8"/><property name="unstickForce" value="1"/><property name="velocityMax" value="9, 14"/><property name="waterDrag_y_velScale_velMaxScale" value="1.8, .9, .1"/><property name="wheelPtlScale" value="1"/><property name="motorTorqueMinQ" value="0"/><property name="motorTorqueMaxQ" value="0"/><property name="brakeTorque" value="0"/><property name="tiltUpForce" value="0"/><property name="hornSound" value="hallo"/><property class="handlebars"><property name="class" value="Steering"/><property name="slot_type" value="handlebars"/><property name="transform" value="Origin/steering_joint"/><property name="steerMaxAngle" value="60"/><property name="IKHandLPosition" value="0.5,0.6,2.4"/><property name="IKHandLRotation" value="90,0,0"/><property name="IKHandRPosition" value="2.9,0.6,2.4"/><property name="IKHandRRotation" value="90,0,0"/></property><property class="seat0"><property name="position" value="0.256,-0.05,0.40"/><property name="rotation" value="-36,0,0"/><property name="exit" value="-1.6,0,0 ~ 1.6,0,-1 ~ -.4,0,-2.8 ~ -.4,0,2.6 ~ -.4,2.1,0"/></property><property class="seat1"><property name="position" value="-0.46,-0.05,0.40"/><property name="rotation" value="-36,0,0"/><property name="exit" value="-1.6,0,0 ~ 1.6,0,-1 ~ -.4,0,-2.8 ~ -.4,0,2.6 ~ -.4,2.1,0"/></property></vehicle><vehicle name="h7sb_sofa"><property name="cameraDistance" value="5.5, 7"/><property name="cameraTurnRate" value=".2, .35"/><property name="upAngleMax" value="70"/><property name="upForce" value="1"/><property name="steerRate" value="130"/><property name="steerCenteringRate" value="90"/><property name="tiltAngleMax" value="80"/><property name="tiltThreshold" value="3"/><property name="tiltDampening" value=".22"/><property name="tiltDampenThreshold" value="8"/><property name="unstickForce" value="1"/><property name="velocityMax" value="9, 14"/><property name="waterDrag_y_velScale_velMaxScale" value="1.8, .9, .1"/><property name="wheelPtlScale" value="1"/><property name="motorTorqueMinQ" value="0"/><property name="motorTorqueMaxQ" value="0"/><property name="brakeTorque" value="0"/><property name="tiltUpForce" value="0"/><property name="hornSound" value="hallo"/><property class="handlebars"><property name="class" value="Steering"/><property name="slot_type" value="handlebars"/><property name="transform" value="Origin/steering_joint"/><property name="steerMaxAngle" value="60"/><property name="IKHandLPosition" value="3.75,0.55,3.1"/><property name="IKHandLRotation" value="90,0,0"/><property name="IKHandRPosition" value="7,0.4,3.5"/><property name="IKHandRRotation" value="83,0,0"/></property><property class="seat0"><property name="position" value="0.75,0.11,0.62"/><property name="rotation" value="-43,-16,0"/><property name="exit" value="-1.6,0,0 ~ 1.6,0,-1 ~ -.4,0,-2.8 ~ -.4,0,2.6 ~ -.4,2.1,0"/></property><property class="seat1"><property name="position" value="-0.75,0.11,0.64"/><property name="rotation" value="-43,15.5,0"/><property name="exit" value="-1.6,0,0 ~ 1.6,0,-1 ~ -.4,0,-2.8 ~ -.4,0,2.6 ~ -.4,2.1,0"/></property><property class="seat2"><property name="position" value="0,0.11,0.62"/><property name="rotation" value="-43,0,0"/><property name="exit" value="-1.6,0,0 ~ 1.6,0,-1 ~ -.4,0,-2.8 ~ -.4,0,2.6 ~ -.4,2.1,0"/></property></vehicle><vehicle name="h7sb_sofa1"><property name="cameraDistance" value="5.5, 7"/><property name="cameraTurnRate" value=".2, .35"/><property name="upAngleMax" value="70"/><property name="upForce" value="1"/><property name="steerRate" value="130"/><property name="steerCenteringRate" value="90"/><property name="tiltAngleMax" value="80"/><property name="tiltThreshold" value="3"/><property name="tiltDampening" value=".22"/><property name="tiltDampenThreshold" value="8"/><property name="unstickForce" value="1"/><property name="velocityMax" value="9, 14"/><property name="waterDrag_y_velScale_velMaxScale" value="1.8, .9, .1"/><property name="wheelPtlScale" value="1"/><property name="motorTorqueMinQ" value="0"/><property name="motorTorqueMaxQ" value="0"/><property name="brakeTorque" value="0"/><property name="tiltUpForce" value="0"/><property name="hornSound" value="hallo"/><property class="handlebars"><property name="class" value="Steering"/><property name="slot_type" value="handlebars"/><property name="transform" value="Origin/steering_joint"/><property name="steerMaxAngle" value="60"/><property name="IKHandLPosition" value="3.75,0.55,3.1"/><property name="IKHandLRotation" value="90,0,0"/><property name="IKHandRPosition" value="7,0.4,3.5"/><property name="IKHandRRotation" value="83,0,0"/></property><property class="seat0"><property name="position" value="0.75,0.11,0.62"/><property name="rotation" value="-43,-16,0"/><property name="exit" value="-1.6,0,0 ~ 1.6,0,-1 ~ -.4,0,-2.8 ~ -.4,0,2.6 ~ -.4,2.1,0"/></property><property class="seat1"><property name="position" value="-0.75,0.11,0.64"/><property name="rotation" value="-43,15.5,0"/><property name="exit" value="-1.6,0,0 ~ 1.6,0,-1 ~ -.4,0,-2.8 ~ -.4,0,2.6 ~ -.4,2.1,0"/></property><property class="seat2"><property name="position" value="0,0.11,0.62"/><property name="rotation" value="-43,0,0"/><property name="exit" value="-1.6,0,0 ~ 1.6,0,-1 ~ -.4,0,-2.8 ~ -.4,0,2.6 ~ -.4,2.1,0"/></property></vehicle></append>
<!-- END H7SB Seats by Eihwaz -->


<!-- #################################### -->
<!-- START H7SB Storage by Eihwaz -->
<!-- Website: www.eihwaz.de -->
<!-- Download URL: https://gitlab.com/EihwazDE/7D2D -->
<append xpath="/vehicles"><vehicle name="h7sb_einkaufswagen"><property name="cameraDistance" value="5.5, 7"/><property name="cameraTurnRate" value=".2, .35"/><property name="upAngleMax" value="70"/><property name="upForce" value="1"/><property name="steerRate" value="130"/><property name="steerCenteringRate" value="90"/><property name="tiltUpForce" value="5"/><property name="tiltAngleMax" value="80"/><property name="tiltThreshold" value="3"/><property name="tiltDampening" value=".22"/><property name="tiltDampenThreshold" value="8"/><property name="unstickForce" value="1"/><property name="velocityMax" value="9, 14"/><property name="waterDrag_y_velScale_velMaxScale" value="1.8, .9, .1"/><property name="wheelPtlScale" value="1"/><property name="motorTorqueMinQ" value="250"/><property name="motorTorqueMaxQ" value="550"/><property name="brakeTorque" value="3000"/><property name="hopForce" value="0.25, 0.25"/><property name="hornSound" value="summen"/><property class="handlebars"><property name="class" value="Steering"/><property name="slot_type" value="handlebars"/><property name="transform" value="Origin/steering_joint"/><property name="steerMaxAngle" value="2"/><property name="IKHandLPosition" value="-0.7,2.3,2.6"/><property name="IKHandLRotation" value="90,0,0"/><property name="IKHandRPosition" value="1.5,2.3,2.6"/><property name="IKHandRRotation" value="90,0,0"/></property><property class="wheel0"><property name="steerTransform" value="Origin/frontLeftWheelStear_joint"/><property name="tireTransform" value="Origin/frontLeftWheelStear_joint/frontLeftWheel_joint"/><property name="tireSuspensionPercent" value="1"/><property name="torqueScale_motor_brake" value="1, .8"/></property><property class="wheel1"><property name="steerTransform" value="Origin/frontRightWheelStear_joint"/><property name="tireTransform" value="Origin/frontRightWheelStear_joint/frontRightWheel_joint"/><property name="tireSuspensionPercent" value="1"/><property name="torqueScale_motor_brake" value="1, .8"/></property><property class="seat0"><property name="position" value="0,0.14,-0.28"/><property name="rotation" value="-16,0,0"/><property name="exit" value="-1.6,0,0 ~ 1.6,0,-1 ~ -.4,0,-2.8 ~ -.4,0,2.6 ~ -.4,2.1,0"/></property><property class="seat1"><property name="position" value="0,0.21,1.1"/><property name="rotation" value="-52,0,0"/><property name="exit" value="-1.6,0,0 ~ 1.6,0,-1 ~ -.4,0,-2.8 ~ -.4,0,2.6 ~ -.4,2.1,0"/></property><property class="wheel2"><property name="tireTransform" value="Origin/backLeftWheelJoint"/><property name="tireSuspensionPercent" value="1"/><property name="torqueScale_motor_brake" value="1, 1"/></property><property class="wheel3"><property name="tireTransform" value="Origin/backRightWheelJoint"/><property name="tireSuspensionPercent" value="1"/><property name="torqueScale_motor_brake" value="1, 1"/></property><property class="pedals"><property name="class" value="Pedals"/><property name="slot_type" value="pedals"/><property name="transform" value="Origin/headlight"/><property name="pedalLPosition" value="0, -1.2, -1.8"/><property name="pedalRPosition" value="0, 1.2, 1.8"/><property name="IKFootLPosition" value="-0.35, -1.5, -2.8"/><property name="IKFootLRotation" value="0, 0, 0"/><property name="IKFootRPosition" value="0.7, -1.5, -2.8"/><property name="IKFootRRotation" value="0, 0, 0"/><property name="pedalSound" value=""/><property name="staminaDrain" value="1,8"/></property><property class="storage"><property name="class" value="Storage"/><property name="display_name" value="basket"/><property name="slot_type" value="basket"/><property name="mesh" value="basket"/><property name="transform" value="basket"/></property></vehicle></append><append xpath="/vehicles"><vehicle name="h7sb_kippkarre"><property name="cameraDistance" value="5.5, 7"/><property name="cameraTurnRate" value=".2, .35"/><property name="upAngleMax" value="70"/><property name="upForce" value="1"/><property name="steerRate" value="130"/><property name="steerCenteringRate" value="90"/><property name="tiltUpForce" value="5"/><property name="tiltAngleMax" value="80"/><property name="tiltThreshold" value="3"/><property name="tiltDampening" value=".22"/><property name="tiltDampenThreshold" value="8"/><property name="unstickForce" value="1"/><property name="velocityMax" value="9, 14"/><property name="waterDrag_y_velScale_velMaxScale" value="1.8, .9, .1"/><property name="wheelPtlScale" value="1"/><property name="motorTorqueMinQ" value="225"/><property name="motorTorqueMaxQ" value="500"/><property name="brakeTorque" value="3000"/><property name="hopForce" value="0.25, 0.25"/><property name="hornSound" value="summen"/><property class="handlebars"><property name="class" value="Steering"/><property name="slot_type" value="handlebars"/><property name="transform" value="Origin/steering_joint"/><property name="steerMaxAngle" value="0"/><property name="IKHandLPosition" value="-0.7,2.1,2.4"/><property name="IKHandLRotation" value="90,0,0"/><property name="IKHandRPosition" value="1.5,2.1,2.4"/><property name="IKHandRRotation" value="90,0,0"/></property><property class="seat0"><property name="position" value="0,0.14,-0.28"/><property name="rotation" value="-16,0,0"/><property name="exit" value="-1.6,0,0 ~ 1.6,0,-1 ~ -.4,0,-2.8 ~ -.4,0,2.6 ~ -.4,2.1,0"/></property><property class="wheel0"><property name="steerTransform" value="Origin/frontLeftWheelStear_joint"/><property name="tireTransform" value="Origin/frontLeftWheelStear_joint/frontLeftWheel_joint"/><property name="tireSuspensionPercent" value="1"/><property name="torqueScale_motor_brake" value="1, .8"/></property><property class="seat1"><property name="position" value="0,0.81,1.43"/><property name="rotation" value="-34,0,0"/><property name="exit" value="-1.6,0,0 ~ 1.6,0,-1 ~ -.4,0,-2.8 ~ -.4,0,2.6 ~ -.4,2.1,0"/></property><property class="wheel1"><property name="steerTransform" value="Origin/frontRightWheelStear_joint"/><property name="tireTransform" value="Origin/frontRightWheelStear_joint/frontRightWheel_joint"/><property name="tireSuspensionPercent" value="1"/><property name="torqueScale_motor_brake" value="1, .8"/></property><property class="wheel2"><property name="tireTransform" value="Origin/backLeftWheelJoint"/><property name="tireSuspensionPercent" value="1"/><property name="torqueScale_motor_brake" value="1, 1"/></property><property class="wheel3"><property name="tireTransform" value="Origin/backRightWheelJoint"/><property name="tireSuspensionPercent" value="1"/><property name="torqueScale_motor_brake" value="1, 1"/></property><property class="pedals"><property name="class" value="Pedals"/><property name="slot_type" value="pedals"/><property name="transform" value="Origin/headlight"/><property name="pedalLPosition" value="0, -1.2, -1.8"/><property name="pedalRPosition" value="0, 1.2, 1.8"/><property name="IKFootLPosition" value="-0.35, -1.5, -2.8"/><property name="IKFootLRotation" value="0, 0, 0"/><property name="IKFootRPosition" value="0.7, -1.5, -2.8"/><property name="IKFootRRotation" value="0, 0, 0"/><property name="pedalSound" value=""/><property name="staminaDrain" value="2,12"/></property><property class="storage"><property name="class" value="Storage"/><property name="display_name" value="basket"/><property name="slot_type" value="basket"/><property name="mesh" value="basket"/><property name="transform" value="basket"/></property></vehicle></append>
<!-- END H7SB Storage by Eihwaz -->


<!-- #################################### -->
<!-- START Ragsy_Brighter_Vehicle_Headlights_V2 by Ragsy2145, Modified by Shouden Kalferas -->
<!-- Website: https://7daystodie.com/forums/showthread.php?106453-Ragsy2145-Modlets -->
<!-- Download URL: https://github.com/XelaNull/7dtd-FixedModlets/trunk/Ragsy_Brighter_Headlights_V2 -->
	<set xpath="/vehicles/vehicle[contains(@name, 'vehicle') and not(contains(@name, 'Bicycle')) and not(contains(@name, 'ocopter'))]/property[@class='headlight']/property[@name='bright']/@value">4</set>
<!-- END Ragsy_Brighter_Vehicle_Headlights_V2 by Ragsy2145, Modified by Shouden Kalferas -->


<!-- #################################### -->
<!-- START Riles-SeatingPlus by Riles -->
<!-- Download URL: https://docs.google.com/uc?export=download&id=1jHXXJWzyirKZfhw9CS0yTagPKYITCWUz -->
	<append xpath="/vehicles/vehicle[@name='vehicleMotorcycle']">
		<property class="seat1">
			<property name="position" value="0, .18, -.401"/>
			<property name="rotation" value="0, 0, 0"/>
			<property name="exit" value="-.9,0,-.401 ~ .9,0,-.401 ~ -.401,0,-1.5 ~ -.401,0,1.6 ~ 0,1.5,-.401"/>
		</property>
	</append>
	<append xpath="/vehicles/vehicle[@name='vehicle4x4Truck']">
		<property class="seat2"> 
			<property name="position" value="0, .65, -.9"/>
			<property name="rotation" value="-20, 0, 0"/>
			<property name="exit" value="0,0,-2.8 ~ 0,0,2.6 ~ -1.6,0,-.401 ~ -1.6,0,.401 ~ 0,2.1,0"/>
		</property>
		<property class="seat3">
			<property name="position" value="-.70, .60, -1.8"/>
			<property name="rotation" value="-20, -90, 0"/>
			<property name="exit" value="-1.3,0,-2.8 ~ -1.3,0,2.6 ~ -1.6,0,-.601 ~ 1.6,0,.601 ~ -1.3,2.1,0"/>
		</property>
		<property class="seat4">
			<property name="position" value=".70, .60, -1.8"/>
			<property name="rotation" value="-20, 90, 0"/>
			<property name="exit" value="1.3,0,-2.8 ~ 1.3,0,2.6 ~ 1.6,0,-.601 ~ -1.6,0,.601 ~ 1.3,2.1,0"/>
		</property>
	</append>
<!-- END Riles-SeatingPlus by Riles -->


<!-- #################################### -->
<!-- START White River Tools of Citizenship - Amelia Earhart's Gyrocopter by ShoudenKalferas and Aeyvi-Daro -->
<!-- Website: https://7daystodie.com/forums/showthread.php?111233-White-River-Tools-Of-Citizenship -->
<!-- Download URL: https://github.com/XelaNull/7DTD-WhiteRiver_ToC.git -->
	<append xpath="/vehicles">
    <vehicle name="vehicleAmeliaGyrocopter">
			<property name="cameraDistance" value="10, 10"/>
			<property name="cameraTurnRate" value=".2, .35"/>
			<property name="motorTorqueMinQ" value="0"/>
			<property name="motorTorqueMaxQ" value="1400"/>
			<property name="brakeTorque" value="10"/>
			<property name="steerRate" value="150"/>
			<property name="steerCenteringRate" value="100"/>
			<property name="tiltAngleMax" value="8"/>
			<property name="tiltThreshold" value="2"/>
			<property name="tiltDampening" value=".5"/>
			<property name="tiltDampenThreshold" value="0"/>
			<property name="tiltUpForce" value="1"/>
			<property name="upAngleMax" value="60"/>
			<property name="upForce" value=".3"/>
			<property name="unstickForce" value="1"/>
			<property name="velocityMax" value="15, 24"/>
			<property name="airDrag_velScale_angVelScale" value=".997, .97"/>
			<property name="waterDrag_y_velScale_velMaxScale" value="1.5, .9, 1"/>
			<property name="waterLift_y_depth_force" value="1, .5, .1"/>
      <property name="hornSound" value="vehicle/minibike/minibike_horn"/>
      <property class="engine">
        <property name="class" value="Engine"/>
        <property name="slot_type" value="engine"/>
        <property name="fuelKmPerL" value="0.01"/>
        <property name="foodDrain" value=".008,.02"/>
        <property name="gear1" value="
                  500,2500, -1400,800,0, 1500,9999,9999,
                  ,
                  ,
                  0, .5,  .45, .1,  -9, .1, .1, Vehicles/Gyrocopter/gyrocopter_idle_lp,
                  -.1, .1,  .65, .7,  0, 9, .1, Vehicles/Gyrocopter/gyrocopter_med_lp
                  "/>
        <property name="sound_start" value="Vehicles/Gyrocopter/gyrocopter_start"/>
        <property name="sound_shut_off" value="Vehicles/Gyrocopter/gyrocopter_shutoff"/>
        <property name="sound_no_fuel_shut_off" value="Vehicles/Gyrocopter/gyrocopter_sputter"/>
        <property name="paint" value="body"/>
      </property>
      <property class="fuelTank">
        <property name="class" value="FuelTank"/>
        <property name="capacity" value="400"/>
      </property>
      <property class="handlebars">
        <property name="class" value="Steering"/>
        <property name="slot_type" value="handlebars"/>
        <property name="transform" value="Origin"/>
        <property name="steerMaxAngle" value="0"/>
        <property name="IKHandLPosition" value="-.052, .923, .755"/>
        <property name="IKHandLRotation" value="0, 17.2, 90"/>
        <property name="IKHandRPosition" value=".052, 1.0054, .755"/>
        <property name="IKHandRRotation" value="0, -17.2, -90"/>
      </property>
      <property class="seat0">
        <property name="position" value="0, .05, .98"/>
        <property name="rotation" value="-25, 0, 0"/>
        <property name="exit" value="-1.3,0,.9 ~ 1.3,0,.9 ~ 0,0,-2.4 ~ 0,0,2.4 ~ 0,2,0"/>
      </property>
			<property class="seat1">
				<property name="position" value=".5, .05, .98"/>
				<property name="rotation" value="-25, 0, 0"/>
				<property name="exit" value="-1.3,0,.9 ~ 1.3,0,.9 ~ 0,0,-2.4 ~ 0,0,2.4 ~ 0,2,0"/>
			</property>
			<property class="seat2">
				<property name="position" value="-.5, .05, .98"/>
				<property name="rotation" value="-25, 0, 0"/>
				<property name="exit" value="-1.3,0,.9 ~ 1.3,0,.9 ~ 0,0,-2.4 ~ 0,0,2.4 ~ 0,2,0"/>
			</property>
			<property class="motor0">
				<property name="engine" value="engine"/>
				<property name="engineOffPer" value=".02"/>
				<property name="rpmAccel_min_max" value="0.01, .3"/>
				<property name="rpmMax" value="8"/>
				<property name="rpmDrag" value=".993"/>
				<property name="trigger" value="relative"/> 
				<property name="type" value="spin"/> 
				<property name="transform" value="Origin/TopPropellerJoint"/>
				<property name="axis" value="1"/>
			</property>
			<property class="motor1">
				<property name="engine" value="engine"/>
				<property name="turbo" value="1.65"/>
				<property name="rpmAccel_min_max" value="0.05, .4"/>
				<property name="rpmMax" value="8"/>
				<property name="rpmDrag" value=".993"/>
				<property name="trigger" value="relative"/>
				<property name="type" value="spin"/>
				<property name="transform" value="Origin/BackPropellerJoint"/>
				<property name="axis" value="2"/>
			</property>
			<property class="force0">
				<property name="trigger" value="motor0"/>
				<property name="type" value="relative"/>
				<property name="force" value="0, .18, 0"/>
				<property name="ceiling" value="150, 240"/>
			</property>
			<property class="force1">
				<property name="trigger" value="motor1"/>
				<property name="type" value="relative"/>
				<property name="force" value="0, 0,.0"/>
			</property>
			<property class="force2">
				<property name="trigger" value="inputForward"/>
				<property name="type" value="relative"/>
				<property name="force" value="0, 0.05,0 "/>
			</property>
			<property class="force3">
				<property name="trigger" value="inputStrafe"/>
				<property name="type" value="relativeTorque"/>
				<property name="force" value="0, .022, 0"/>
			</property>
			<property class="force4">
				<property name="trigger" value="inputUp"/>
				<property name="type" value="relativeTorque"/>
				<property name="force" value="-.01, 0, 0"/>
			</property>
			<property class="force5">
				<property name="trigger" value="inputDown"/>
				<property name="type" value="relativeTorque"/>
				<property name="force" value=".01, 0, 0"/>
			</property>
      <property class="wheel0">
        <property name="torqueScale_motor_brake" value="1, 1"/>
      </property>
      <property class="wheel1">
        <property name="torqueScale_motor_brake" value="1, 1"/>
      </property>
      <property class="wheel2">
        <property name="torqueScale_motor_brake" value="1, 1"/>
      </property>
			<property class="headlight">
				<property name="class" value="Headlight"/>
				<property name="parent_part" value="chassis"/>
				<property name="transform" value="Origin/headlight"/>
				<property name="bright" value=".75"/>
			</property>
      <property class="storage">
        <property name="class" value="Storage"/>
        <property name="display_name" value="basket"/>
        <property name="slot_type" value="basket"/>
        <property name="mesh" value="basket"/>
        <property name="transform" value="basket"/>
      </property>
    </vehicle>
  </append>
<!-- END White River Tools of Citizenship - Amelia Earhart's Gyrocopter by ShoudenKalferas and Aeyvi-Daro -->


<!-- #################################### -->
<!-- START White River Tools of Citizenship - Spirit of Vengeance by ShoudenKalferas, based on Snufkin's Vehicles and Zombies, with help from arramus and Slawa -->
<!-- Website: https://github.com/XelaNull/XelaNull-7dtd-Modlets -->
<!-- Download URL: https://github.com/XelaNull/7DTD-WhiteRiver_ToC.git -->
	<append xpath="/vehicles">
		<vehicle name="vehicle_spirit_hell_beast">
			<property name="cameraDistance" value="3.5, 5"/>
			<property name="cameraTurnRate" value=".2, .35"/>
			<property name="motorTorqueMinQ" value="6000"/>
			<property name="motorTorqueMaxQ" value="6000"/>
			<property name="brakeTorque" value="4000"/>
			<property name="upAngleMax" value="90"/>
			<property name="upForce" value="1"/>
			<property name="steerRate" value="130"/>
			<property name="steerCenteringRate" value="90"/>
			<property name="tiltAngleMax" value="20"/>
			<property name="tiltThreshold" value="3"/>
			<property name="tiltDampening" value=".22"/>
			<property name="tiltDampenThreshold" value="8"/>
			<property name="tiltUpForce" value="5"/>
			<property name="hopForce" value="8, .1"/>
			<property name="unstickForce" value="1"/>
			<property name="velocityMax" value="15, 25"/>
			<property name="waterDrag_y_velScale_velMaxScale" value="1.7, .9, .1"/>
			<property name="wheelPtlScale" value="1"/>
			<property name="hornSound" value="vehicle/minibike/minibike_horn"/>
			<property class="battery">
				<property name="class" value="Battery"/>
				<property name="slot_type" value="battery"/>
				<property name="mesh" value="battery"/>
				<property name="transform" value="battery"/>
				<property name="parent_part" value="chassis"/></property>
			<property class="chassis">
				<property name="class" value="Chassis"/>
				<property name="display_name" value="chassis"/>
				<property name="slot_type" value="chassis"/>
				<property name="mesh" value="chassis"/>
				<property name="transform" value="Origin"/>
				<property name="part_damage_reduction" value="0.5"/></property>
			<property class="engine">
				<property name="class" value="Engine"/>
				<property name="slot_type" value="engine"/>
				<property name="mesh" value="engine_small"/>
				<property name="transform" value="engine_small"/>
				<property name="particle_transform" value="engine_small/MinibikeParticles/p_engine_fire"/>
				<property name="fuelKmPerL" value=".1"/>
				<property name="gear1" value="
								500,2500, -1400,800,0, 700,2000,900,
								Vehicles/Motorbike/motorbike_accel_1,
								,
								0, .7, 1, .1, -9, .15, .1, Vehicles/Motorbike/motorbike_idle_lp,
								-.3, .1, .1, .4, -.05, 9, .2, Vehicles/Motorbike/motorbike_run_lp
								"/>
				<property name="gear2" value="
								500,2500, -2000,1000,2000, 620,2200,800,
								Vehicles/Motorbike/motorbike_accel_2,
								Vehicles/Motorbike/motorbike_decel,
								-.2, -.02, .1, .2, -1, 1, .1, Vehicles/Motorbike/motorbike_run_lp
								"/>
				<property name="gear3" value="
								500,2500, -2000,1000,2000, 570,2200,1000,
								Vehicles/Motorbike/motorbike_accel_3,
								Vehicles/Motorbike/motorbike_decel,
								-.21, -.05, .1, .2, -1, 1, .1, Vehicles/Motorbike/motorbike_run_lp
								"/>
				<property name="gear4" value="
								500,2500, -2000,1000,2000, 500,9999,9999,
								,
								Vehicles/Motorbike/motorbike_decel,
								-.25, -.08, .55, .45, -1, 1, .1, Vehicles/Motorbike/motorbike_run_lp
								"/>
				<property name="sound_start" value="Vehicles/Motorbike/minibike_start_"/>
				<property name="sound_shut_off" value="Vehicles/Motorbike/minibike_shutoff_"/>
				<property name="sound_no_fuel_shut_off" value="Vehicles/Motorbike/motorbike_empty"/>
				<property name="parent_part" value="chassis"/></property>
			<property class="fuelTank">
				<property name="class" value="FuelTank"/>
				<property name="parent_part" value="engine"/>
				<property name="capacity" value="200"/></property>
			<property class="handlebars">
				<property name="class" value="Steering"/>
				<property name="slot_type" value="handlebars"/>
				<property name="mesh" value="handlebar"/>
				<property name="transform" value="Origin/handlebar_joint"/>
				<property name="IKHandLPosition" value="-.3329, .2552, -.158"/>
				<property name="IKHandLRotation" value="27.30321, -15.59375, 8.961643"/>
				<property name="IKHandRPosition" value=".3329, .2552, -.158"/>
				<property name="IKHandRRotation" value="27.30321, 15.59375, -8.961643"/>
				<property name="parent_part" value="chassis"/></property>
			<property class="seat0">
				<property name="position" value="0, 0, -.201"/>
				<property name="rotation" value="0, 0, 0"/>
				<property name="exit" value="-.9,0,0 ~ .9,0,0 ~ 0,0,-1.5 ~ 0,0,1.6 ~ 0,1.5,0"/></property>
			<property class="wheel0">
				<property name="steerTransform" value="Origin/handlebar_joint"/>
				<property name="tireTransform" value="Origin/handlebar_joint/frontWheel_joint"/>
				<property name="torqueScale_motor_brake" value=".15, .5"/></property>
			<property class="wheel1">
				<property name="tireTransform" value="Origin/backWheelJoint"/>
				<property name="torqueScale_motor_brake" value="1, 1"/></property>
			<property class="headlight">
				<property name="class" value="Headlight"/>
				<property name="parent_part" value="handlebars"/>
				<property name="transform" value="Origin/handlebar_joint/headlight"/>
				<property name="bright" value=".9"/></property>
			<property class="storage">
				<property name="class" value="Storage"/>
				<property name="display_name" value="basket"/>
				<property name="slot_type" value="basket"/>
				<property name="mesh" value="basket"/>
				<property name="transform" value="basket"/>
				<property name="parent_part" value="chassis"/></property>
		</vehicle>
	</append>
<!-- END White River Tools of Citizenship - Spirit of Vengeance by ShoudenKalferas, based on Snufkin's Vehicles and Zombies, with help from arramus and Slawa -->


</configs>
