<configs>
<append xpath="/buffs">


	<buff name="buffFrobscottle" name_key="buffFrobscottleName" description_key="buffFrobscottleDesc" tooltip_key="buffFrobscottleTooltip" icon="ui_game_symbol_stomach"  icon_color="132,255,33">
		<stack_type value="replace"/><duration value="0"/>
		<display_value value=".buffFrobscottleDisplay"/><display_value_format value="time"/>
		<effect_group>
			<triggered_effect trigger="onSelfBuffUpdate" action="ModifyCVar" cvar="$buffFrobscottleDuration" operation="subtract" value="@$MetabolismDuration"/>
			<triggered_effect trigger="onSelfBuffUpdate" action="ModifyCVar" cvar=".buffFrobscottleDisplay" operation="set" value="@$buffFrobscottleDuration"/>
			<triggered_effect trigger="onSelfBuffUpdate" action="ModifyCVar" cvar=".buffFrobscottleDisplay" operation="divide" value="@$MetabolismDuration"/>
		</effect_group>
		<effect_group>
			<requirement name="CVarCompare" cvar="$buffFrobscottleDuration" operation="LTE" value="0"/>
				<triggered_effect trigger="onSelfBuffRemove" action="ModifyCVar" cvar=".buffFrobscottleDisplay" operation="set" value="0"/>
				<triggered_effect trigger="onSelfBuffUpdate" action="ModifyCVar" cvar="$buffFrobscottleDuration" operation="set" value="0"/>
				<triggered_effect trigger="onSelfBuffUpdate" action="RemoveBuff" buff="buffFrobscottle"/>
		</effect_group>
		
	<effect_group tiered="false">
		<passive_effect name="JumpStrength" operation="perc_add" value="4.2"/>
		<passive_effect name="StaminaLoss" operation="perc_add" value="-.75" tags="jumping"/>
		
		<triggered_effect trigger="onSelfBuffStart" action="AddBuff" buff="buffDontBreakMyLeg"/>
		<triggered_effect trigger="onSelfBuffRemove" action="RemoveBuff" buff="buffDontBreakMyLeg"/>

		<triggered_effect trigger="onSelfJump" action="PlaySound" sound="m136_fire" play_in_head="false"/>
		<triggered_effect trigger="onSelfJump" action="PlaySound" sound="generator_stop" play_in_head="false"/>
		<triggered_effect trigger="onSelfJump" action="AddBuff" buff="buffJumpJetsAirborne"/>
	</effect_group>
	</buff>

</append>
</configs>


