<!-- - - - - - - - - - - -
#########################
####### H7SB Seats ######
### 7 Days to Die Mod ###
#########################
####### Eihwaz © ########
##### NO REUPLAOD! ######
#### CC BY-NC-ND-SA #####
#########################
- - - - - - - - - - - -->
<eihwaz.de>
<append xpath="/vehicles"><vehicle name="h7sb_chefsessel"><property name="cameraDistance" value="5.5, 7"/><property name="cameraTurnRate" value=".2, .35"/><property name="upAngleMax" value="70"/><property name="upForce" value="1"/><property name="steerRate" value="130"/><property name="steerCenteringRate" value="90"/><property name="tiltAngleMax" value="80"/><property name="tiltThreshold" value="3"/><property name="tiltDampening" value=".22"/><property name="tiltDampenThreshold" value="8"/><property name="unstickForce" value="1"/><property name="velocityMax" value="9, 14"/><property name="waterDrag_y_velScale_velMaxScale" value="1.8, .9, .1"/><property name="wheelPtlScale" value="1"/><property name="motorTorqueMinQ" value="0"/><property name="motorTorqueMaxQ" value="0"/><property name="brakeTorque" value="0"/><property name="tiltUpForce" value="0"/><property name="hornSound" value="hallo"/><property class="handlebars"><property name="class" value="Steering"/><property name="slot_type" value="handlebars"/><property name="transform" value="Origin/steering_joint"/><property name="steerMaxAngle" value="60"/><property name="IKHandLPosition" value="-1.44,0,3"/><property name="IKHandLRotation" value="90,0,0"/><property name="IKHandRPosition" value="2.2,0,3"/><property name="IKHandRRotation" value="90,0,0"/></property><property class="seat0"><property name="position" value="0,-0.05,0.47"/><property name="rotation" value="-28,0,0"/><property name="exit" value="-1.6,0,0 ~ 1.6,0,-1 ~ -.4,0,-2.8 ~ -.4,0,2.6 ~ -.4,2.1,0"/></property></vehicle><vehicle name="h7sb_klappstuhl"><property name="cameraDistance" value="5.5, 7"/><property name="cameraTurnRate" value=".2, .35"/><property name="upAngleMax" value="70"/><property name="upForce" value="1"/><property name="steerRate" value="130"/><property name="steerCenteringRate" value="90"/><property name="tiltAngleMax" value="80"/><property name="tiltThreshold" value="3"/><property name="tiltDampening" value=".22"/><property name="tiltDampenThreshold" value="8"/><property name="unstickForce" value="1"/><property name="velocityMax" value="9, 14"/><property name="waterDrag_y_velScale_velMaxScale" value="1.8, .9, .1"/><property name="wheelPtlScale" value="1"/><property name="motorTorqueMinQ" value="0"/><property name="motorTorqueMaxQ" value="0"/><property name="brakeTorque" value="0"/><property name="tiltUpForce" value="0"/><property name="hornSound" value="hallo"/><property class="handlebars"><property name="class" value="Steering"/><property name="slot_type" value="handlebars"/><property name="transform" value="Origin/steering_joint"/><property name="steerMaxAngle" value="60"/><property name="IKHandLPosition" value="-1.44,0,2.1"/><property name="IKHandLRotation" value="90,-90,0"/><property name="IKHandRPosition" value="2.2,0,2.1"/><property name="IKHandRRotation" value="90,90,0"/></property><property class="seat0"><property name="position" value="0,-0.13,0.60"/><property name="rotation" value="-39,0,0"/><property name="exit" value="-1.6,0,0 ~ 1.6,0,-1 ~ -.4,0,-2.8 ~ -.4,0,2.6 ~ -.4,2.1,0"/></property></vehicle><vehicle name="h7sb_holzhocker"><property name="cameraDistance" value="5.5, 7"/><property name="cameraTurnRate" value=".2, .35"/><property name="upAngleMax" value="70"/><property name="upForce" value="1"/><property name="steerRate" value="130"/><property name="steerCenteringRate" value="90"/><property name="tiltAngleMax" value="80"/><property name="tiltThreshold" value="3"/><property name="tiltDampening" value=".22"/><property name="tiltDampenThreshold" value="8"/><property name="unstickForce" value="1"/><property name="velocityMax" value="9, 14"/><property name="waterDrag_y_velScale_velMaxScale" value="1.8, .9, .1"/><property name="wheelPtlScale" value="1"/><property name="motorTorqueMinQ" value="0"/><property name="motorTorqueMaxQ" value="0"/><property name="brakeTorque" value="0"/><property name="tiltUpForce" value="0"/><property name="hornSound" value="hallo"/><property class="handlebars"><property name="class" value="Steering"/><property name="slot_type" value="handlebars"/><property name="transform" value="Origin/steering_joint"/><property name="steerMaxAngle" value="60"/><property name="IKHandLPosition" value="-0.6,0.3,2.46"/><property name="IKHandLRotation" value="90,0,0"/><property name="IKHandRPosition" value="1.4,0.3,2.46"/><property name="IKHandRRotation" value="90,0,0"/></property><property class="seat0"><property name="position" value="0,-0.09,0.37"/><property name="rotation" value="-28,0,0"/><property name="exit" value="-1.6,0,0 ~ 1.6,0,-1 ~ -.4,0,-2.8 ~ -.4,0,2.6 ~ -.4,2.1,0"/></property></vehicle><vehicle name="h7sb_sessel"><property name="cameraDistance" value="5.5, 7"/><property name="cameraTurnRate" value=".2, .35"/><property name="upAngleMax" value="70"/><property name="upForce" value="1"/><property name="steerRate" value="130"/><property name="steerCenteringRate" value="90"/><property name="tiltAngleMax" value="80"/><property name="tiltThreshold" value="3"/><property name="tiltDampening" value=".22"/><property name="tiltDampenThreshold" value="8"/><property name="unstickForce" value="1"/><property name="velocityMax" value="9, 14"/><property name="waterDrag_y_velScale_velMaxScale" value="1.8, .9, .1"/><property name="wheelPtlScale" value="1"/><property name="motorTorqueMinQ" value="0"/><property name="motorTorqueMaxQ" value="0"/><property name="brakeTorque" value="0"/><property name="tiltUpForce" value="0"/><property name="hornSound" value="hallo"/><property class="handlebars"><property name="class" value="Steering"/><property name="slot_type" value="handlebars"/><property name="transform" value="Origin/steering_joint"/><property name="steerMaxAngle" value="60"/><property name="IKHandLPosition" value="-2.24,1.2,2.7"/><property name="IKHandLRotation" value="83,0,0"/><property name="IKHandRPosition" value="3,1.2,2.7"/><property name="IKHandRRotation" value="83,0,0"/></property><property class="seat0"><property name="position" value="0,-0.1,0.53"/><property name="rotation" value="-41,0,0"/><property name="exit" value="-1.6,0,0 ~ 1.6,0,-1 ~ -.4,0,-2.8 ~ -.4,0,2.6 ~ -.4,2.1,0"/></property></vehicle><vehicle name="h7sb_sessel1"><property name="cameraDistance" value="5.5, 7"/><property name="cameraTurnRate" value=".2, .35"/><property name="upAngleMax" value="70"/><property name="upForce" value="1"/><property name="steerRate" value="130"/><property name="steerCenteringRate" value="90"/><property name="tiltAngleMax" value="80"/><property name="tiltThreshold" value="3"/><property name="tiltDampening" value=".22"/><property name="tiltDampenThreshold" value="8"/><property name="unstickForce" value="1"/><property name="velocityMax" value="9, 14"/><property name="waterDrag_y_velScale_velMaxScale" value="1.8, .9, .1"/><property name="wheelPtlScale" value="1"/><property name="motorTorqueMinQ" value="0"/><property name="motorTorqueMaxQ" value="0"/><property name="brakeTorque" value="0"/><property name="tiltUpForce" value="0"/><property name="hornSound" value="hallo"/><property class="handlebars"><property name="class" value="Steering"/><property name="slot_type" value="handlebars"/><property name="transform" value="Origin/steering_joint"/><property name="steerMaxAngle" value="60"/><property name="IKHandLPosition" value="-2.24,1.2,2.7"/><property name="IKHandLRotation" value="83,0,0"/><property name="IKHandRPosition" value="3,1.2,2.7"/><property name="IKHandRRotation" value="83,0,0"/></property><property class="seat0"><property name="position" value="0,-0.1,0.53"/><property name="rotation" value="-41,0,0"/><property name="exit" value="-1.6,0,0 ~ 1.6,0,-1 ~ -.4,0,-2.8 ~ -.4,0,2.6 ~ -.4,2.1,0"/></property></vehicle><vehicle name="h7sb_sessel2"><property name="cameraDistance" value="5.5, 7"/><property name="cameraTurnRate" value=".2, .35"/><property name="upAngleMax" value="70"/><property name="upForce" value="1"/><property name="steerRate" value="130"/><property name="steerCenteringRate" value="90"/><property name="tiltAngleMax" value="80"/><property name="tiltThreshold" value="3"/><property name="tiltDampening" value=".22"/><property name="tiltDampenThreshold" value="8"/><property name="unstickForce" value="1"/><property name="velocityMax" value="9, 14"/><property name="waterDrag_y_velScale_velMaxScale" value="1.8, .9, .1"/><property name="wheelPtlScale" value="1"/><property name="motorTorqueMinQ" value="0"/><property name="motorTorqueMaxQ" value="0"/><property name="brakeTorque" value="0"/><property name="tiltUpForce" value="0"/><property name="hornSound" value="hallo"/><property class="handlebars"><property name="class" value="Steering"/><property name="slot_type" value="handlebars"/><property name="transform" value="Origin/steering_joint"/><property name="steerMaxAngle" value="60"/><property name="IKHandLPosition" value="-2.1,1.2,2.4"/><property name="IKHandLRotation" value="83,0,0"/><property name="IKHandRPosition" value="3,1.2,2.4"/><property name="IKHandRRotation" value="83,0,0"/></property><property class="seat0"><property name="position" value="0,-0.05,0.46"/><property name="rotation" value="-43,0,0"/><property name="exit" value="-1.6,0,0 ~ 1.6,0,-1 ~ -.4,0,-2.8 ~ -.4,0,2.6 ~ -.4,2.1,0"/></property></vehicle><vehicle name="h7sb_sessel3"><property name="cameraDistance" value="5.5, 7"/><property name="cameraTurnRate" value=".2, .35"/><property name="upAngleMax" value="70"/><property name="upForce" value="1"/><property name="steerRate" value="130"/><property name="steerCenteringRate" value="90"/><property name="tiltAngleMax" value="80"/><property name="tiltThreshold" value="3"/><property name="tiltDampening" value=".22"/><property name="tiltDampenThreshold" value="8"/><property name="unstickForce" value="1"/><property name="velocityMax" value="9, 14"/><property name="waterDrag_y_velScale_velMaxScale" value="1.8, .9, .1"/><property name="wheelPtlScale" value="1"/><property name="motorTorqueMinQ" value="0"/><property name="motorTorqueMaxQ" value="0"/><property name="brakeTorque" value="0"/><property name="tiltUpForce" value="0"/><property name="hornSound" value="hallo"/><property class="handlebars"><property name="class" value="Steering"/><property name="slot_type" value="handlebars"/><property name="transform" value="Origin/steering_joint"/><property name="steerMaxAngle" value="60"/><property name="IKHandLPosition" value="-2.1,1.2,2.4"/><property name="IKHandLRotation" value="83,0,0"/><property name="IKHandRPosition" value="3,1.2,2.4"/><property name="IKHandRRotation" value="83,0,0"/></property><property class="seat0"><property name="position" value="0,-0.05,0.46"/><property name="rotation" value="-43,0,0"/><property name="exit" value="-1.6,0,0 ~ 1.6,0,-1 ~ -.4,0,-2.8 ~ -.4,0,2.6 ~ -.4,2.1,0"/></property></vehicle><vehicle name="h7sb_bank"><property name="cameraDistance" value="5.5, 7"/><property name="cameraTurnRate" value=".2, .35"/><property name="upAngleMax" value="70"/><property name="upForce" value="1"/><property name="steerRate" value="130"/><property name="steerCenteringRate" value="90"/><property name="tiltAngleMax" value="80"/><property name="tiltThreshold" value="3"/><property name="tiltDampening" value=".22"/><property name="tiltDampenThreshold" value="8"/><property name="unstickForce" value="1"/><property name="velocityMax" value="9, 14"/><property name="waterDrag_y_velScale_velMaxScale" value="1.8, .9, .1"/><property name="wheelPtlScale" value="1"/><property name="motorTorqueMinQ" value="0"/><property name="motorTorqueMaxQ" value="0"/><property name="brakeTorque" value="0"/><property name="tiltUpForce" value="0"/><property name="hornSound" value="hallo"/><property class="handlebars"><property name="class" value="Steering"/><property name="slot_type" value="handlebars"/><property name="transform" value="Origin/steering_joint"/><property name="steerMaxAngle" value="60"/><property name="IKHandLPosition" value="0.5,0.6,2.4"/><property name="IKHandLRotation" value="90,0,0"/><property name="IKHandRPosition" value="2.9,0.6,2.4"/><property name="IKHandRRotation" value="90,0,0"/></property><property class="seat0"><property name="position" value="0.256,-0.05,0.40"/><property name="rotation" value="-36,0,0"/><property name="exit" value="-1.6,0,0 ~ 1.6,0,-1 ~ -.4,0,-2.8 ~ -.4,0,2.6 ~ -.4,2.1,0"/></property><property class="seat1"><property name="position" value="-0.46,-0.05,0.40"/><property name="rotation" value="-36,0,0"/><property name="exit" value="-1.6,0,0 ~ 1.6,0,-1 ~ -.4,0,-2.8 ~ -.4,0,2.6 ~ -.4,2.1,0"/></property></vehicle><vehicle name="h7sb_bank1"><property name="cameraDistance" value="5.5, 7"/><property name="cameraTurnRate" value=".2, .35"/><property name="upAngleMax" value="70"/><property name="upForce" value="1"/><property name="steerRate" value="130"/><property name="steerCenteringRate" value="90"/><property name="tiltAngleMax" value="80"/><property name="tiltThreshold" value="3"/><property name="tiltDampening" value=".22"/><property name="tiltDampenThreshold" value="8"/><property name="unstickForce" value="1"/><property name="velocityMax" value="9, 14"/><property name="waterDrag_y_velScale_velMaxScale" value="1.8, .9, .1"/><property name="wheelPtlScale" value="1"/><property name="motorTorqueMinQ" value="0"/><property name="motorTorqueMaxQ" value="0"/><property name="brakeTorque" value="0"/><property name="tiltUpForce" value="0"/><property name="hornSound" value="hallo"/><property class="handlebars"><property name="class" value="Steering"/><property name="slot_type" value="handlebars"/><property name="transform" value="Origin/steering_joint"/><property name="steerMaxAngle" value="60"/><property name="IKHandLPosition" value="0.5,0.6,2.4"/><property name="IKHandLRotation" value="90,0,0"/><property name="IKHandRPosition" value="2.9,0.6,2.4"/><property name="IKHandRRotation" value="90,0,0"/></property><property class="seat0"><property name="position" value="0.256,-0.05,0.40"/><property name="rotation" value="-36,0,0"/><property name="exit" value="-1.6,0,0 ~ 1.6,0,-1 ~ -.4,0,-2.8 ~ -.4,0,2.6 ~ -.4,2.1,0"/></property><property class="seat1"><property name="position" value="-0.46,-0.05,0.40"/><property name="rotation" value="-36,0,0"/><property name="exit" value="-1.6,0,0 ~ 1.6,0,-1 ~ -.4,0,-2.8 ~ -.4,0,2.6 ~ -.4,2.1,0"/></property></vehicle><vehicle name="h7sb_sofa"><property name="cameraDistance" value="5.5, 7"/><property name="cameraTurnRate" value=".2, .35"/><property name="upAngleMax" value="70"/><property name="upForce" value="1"/><property name="steerRate" value="130"/><property name="steerCenteringRate" value="90"/><property name="tiltAngleMax" value="80"/><property name="tiltThreshold" value="3"/><property name="tiltDampening" value=".22"/><property name="tiltDampenThreshold" value="8"/><property name="unstickForce" value="1"/><property name="velocityMax" value="9, 14"/><property name="waterDrag_y_velScale_velMaxScale" value="1.8, .9, .1"/><property name="wheelPtlScale" value="1"/><property name="motorTorqueMinQ" value="0"/><property name="motorTorqueMaxQ" value="0"/><property name="brakeTorque" value="0"/><property name="tiltUpForce" value="0"/><property name="hornSound" value="hallo"/><property class="handlebars"><property name="class" value="Steering"/><property name="slot_type" value="handlebars"/><property name="transform" value="Origin/steering_joint"/><property name="steerMaxAngle" value="60"/><property name="IKHandLPosition" value="3.75,0.55,3.1"/><property name="IKHandLRotation" value="90,0,0"/><property name="IKHandRPosition" value="7,0.4,3.5"/><property name="IKHandRRotation" value="83,0,0"/></property><property class="seat0"><property name="position" value="0.75,0.11,0.62"/><property name="rotation" value="-43,-16,0"/><property name="exit" value="-1.6,0,0 ~ 1.6,0,-1 ~ -.4,0,-2.8 ~ -.4,0,2.6 ~ -.4,2.1,0"/></property><property class="seat1"><property name="position" value="-0.75,0.11,0.64"/><property name="rotation" value="-43,15.5,0"/><property name="exit" value="-1.6,0,0 ~ 1.6,0,-1 ~ -.4,0,-2.8 ~ -.4,0,2.6 ~ -.4,2.1,0"/></property><property class="seat2"><property name="position" value="0,0.11,0.62"/><property name="rotation" value="-43,0,0"/><property name="exit" value="-1.6,0,0 ~ 1.6,0,-1 ~ -.4,0,-2.8 ~ -.4,0,2.6 ~ -.4,2.1,0"/></property></vehicle><vehicle name="h7sb_sofa1"><property name="cameraDistance" value="5.5, 7"/><property name="cameraTurnRate" value=".2, .35"/><property name="upAngleMax" value="70"/><property name="upForce" value="1"/><property name="steerRate" value="130"/><property name="steerCenteringRate" value="90"/><property name="tiltAngleMax" value="80"/><property name="tiltThreshold" value="3"/><property name="tiltDampening" value=".22"/><property name="tiltDampenThreshold" value="8"/><property name="unstickForce" value="1"/><property name="velocityMax" value="9, 14"/><property name="waterDrag_y_velScale_velMaxScale" value="1.8, .9, .1"/><property name="wheelPtlScale" value="1"/><property name="motorTorqueMinQ" value="0"/><property name="motorTorqueMaxQ" value="0"/><property name="brakeTorque" value="0"/><property name="tiltUpForce" value="0"/><property name="hornSound" value="hallo"/><property class="handlebars"><property name="class" value="Steering"/><property name="slot_type" value="handlebars"/><property name="transform" value="Origin/steering_joint"/><property name="steerMaxAngle" value="60"/><property name="IKHandLPosition" value="3.75,0.55,3.1"/><property name="IKHandLRotation" value="90,0,0"/><property name="IKHandRPosition" value="7,0.4,3.5"/><property name="IKHandRRotation" value="83,0,0"/></property><property class="seat0"><property name="position" value="0.75,0.11,0.62"/><property name="rotation" value="-43,-16,0"/><property name="exit" value="-1.6,0,0 ~ 1.6,0,-1 ~ -.4,0,-2.8 ~ -.4,0,2.6 ~ -.4,2.1,0"/></property><property class="seat1"><property name="position" value="-0.75,0.11,0.64"/><property name="rotation" value="-43,15.5,0"/><property name="exit" value="-1.6,0,0 ~ 1.6,0,-1 ~ -.4,0,-2.8 ~ -.4,0,2.6 ~ -.4,2.1,0"/></property><property class="seat2"><property name="position" value="0,0.11,0.62"/><property name="rotation" value="-43,0,0"/><property name="exit" value="-1.6,0,0 ~ 1.6,0,-1 ~ -.4,0,-2.8 ~ -.4,0,2.6 ~ -.4,2.1,0"/></property></vehicle></append>
</eihwaz.de>

