<configs>
	<append xpath="/recipes">
	
		<!-- The quest and goal item to craft for reward for: Bunyan's FireAxe -->
		<recipe name="questitem_toc_bunyan_name" count="1" craft_time = "1" craft_exp_gain="0" >
			<ingredient name="questitem_toc_citizencard_name" count="1"/>
		</recipe>
		<recipe name="questwrit_toc_bunyan_name" count="1" craft_time = "90" craft_exp_gain="5000" >
			<ingredient name="drinkJarBoiledWater" count="50"/>
			<ingredient name="resourcePaper" count="1"/>
			<ingredient name="questitem_coin_bunyan" count="1"/>
		</recipe>	
		
	</append>
</configs>