<config>
	<append xpath="/quests" >	
			<quest id="+Quest For Bunyan's FireAxe">
				<property name="name_key" value="quest_toc_bunyan_name"/>
				<property name="subtitle_key" value="quest_toc_bunyan_subtitle"/>
				<property name="description_key" value="quest_toc_bunyan_description"/>
				<property name="icon" value="ui_game_symbol_map_trader" />
				<property name="repeatable" value="true" />
				<property name="category_key" value="quest" />
				<property name="difficulty" value="easy" />
				<property name="offer_key" value="quest_toc_bunyan_offer"/>
				<property name="statement_key" value="quest_toc_bunyan_statement"/>
				<property name="response_key" value="questdialog_toc_bunyan"/>				
				<property name="group_name_key" value="quest_toc_bunyan_group"/>
				<property name="shareable" value="false" />
	
				<objective type="FetchKeep" id="drinkJarBoiledWater" value="50" phase="1" />
				<objective type="FetchKeep" id="resourcePaper" value="1" phase="1" />
				<objective type="Craft" id="questwrit_toc_bunyan_name" value="1" phase="2" />
				
				<reward type="Exp" value="1000" />
			</quest>
			
			<quest id="+Reward of Bunyan's FireAxe">
				<property name="name_key" value="questreward_toc_bunyan_name"/>
				<property name="subtitle_key" value="questreward_toc_bunyan_subtitle"/>
				<property name="description_key" value="questreward_toc_bunyan_description"/>
				<property name="icon" value="ui_game_symbol_map_trader" />
				<property name="repeatable" value="true" />
				<property name="category_key" value="quest" />
				<property name="difficulty" value="easy" />
				<property name="offer_key" value="questreward_toc_bunyan_offer"/>
				<property name="statement_key" value="questreward_toc_bunyan_statement"/>
				<property name="response_key" value="questrewarddialog_toc_bunyan"/>				
				<property name="group_name_key" value="quest_toc_taza_group"/>
				<property name="shareable" value="false" />
				<property name="completiontype" value="TurnIn" />
	
				<objective type="Goto" value="5" phase="1" />
				<objective type="ReturnToNPC">
					<property name="phase" value="2"/>
					<property name="nav_object" value="return_to_trader" />
				</objective>
				<objective type="InteractWithNPC">
					<property name="phase" value="3" />
					<property name="nav_object" value="return_to_trader" />										
				</objective>
				
				<reward type="Item" id="questitem_toc_citizencard_name" value="1" />	<!-- This makes the quest repeatable -->		
				<reward type="Item" id="item_toc_bunyanaxe_name" value="2-6" />	
				<reward type="Item" id="modMeleeWoodSplitterSchematic" value="1" />
				<reward type="Item" id="pouredConcreteBlock" value="5-20" />
				<reward type="Exp" value="2000" />
				<reward type="SkillPoints" value="1" />					
			</quest>

	</append>
</config>
