<Doughs>
<!--
  Set to 10800 = 2 hour [real time not game time]
  a19 default = 25200 = 7 hours [real time not game time]
-->

<!-- WIP: If we want to try to punish on dying or something, set a 'genetic marker' counting deaths/infections?
SEE buffx.xml "RandomRoll" docs for a literal reference to this!
<triggered_effect trigger="onSelfEnteredGame" action="ModifyCVar" cvar="$doughsGeneticInfectionMarker" operation="set" value="0"/>
<requirement name="CVarCompare" cvar="$foodAmountAdd" operation="LTE" value="@$doughsGeneticInfectionMarker"/>

# Maybe indulge in this?
<triggered_effect trigger="onSelfBuffUpdate" action="ModifyCVar" cvar="test2" operation="set" value="randomint(1,10)"/>

-->

<!-- Set vanilla global -->
<set xpath="/buffs/buff[@name='buffStatusCheck01']/effect_group/triggered_effect[@trigger='onSelfEnteredGame'][@cvar='$infectionMaxDuration'][@operation='set']/@value">10800</set>

<!-- Set vanilla default buff entry point -->
<set xpath="/buffs/buff[@name='buffInfectionMain']/effect_group/triggered_effect[@trigger='onSelfBuffStart'][@cvar='$infectionMaxDuration'][@operation='set']/@value">10800</set>

<!--
 Handle "making random of how long it takes to die
 15% chance of having 3 hours (10800 seconds) [real time]
 20% chance of having 2 hours (7200 seconds)
 25% chance of having 1.5 hours (5400 seconds)
 25% chance of having 1 hour (3600 seconds)
 10% chance of having 45 minutes (2700 seconds)
 5% chance of having 30 minutes (1800 seconds)
-->
<!-- Add randomness to vanilla default buff entry point
NOTE: RandomRoll might roll 1 time and the result be applied for all?
-->
  <append xpath="/buffs/buff[@name='buffInfectionMain']/effect_group[not(contains(@name, 'main loop')) and not(contains(@name, 'shut down')) and not(contains(@name, 'display % values')) and not(contains(@name, 'signaling buffs')) and not(contains(@name, 'getting hit makes it worse'))]">

    <triggered_effect trigger="onSelfBuffStart" action="ModifyCVar" cvar="$infectionMaxDuration" operation="set" value="7200"> <!-- 2 hours  -->
      <requirement name="CVarCompare" cvar="$infectionMaxDuration" operation="Equals" value="10800"/>
      <requirement name="RandomRoll" seed_type="Random" min_max="0,100" operation="LTE" value="85"/>
    </triggered_effect>

    <triggered_effect trigger="onSelfBuffStart" action="ModifyCVar" cvar="$infectionMaxDuration" operation="set" value="5400"> <!-- 1.5 hours  -->
      <requirement name="CVarCompare" cvar="$infectionMaxDuration" operation="Equals" value="7200"/>
      <requirement name="RandomRoll" seed_type="Random" min_max="0,100" operation="LTE" value="65"/>
    </triggered_effect>

    <!-- Add randomness to vanilla default buff entry point -->
    <triggered_effect trigger="onSelfBuffStart" action="ModifyCVar" cvar="$infectionMaxDuration" operation="set" value="3600"> <!-- 1 hour -->
      <requirement name="CVarCompare" cvar="$infectionMaxDuration" operation="Equals" value="5400"/>
      <requirement name="RandomRoll" seed_type="Random" min_max="0,100" operation="LTE" value="40"/>
    </triggered_effect>

    <!-- Add randomness to vanilla default buff entry point. Make this the "min" value (shortest to live) -->
    <triggered_effect trigger="onSelfBuffStart" action="ModifyCVar" cvar="$infectionMaxDuration" operation="set" value="2700"> <!-- 45 minutes -->
      <requirement name="CVarCompare" cvar="$infectionMaxDuration" operation="Equals" value="3600"/>
      <requirement name="RandomRoll" seed_type="Random" min_max="0,100" operation="LTE" value="15"/>
    </triggered_effect>

    <!-- Add randomness to vanilla default buff entry point. Make this the "min" value (shortest to live) -->
    <triggered_effect trigger="onSelfBuffStart" action="ModifyCVar" cvar="$infectionMaxDuration" operation="set" value="1800"> <!-- 30 minutes -->
      <requirement name="CVarCompare" cvar="$infectionMaxDuration" operation="Equals" value="2700"/>
      <requirement name="RandomRoll" seed_type="Random" min_max="0,100" operation="LTE" value="5"/>
    </triggered_effect>

    <!-- DEBUGGING -->
    <!--  <triggered_effect trigger="onSelfBuffStart" action="LogMessage" message="DOUGH DEBUG: Infection set to:"/>  -->
    <!--  <triggered_effect trigger="onSelfBuffStart" action="CVarLogValue" cvar="$infectionMaxDuration"/>  -->


    <!-- cleanup, as it seems to be set to the lowest it hit last time and does not reset -->
    <triggered_effect trigger="onSelfBuffRemove" action="ModifyCVar" cvar="$infectionMaxDuration" operation="set" value="10800"/>
  </append>
</Doughs>
