<config>
  <append xpath="/windows">
    <window name="windowToolsDwarvenForge" width="378" height="121" panel="Right" cursor_area="true" >
      <panel style="header.panel">
        <sprite style="header.icon" sprite="ui_game_symbol_wrench"/>
        <label style="header.name" text="TOOLS" text_key="xuiTools" />
      </panel>
  
      <rect name="content" depth="0" pos="0,-46" height="75" disablefallthrough="true">
        <grid name="inventory" rows="1" cols="5" pos="3,-3" cell_width="75" cell_height="75" controller="WorkstationToolGrid" repeat_content="true"
        required_tools="toolDwarvenBellows,toolDwarvenAnvil,toolDwarvenCrucible,toolDwarvenDieSet,toolDwarvenTools" required_tools_only="true">
          <required_item_stack name="0"/>
        </grid>
      </rect>
    </window>
    
    <window name="windowThreeForgeInput" width="228" height="229" panel="Right"
      controller="WorkstationMaterialInputWindow" materials_accepted="iron,brass,lead,glass,stone,steel" valid_materials_color="[green]" invalid_materials_color="[red]" cursor_area="true" >
      <panel style="header.panel" pos="0,2">
        <sprite style="header.icon" sprite="ui_game_symbol_forge"/>
        <label style="header.name" text="INPUT" text_key="xuiSmelting" />
      </panel>

      <sprite depth="3" name="backgroundMain" sprite="menu_empty3px" pos="0,-43" height="228" color="[black]" type="sliced" fillcenter="false" on_press="true" />
      <rect name="content" depth="1" pos="0,-121" height="153">
        <grid depth="7" rows="3" cols="1" pos="3,75" cell_width="75" cell_height="75" controller="WorkstationMaterialInputGrid" repeat_content="true">
          <item_stack name="0"/>
        </grid>
      </rect>

      <rect name="content2" depth="0" pos="78, -46" width="147" height="223">
        <sprite depth="1" color="[mediumGrey]" type="sliced" on_press="true"/>
        <grid rows="7" cols="1" pos="3,-3" cell_width="147" cell_height="37"  repeat_content="true">
          <forge_material name="0"/>
        </grid>
      </rect>
    </window>


    <window name="windowThreeForgeOutput" pos="0,-48" width="228" height="152" anchor="CenterTop" panel="Right" cursor_area="true" >
      <panel style="header.panel" pos="0,-38">
        <sprite style="header.icon" sprite="ui_game_symbol_loot_sack"/>
        <label style="header.name" text="OUTPUT" text_key="xuiOutput" />
      </panel>

      <rect name="content" depth="0" pos="0,-83" height="150" disablefallthrough="true" on_press="true">
        <sprite depth="2" name="backgroundMain" sprite="menu_empty3px" height="150" color="[black]" type="sliced" fillcenter="false" on_press="true" />
          <grid depth="10" name="inventory" rows="2" cols="3" pos="3,-3" cell_width="75" cell_height="75" controller="WorkstationOutputGrid" repeat_content="true">
            <item_stack name="0"/>
          </grid>
      </rect>
    </window>	
    
    <window name="windowDwarvenFuel" width="228" height="166" panel="Right" cursor_area="true">
    <!--#$-IGS END.-$#-->
      <panel style="header.panel">
        <sprite style="header.icon" sprite="ui_game_symbol_fire"/>
        <label style="header.name" text="FUEL" text_key="xuiFuel" />
        <label style="header.timer"/>
      </panel>
  
      <rect name="content" depth="0" pos="0,-46" height="79" >
        <rect disablefallthrough="true">
          <grid rows="1" cols="3" pos="3,-3" cell_width="75" cell_height="75" controller="WorkstationFuelGrid" repeat_content="true">
            <item_stack name="0"/>
          </grid>
        </rect>
        <grid name="slot_preview" depth="1" rows="1" cols="3" pos="3,-3" cell_width="75" cell_height="75" controller="SlotPreview">
          <rect>
            <sprite name="slot" depth="2" width="64" height="64" sprite="resourceCoal" atlas="ItemIconAtlasGreyscale" pos="35,-35" pivot="center" foregroundlayer="true"/>
          </rect>
          <rect>
            <sprite name="slot" depth="2" width="64" height="64" sprite="resourceCoal" atlas="ItemIconAtlasGreyscale" pos="35,-35" pivot="center" foregroundlayer="true"/>
          </rect>
          <rect>
            <sprite name="slot" depth="2" width="64" height="64" sprite="resourceCoal" atlas="ItemIconAtlasGreyscale" pos="35,-35" pivot="center" foregroundlayer="true"/>
          </rect>
        </grid>
      </rect>
  
      <panel name="buttonContent" depth="5" pos="0, -121" height="40" backgroundcolor="[black]" bordercolor="[black]">
        <sprite depth="5" name="backgroundMain" sprite="menu_empty3px" color="[black]" type="sliced" fillcenter="false" />
        <rect depth="1" pos="3,-3" width="225" height="34">
          <button name="button" sprite="menu_empty" defaultcolor="[mediumGrey]" disabledcolor="[mediumGrey]" hoversprite="ui_game_select_row" hovercolor="[white]" type="sliced" width="222"  hoverscale="1.0" />
          <sprite depth="2" name="flameIcon" style="icon32px" pos="5,0" sprite="ui_game_symbol_fire" />
          <label depth="2" name="onoff" pos="0,-6" justify="center" text="TURN ON" text_key="xuiTurnOn" font_size="26" />
        </rect>
      </panel>
    </window>

  </append>

</config>
